mtllib material.mtl
s 0
usemtl Material
v -0.023437999188899994 0.3867189884185791 -0.9492189884185791
v -0.03515600040555 0.3164060115814209 -0.859375
v -0.029296999797225 0.3164060115814209 -0.859375
v -0.025390999391674995 0.3164060115814209 -0.859375
v -0.019531000405550003 0.3164060115814209 -0.859375
v -0.015625 0.3164060115814209 -0.859375
v -0.00976600032299757 0.3164060115814209 -0.859375
v -0.005859000142663717 0.3164060115814209 -0.859375
v 0.0 0.3164060115814209 -0.859375
v -0.039062000811100006 0.3164060115814209 -0.8574219942092896
v 0.0039059999398887157 0.3164060115814209 -0.8574219942092896
v -0.04492200165987015 0.31835898756980896 -0.8554689884185791
v 0.00976600032299757 0.31835898756980896 -0.8554689884185791
v -0.025390999391674995 0.3007810115814209 -0.8535159826278687
v -0.019531000405550003 0.3007810115814209 -0.8535159826278687
v -0.013671999797224998 0.3007810115814209 -0.8535159826278687
v 0.021484000608325005 0.3242189884185791 -0.8535159826278687
v -0.03125 0.3007810115814209 -0.8515620231628418
v -0.00976600032299757 0.3007810115814209 -0.8515620231628418
v -0.056641001254320145 0.3242189884185791 -0.8515620231628418
v 0.029296999797225 0.328125 -0.8515620231628418
v -0.019531000405550003 0.29492199420928955 -0.8496090173721313
v -0.03515600040555 0.3007810115814209 -0.8496090173721313
v -0.0039059999398887157 0.3007810115814209 -0.8496090173721313
v -0.06445299834012985 0.33007800579071045 -0.8496090173721313
v 0.03320299834012985 0.33398398756980896 -0.8496090173721313
v -0.025390999391674995 0.29492199420928955 -0.8476560115814209
v -0.013671999797224998 0.29492199420928955 -0.8476560115814209
v 0.0019529999699443579 0.3007810115814209 -0.8476560115814209
v -0.041016001254320145 0.30273398756980896 -0.8476560115814209
v 0.0078119998797774315 0.30273398756980896 -0.8476560115814209
v -0.06835900247097015 0.3359380066394806 -0.8476560115814209
v -0.019531000405550003 0.2890619933605194 -0.8457030057907104
v -0.03125 0.29492199420928955 -0.8457030057907104
v -0.00976600032299757 0.29492199420928955 -0.8457030057907104
v -0.04882799834012985 0.3046880066394806 -0.8457030057907104
v 0.015625 0.3046880066394806 -0.8457030057907104
v 0.037108998745679855 0.34570300579071045 -0.8457030057907104
v -0.03515600040555 0.29492199420928955 -0.84375
v -0.0039059999398887157 0.29492199420928955 -0.84375
v 0.03125 0.31054699420928955 -0.84375
v -0.07226599752902985 0.3476560115814209 -0.84375
v 0.039062000811100006 0.3515619933605194 -0.84375
v -0.025390999391674995 0.2890619933605194 -0.8417969942092896
v -0.013671999797224998 0.2890619933605194 -0.8417969942092896
v 0.0019529999699443579 0.29492199420928955 -0.8417969942092896
v -0.041016001254320145 0.296875 -0.8417969942092896
v 0.00976600032299757 0.296875 -0.8417969942092896
v -0.06445299834012985 0.3125 -0.8417969942092896
v 0.041016001254320145 0.31835898756980896 -0.8417969942092896
v -0.07226599752902985 0.35351601243019104 -0.8417969942092896
v 0.039062000811100006 0.359375 -0.8417969942092896
v -0.03125 0.2890619933605194 -0.8398439884185791
v -0.00976600032299757 0.2890619933605194 -0.8398439884185791
v -0.04882799834012985 0.29882800579071045 -0.8398439884185791
v 0.017578000202775 0.29882800579071045 -0.8398439884185791
v -0.0742190033197403 0.3203119933605194 -0.8398439884185791
v -0.07226599752902985 0.36132800579071045 -0.8398439884185791
v 0.039062000811100006 0.3671880066394806 -0.8398439884185791
v -0.03515600040555 0.2890619933605194 -0.8378909826278687
v -0.0039059999398887157 0.2890619933605194 -0.8378909826278687
v 0.03320299834012985 0.30664101243019104 -0.8378909826278687
v 0.04492200165987015 0.32617199420928955 -0.8378909826278687
v -0.07226599752902985 0.36914101243019104 -0.8378909826278687
v 0.037108998745679855 0.375 -0.8378909826278687
v 0.0019529999699443579 0.2890619933605194 -0.8359379768371582
v -0.041016001254320145 0.29101601243019104 -0.8359379768371582
v 0.00976600032299757 0.29101601243019104 -0.8359379768371582
v -0.0664059966802597 0.3085939884185791 -0.8359379768371582
v 0.04492200165987015 0.31445300579071045 -0.8359379768371582
v -0.08007799834012985 0.328125 -0.8359379768371582
v -0.0703120008111 0.375 -0.8359379768371582
v 0.03320299834012985 0.38085898756980896 -0.8359379768371582
v -0.0664059966802597 0.3828119933605194 -0.8359379768371582
v -0.04882799834012985 0.29492199420928955 -0.8339840173721313
v 0.017578000202775 0.29492199420928955 -0.8339840173721313
v -0.078125 0.3164060115814209 -0.8339840173721313
v -0.0625 0.38867199420928955 -0.8339840173721313
v 0.029296999797225 0.38867199420928955 -0.8339840173721313
v -0.056641001254320145 0.3945310115814209 -0.8339840173721313
v 0.023437999188899994 0.3945310115814209 -0.8339840173721313
v -0.04882799834012985 0.40039101243019104 -0.8339840173721313
v 0.017578000202775 0.40039101243019104 -0.8339840173721313
v -0.04296899959445 0.40429699420928955 -0.8339840173721313
v 0.00976600032299757 0.40429699420928955 -0.8339840173721313
v -0.037108998745679855 0.40625 -0.8339840173721313
v 0.0039059999398887157 0.40625 -0.8339840173721313
v -0.03125 0.40820300579071045 -0.8339840173721313
v -0.025390999391674995 0.40820300579071045 -0.8339840173721313
v -0.019531000405550003 0.40820300579071045 -0.8339840173721313
v -0.015625 0.40820300579071045 -0.8339840173721313
v -0.00976600032299757 0.40820300579071045 -0.8339840173721313
v -0.0019529999699443579 0.40820300579071045 -0.8339840173721313
v 0.03515600040555 0.30273398756980896 -0.8320310115814209
v 0.046875 0.31054699420928955 -0.8320310115814209
v 0.04882799834012985 0.3398439884185791 -0.8320310115814209
v -0.06835900247097015 0.3046880066394806 -0.8300780057907104
v 0.04882799834012985 0.32226601243019104 -0.8300780057907104
v -0.0820309966802597 0.34179699420928955 -0.8300780057907104
v 0.05078100040555 0.3476560115814209 -0.8300780057907104
v -0.0820309966802597 0.3125 -0.828125
v -0.08398400247097015 0.3242189884185791 -0.828125
v -0.08398400247097015 0.34960898756980896 -0.8261719942092896
v 0.05078100040555 0.35742199420928955 -0.8261719942092896
v -0.021484000608325005 0.22851599752902985 -0.8242189884185791
v -0.08398400247097015 0.359375 -0.8242189884185791
v 0.05078100040555 0.3671880066394806 -0.8242189884185791
v -0.029296999797225 0.22851599752902985 -0.8222659826278687
v -0.011718999594449997 0.22851599752902985 -0.8222659826278687
v -0.0039059999398887157 0.234375 -0.8222659826278687
v 0.0019529999699443579 0.24023400247097015 -0.8222659826278687
v 0.06054700165987015 0.3125 -0.8222659826278687
v 0.04882799834012985 0.3359380066394806 -0.8222659826278687
v -0.0820309966802597 0.36914101243019104 -0.8222659826278687
v 0.04882799834012985 0.375 -0.8222659826278687
v -0.021484000608325005 0.21679699420928955 -0.8203120231628418
v -0.039062000811100006 0.234375 -0.8203120231628418
v -0.046875 0.24023400247097015 -0.8203120231628418
v 0.019531000405550003 0.24804699420928955 -0.8203120231628418
v 0.039062000811100006 0.2578119933605194 -0.8203120231628418
v -0.09375 0.31445300579071045 -0.8203120231628418
v -0.0820309966802597 0.33789101243019104 -0.8203120231628418
v -0.08007799834012985 0.37695300579071045 -0.8203120231628418
v 0.04492200165987015 0.38476601243019104 -0.8203120231628418
v -0.011718999594449997 0.21679699420928955 -0.8183590173721313
v -0.0664059966802597 0.2539060115814209 -0.8183590173721313
v 0.052733998745679855 0.265625 -0.8183590173721313
v 0.05078100040555 0.34570300579071045 -0.8183590173721313
v -0.07617200165987015 0.38476601243019104 -0.8183590173721313
v 0.039062000811100006 0.39257800579071045 -0.8183590173721313
v 0.13476599752902985 0.203125 -0.8164060115814209
v -0.03125 0.21679699420928955 -0.8164060115814209
v -0.0039059999398887157 0.21875 -0.8164060115814209
v 0.0019529999699443579 0.22460900247097015 -0.8164060115814209
v 0.00976600032299757 0.23242199420928955 -0.8164060115814209
v 0.027343999594449997 0.24023400247097015 -0.8164060115814209
v 0.04492200165987015 0.25 -0.8164060115814209
v -0.08398400247097015 0.26757800579071045 -0.8164060115814209
v 0.06445299834012985 0.27539101243019104 -0.8164060115814209
v 0.05078100040555 0.3554689884185791 -0.8164060115814209
v -0.0703120008111 0.3945310115814209 -0.8164060115814209
v -0.06445299834012985 0.40039101243019104 -0.8164060115814209
v 0.03320299834012985 0.40039101243019104 -0.8164060115814209
v 0.025390999391674995 0.40625 -0.8164060115814209
v -0.039062000811100006 0.21875 -0.8144530057907104
v -0.046875 0.22460900247097015 -0.8144530057907104
v -0.054687999188899994 0.23242199420928955 -0.8144530057907104
v -0.07617200165987015 0.24804699420928955 -0.8144530057907104
v 0.05859399959445 0.2578119933605194 -0.8144530057907104
v -0.09960900247097015 0.28125 -0.8144530057907104
v -0.0820309966802597 0.3476560115814209 -0.8144530057907104
v 0.05078100040555 0.36523398756980896 -0.8144530057907104
v -0.056641001254320145 0.40625 -0.8144530057907104
v -0.04882799834012985 0.41210898756980896 -0.8144530057907104
v 0.017578000202775 0.41210898756980896 -0.8144530057907104
v -0.041016001254320145 0.41601601243019104 -0.8144530057907104
v 0.00976600032299757 0.41601601243019104 -0.8144530057907104
v -0.03320299834012985 0.4179689884185791 -0.8144530057907104
v 0.0019529999699443579 0.4179689884185791 -0.8144530057907104
v -0.025390999391674995 0.41992199420928955 -0.8144530057907104
v -0.019531000405550003 0.41992199420928955 -0.8144530057907104
v -0.013671999797224998 0.41992199420928955 -0.8144530057907104
v -0.005859000142663717 0.41992199420928955 -0.8144530057907104
v -0.021484000608325005 0.2070309966802597 -0.8125
v -0.09179700165987015 0.2617189884185791 -0.8125
v 0.0703120008111 0.265625 -0.8125
v 0.0742190033197403 0.28320300579071045 -0.8125
v -0.0820309966802597 0.35742199420928955 -0.8125
v 0.05078100040555 0.375 -0.8125
v -0.03320299834012985 0.2070309966802597 -0.8105469942092896
v -0.011718999594449997 0.2070309966802597 -0.8105469942092896
v 0.019531000405550003 0.22460900247097015 -0.8105469942092896
v 0.03515600040555 0.23242199420928955 -0.8105469942092896
v 0.05078100040555 0.24023400247097015 -0.8105469942092896
v -0.10742200165987015 0.2734380066394806 -0.8105469942092896
v -0.0820309966802597 0.3671880066394806 -0.8105469942092896
v 0.0039059999398887157 0.20898400247097015 -0.8085939884185791
v 0.00976600032299757 0.2148440033197403 -0.8085939884185791
v -0.08789099752902985 0.2421880066394806 -0.8085939884185791
v 0.06445299834012985 0.2460940033197403 -0.8085939884185791
v 0.078125 0.328125 -0.8085939884185791
v -0.0820309966802597 0.37695300579071045 -0.8085939884185791
v -0.046875 0.20898400247097015 -0.8066409826278687
v -0.056641001254320145 0.2148440033197403 -0.8066409826278687
v -0.0664059966802597 0.22460900247097015 -0.8066409826278687
v -0.1015620008111 0.2539060115814209 -0.8066409826278687
v 0.078125 0.2539060115814209 -0.8066409826278687
v 0.08007799834012985 0.2734380066394806 -0.8066409826278687
v 0.04296899959445 0.38476601243019104 -0.8066409826278687
v -0.11523400247097015 0.265625 -0.8046879768371582
v -0.109375 0.33007800579071045 -0.8046879768371582
v -0.0742190033197403 0.3867189884185791 -0.8046879768371582
v 0.08398400247097015 0.3359380066394806 -0.8027340173721313
v 0.037108998745679855 0.39257800579071045 -0.8027340173721313
v 0.08789099752902985 0.29492199420928955 -0.8007810115814209
v -0.0664059966802597 0.3945310115814209 -0.8007810115814209
v 0.03125 0.40039101243019104 -0.8007810115814209
v 0.039062000811100006 0.2148440033197403 -0.7988280057907104
v 0.07617200165987015 0.2265619933605194 -0.7988280057907104
v 0.08789099752902985 0.25976601243019104 -0.7988280057907104
v -0.11914099752902985 0.29882800579071045 -0.7988280057907104
v -0.06054700165987015 0.4023439884185791 -0.7988280057907104
v 0.023437999188899994 0.40625 -0.7988280057907104
v 0.015625 0.41210898756980896 -0.7988280057907104
v 0.04882799834012985 0.21875 -0.796875
v 0.06054700165987015 0.2226559966802597 -0.796875
v 0.09570299834012985 0.2421880066394806 -0.796875
v -0.052733998745679855 0.40625 -0.796875
v -0.04492200165987015 0.41210898756980896 -0.796875
v -0.037108998745679855 0.4140619933605194 -0.796875
v 0.0078119998797774315 0.41601601243019104 -0.796875
v -0.03125 0.4179689884185791 -0.796875
v 0.0 0.4179689884185791 -0.796875
v -0.025390999391674995 0.41992199420928955 -0.796875
v -0.019531000405550003 0.41992199420928955 -0.796875
v -0.013671999797224998 0.41992199420928955 -0.796875
v -0.005859000142663717 0.41992199420928955 -0.796875
v 0.0898440033197403 0.3476560115814209 -0.7949219942092896
v -0.12695300579071045 0.29101601243019104 -0.7929689884185791
v -0.1757809966802597 0.1640619933605194 -0.7910159826278687
v -0.078125 0.19726599752902985 -0.7910159826278687
v 0.041016001254320145 0.20117199420928955 -0.7910159826278687
v -0.0859379991889 0.2109380066394806 -0.7910159826278687
v -0.109375 0.2304690033197403 -0.7910159826278687
v -0.11914099752902985 0.24023400247097015 -0.7910159826278687
v 0.0976559966802597 0.2851560115814209 -0.7910159826278687
v -0.1289059966802597 0.25195300579071045 -0.7890620231628418
v 0.10351599752902985 0.3125 -0.7890620231628418
v -0.125 0.34570300579071045 -0.7890620231628418
v 0.09570299834012985 0.359375 -0.7890620231628418
v -0.0703120008111 0.1914059966802597 -0.7871090173721313
v 0.039062000811100006 0.1914059966802597 -0.7871090173721313
v 0.0898440033197403 0.20898400247097015 -0.7871090173721313
v -0.17773400247097015 0.38867199420928955 -0.7871090173721313
v -0.023437999188899994 0.171875 -0.7851560115814209
v -0.13476599752902985 0.28320300579071045 -0.7851560115814209
v 0.0976559966802597 0.3671880066394806 -0.7851560115814209
v -0.13085900247097015 0.375 -0.7851560115814209
v -0.0078119998797774315 0.1757809966802597 -0.7832030057907104
v 0.11914099752902985 0.24414099752902985 -0.7832030057907104
v 0.10742200165987015 0.32226601243019104 -0.7832030057907104
v -0.1328119933605194 0.35742199420928955 -0.7832030057907104
v -0.039062000811100006 0.17773400247097015 -0.78125
v 0.06445299834012985 0.1992190033197403 -0.78125
v -0.12695300579071045 0.2226559966802597 -0.78125
v -0.1367190033197403 0.3164060115814209 -0.78125
v 0.0820309966802597 0.3789060115814209 -0.78125
v -0.1054690033197403 0.19726599752902985 -0.7792969942092896
v 0.078125 0.1992190033197403 -0.7792969942092896
v 0.09960900247097015 0.20117199420928955 -0.7792969942092896
v 0.11523400247097015 0.2695310115814209 -0.7792969942092896
v 0.11523400247097015 0.3046880066394806 -0.7792969942092896
v -0.1210940033197403 0.17773400247097015 -0.7773439884185791
v -0.1367190033197403 0.2304690033197403 -0.7773439884185791
v 0.11132799834012985 0.33789101243019104 -0.7773439884185791
v 0.054687999188899994 0.4101560115814209 -0.7773439884185791
v 0.04492200165987015 0.41601601243019104 -0.7773439884185791
v 0.03515600040555 0.421875 -0.7773439884185791
v 0.027343999594449997 0.42773398756980896 -0.7773439884185791
v -0.09960900247097015 0.18164099752902985 -0.7753909826278687
v -0.14257800579071045 0.2070309966802597 -0.7753909826278687
v -0.1445309966802597 0.3085939884185791 -0.7753909826278687
v 0.11914099752902985 0.3164060115814209 -0.7753909826278687
v 0.06445299834012985 0.40429699420928955 -0.7753909826278687
v -0.08789099752902985 0.41210898756980896 -0.7753909826278687
v -0.07617200165987015 0.4179689884185791 -0.7753909826278687
v 0.019531000405550003 0.43164101243019104 -0.7753909826278687
v 0.00976600032299757 0.4335939884185791 -0.7753909826278687
v 0.0703120008111 0.18554699420928955 -0.7734379768371582
v 0.09960900247097015 0.37695300579071045 -0.7734379768371582
v -0.11132799834012985 0.38867199420928955 -0.7734379768371582
v -0.0664059966802597 0.421875 -0.7734379768371582
v -0.056641001254320145 0.4257810115814209 -0.7734379768371582
v -0.046875 0.4296880066394806 -0.7734379768371582
v -0.039062000811100006 0.4335939884185791 -0.7734379768371582
v -0.03125 0.43554699420928955 -0.7734379768371582
v -0.023437999188899994 0.43554699420928955 -0.7734379768371582
v -0.015625 0.43554699420928955 -0.7734379768371582
v -0.011718999594449997 0.43554699420928955 -0.7734379768371582
v -0.005859000142663717 0.43554699420928955 -0.7734379768371582
v 0.0019529999699443579 0.43554699420928955 -0.7734379768371582
v 0.1171879991889 0.3515619933605194 -0.7714840173721313
v -0.09960900247097015 0.40820300579071045 -0.7714840173721313
v -0.11132799834012985 0.17382800579071045 -0.7695310115814209
v 0.08398400247097015 0.18554699420928955 -0.7695310115814209
v -0.14648400247097015 0.2695310115814209 -0.7695310115814209
v -0.15039099752902985 0.33007800579071045 -0.7695310115814209
v -0.15625 0.35351601243019104 -0.7695310115814209
v 0.1210940033197403 0.359375 -0.7695310115814209
v 0.056641001254320145 0.17773400247097015 -0.7675780057907104
v 0.1289059966802597 0.26757800579071045 -0.7675780057907104
v 0.13085900247097015 0.29492199420928955 -0.7675780057907104
v -0.1523440033197403 0.3007810115814209 -0.7675780057907104
v 0.12304700165987015 0.3320310115814209 -0.7675780057907104
v -0.09960900247097015 0.171875 -0.765625
v -0.0859379991889 0.1757809966802597 -0.765625
v 0.10742200165987015 0.2070309966802597 -0.765625
v -0.15625 0.33789101243019104 -0.765625
v 0.109375 0.3710939884185791 -0.765625
v -0.056641001254320145 0.49023398756980896 -0.765625
v 0.0742190033197403 0.17382800579071045 -0.7636719942092896
v 0.1289059966802597 0.2226559966802597 -0.7636719942092896
v -0.1445309966802597 0.2265619933605194 -0.7636719942092896
v 0.13476599752902985 0.30664101243019104 -0.7636719942092896
v -0.15820300579071045 0.32226601243019104 -0.7636719942092896
v 0.09179700165987015 0.3945310115814209 -0.7636719942092896
v -0.046875 0.44726601243019104 -0.7636719942092896
v 0.08398400247097015 0.1757809966802597 -0.7617189884185791
v 0.1289059966802597 0.34570300579071045 -0.7617189884185791
v -0.037108998745679855 0.4492189884185791 -0.7617189884185791
v 0.140625 0.2890619933605194 -0.7597659826278687
v 0.10742200165987015 0.38867199420928955 -0.7597659826278687
v -0.1445309966802597 0.39257800579071045 -0.7597659826278687
v -0.027343999594449997 0.4492189884185791 -0.7597659826278687
v 0.09570299834012985 0.1914059966802597 -0.7578120231628418
v 0.14257800579071045 0.35742199420928955 -0.7578120231628418
v 0.06835900247097015 0.42382800579071045 -0.7578120231628418
v 0.05859399959445 0.4296880066394806 -0.7578120231628418
v 0.046875 0.43554699420928955 -0.7578120231628418
v 0.039062000811100006 0.4414060115814209 -0.7578120231628418
v -0.017578000202775 0.4492189884185791 -0.7578120231628418
v -0.025390999391674995 0.1445309966802597 -0.7558590173721313
v -0.005859000142663717 0.1484380066394806 -0.7558590173721313
v 0.1445309966802597 0.3007810115814209 -0.7558590173721313
v -0.16601599752902985 0.31445300579071045 -0.7558590173721313
v 0.13867199420928955 0.32226601243019104 -0.7558590173721313
v -0.16210900247097015 0.33007800579071045 -0.7558590173721313
v -0.16210900247097015 0.34960898756980896 -0.7558590173721313
v 0.11914099752902985 0.36523398756980896 -0.7558590173721313
v 0.078125 0.4179689884185791 -0.7558590173721313
v 0.029296999797225 0.4453119933605194 -0.7558590173721313
v -0.00976600032299757 0.4492189884185791 -0.7558590173721313
v -0.04296899959445 0.1484380066394806 -0.7539060115814209
v -0.15625 0.2539060115814209 -0.7539060115814209
v -0.1640619933605194 0.28710898756980896 -0.7539060115814209
v 0.19335900247097015 0.3671880066394806 -0.7539060115814209
v 0.1171879991889 0.38085898756980896 -0.7539060115814209
v -0.0625 0.43945300579071045 -0.7539060115814209
v 0.019531000405550003 0.44726601243019104 -0.7539060115814209
v -0.0019529999699443579 0.4492189884185791 -0.7539060115814209
v 0.00976600032299757 0.4492189884185791 -0.7539060115814209
v 0.09570299834012985 0.1796880066394806 -0.7519530057907104
v -0.15820300579071045 0.22070300579071045 -0.7519530057907104
v -0.13476599752902985 0.40039101243019104 -0.7519530057907104
v -0.07226599752902985 0.4335939884185791 -0.7519530057907104
v -0.1132809966802597 0.16601599752902985 -0.75
v 0.1445309966802597 0.33789101243019104 -0.75
v -0.15625 0.3828119933605194 -0.75
v 0.09960900247097015 0.40625 -0.75
v -0.08398400247097015 0.42773398756980896 -0.75
v -0.0664059966802597 0.45507800579071045 -0.75
v -0.03125 0.4609380066394806 -0.75
v -0.1328119933605194 0.1640619933605194 -0.7480469942092896
v -0.09960900247097015 0.1640619933605194 -0.7480469942092896
v 0.08398400247097015 0.16601599752902985 -0.7480469942092896
v 0.13867199420928955 0.2617189884185791 -0.7480469942092896
v 0.15039099752902985 0.3164060115814209 -0.7480469942092896
v 0.11523400247097015 0.3984380066394806 -0.7480469942092896
v -0.09570299834012985 0.421875 -0.7480469942092896
v -0.025390999391674995 0.1328119933605194 -0.7460939884185791
v -0.0039059999398887157 0.1367190033197403 -0.7460939884185791
v -0.04296899959445 0.13867199420928955 -0.7460939884185791
v 0.06835900247097015 0.16601599752902985 -0.7460939884185791
v -0.15429699420928955 0.20898400247097015 -0.7460939884185791
v 0.1484380066394806 0.28320300579071045 -0.7460939884185791
v -0.1679690033197403 0.32226601243019104 -0.7460939884185791
v -0.16601599752902985 0.3632810115814209 -0.7460939884185791
v 0.12695300579071045 0.3710939884185791 -0.7460939884185791
v -0.125 0.4101560115814209 -0.7460939884185791
v -0.109375 0.41601601243019104 -0.7460939884185791
v 0.08398400247097015 0.42382800579071045 -0.7460939884185791
v 0.0742190033197403 0.4296880066394806 -0.7460939884185791
v 0.06445299834012985 0.43554699420928955 -0.7460939884185791
v 0.052733998745679855 0.4414060115814209 -0.7460939884185791
v 0.04296899959445 0.44726601243019104 -0.7460939884185791
v 0.03515600040555 0.45117199420928955 -0.7460939884185791
v -0.019531000405550003 0.4570310115814209 -0.7460939884185791
v -0.16601599752902985 0.34375 -0.7441409826278687
v -0.0742190033197403 0.4453119933605194 -0.7441409826278687
v 0.023437999188899994 0.453125 -0.7441409826278687
v 0.013671999797224998 0.45507800579071045 -0.7441409826278687
v -0.00976600032299757 0.4570310115814209 -0.7441409826278687
v 0.0019529999699443579 0.4570310115814209 -0.7441409826278687
v -0.1601559966802597 0.18554699420928955 -0.7421879768371582
v 0.1367190033197403 0.24023400247097015 -0.7421879768371582
v -0.1640619933605194 0.24414099752902985 -0.7421879768371582
v -0.17382800579071045 0.2734380066394806 -0.7421879768371582
v 0.1523440033197403 0.2929689884185791 -0.7421879768371582
v -0.1757809966802597 0.3007810115814209 -0.7421879768371582
v 0.125 0.38867199420928955 -0.7421879768371582
v 0.140625 0.22460900247097015 -0.7402340173721313
v 0.1601559966802597 0.33398398756980896 -0.7402340173721313
v 0.10351599752902985 0.41210898756980896 -0.7402340173721313
v -0.08398400247097015 0.43945300579071045 -0.7402340173721313
v -0.025390999391674995 0.12695300579071045 -0.7382810115814209
v -0.1679690033197403 0.37304699420928955 -0.7382810115814209
v -0.15039099752902985 0.39257800579071045 -0.7382810115814209
v 0.11914099752902985 0.40429699420928955 -0.7382810115814209
v -0.09570299834012985 0.4335939884185791 -0.7382810115814209
v -0.06445299834012985 0.46289101243019104 -0.7382810115814209
v -0.03320299834012985 0.46875 -0.7382810115814209
v -0.04296899959445 0.13085900247097015 -0.7363280057907104
v 0.09570299834012985 0.171875 -0.7363280057907104
v -0.1835940033197403 0.26367199420928955 -0.7363280057907104
v 0.1367190033197403 0.375 -0.7363280057907104
v -0.021484000608325005 0.46875 -0.7363280057907104
v -0.005859000142663717 0.1289059966802597 -0.734375
v -0.109375 0.42773398756980896 -0.734375
v 0.13476599752902985 0.2148440033197403 -0.7324219942092896
v -0.23242199420928955 0.265625 -0.7324219942092896
v 0.15429699420928955 0.3085939884185791 -0.7324219942092896
v -0.171875 0.33789101243019104 -0.7324219942092896
v -0.16992199420928955 0.359375 -0.7324219942092896
v 0.1289059966802597 0.3945310115814209 -0.7324219942092896
v -0.0742190033197403 0.45507800579071045 -0.7324219942092896
v -0.0078119998797774315 0.46679699420928955 -0.7324219942092896
v 0.1523440033197403 0.2617189884185791 -0.7304689884185791
v -0.17773400247097015 0.31054699420928955 -0.7304689884185791
v -0.125 0.421875 -0.7304689884185791
v 0.1601559966802597 0.27539101243019104 -0.7285159826278687
v -0.18554699420928955 0.2929689884185791 -0.7285159826278687
v 0.15429699420928955 0.375 -0.7285159826278687
v -0.08398400247097015 0.4492189884185791 -0.7285159826278687
v -0.052733998745679855 0.4726560115814209 -0.7285159826278687
v -0.14257800579071045 0.1757809966802597 -0.7265620231628418
v -0.18554699420928955 0.24804699420928955 -0.7265620231628418
v 0.1679690033197403 0.34375 -0.7265620231628418
v -0.17382800579071045 0.36914101243019104 -0.7265620231628418
v -0.13867199420928955 0.4179689884185791 -0.7265620231628418
v 0.005859000142663717 0.46679699420928955 -0.7265620231628418
v -0.1601559966802597 0.1914059966802597 -0.7246090173721313
v 0.16210900247097015 0.28320300579071045 -0.7246090173721313
v 0.140625 0.38085898756980896 -0.7246090173721313
v -0.1601559966802597 0.38476601243019104 -0.7246090173721313
v -0.09570299834012985 0.44335898756980896 -0.7246090173721313
v 0.07226599752902985 0.4453119933605194 -0.7246090173721313
v 0.06054700165987015 0.45117199420928955 -0.7246090173721313
v 0.052733998745679855 0.4570310115814209 -0.7246090173721313
v 0.04296899959445 0.4609380066394806 -0.7246090173721313
v 0.03125 0.46289101243019104 -0.7246090173721313
v -0.06445299834012985 0.4648439884185791 -0.7246090173721313
v 0.019531000405550003 0.4648439884185791 -0.7246090173721313
v 0.13085900247097015 0.19726599752902985 -0.7226560115814209
v 0.15429699420928955 0.24414099752902985 -0.7226560115814209
v 0.09179700165987015 0.4335939884185791 -0.7226560115814209
v 0.0820309966802597 0.43945300579071045 -0.7226560115814209
v 0.1640619933605194 0.3242189884185791 -0.7207030057907104
v -0.1757809966802597 0.35351601243019104 -0.7207030057907104
v -0.109375 0.4375 -0.7207030057907104
v -0.0742190033197403 0.45898398756980896 -0.7207030057907104
v -0.025390999391674995 0.1171879991889 -0.71875
v -0.1210940033197403 0.1523440033197403 -0.71875
v 0.13085900247097015 0.18554699420928955 -0.71875
v 0.15820300579071045 0.2304690033197403 -0.71875
v 0.109375 0.42382800579071045 -0.71875
v -0.17773400247097015 0.234375 -0.7167969942092896
v 0.1679690033197403 0.25195300579071045 -0.7167969942092896
v -0.18945300579071045 0.3046880066394806 -0.7167969942092896
v -0.18164099752902985 0.33007800579071045 -0.7167969942092896
v 0.171875 0.35742199420928955 -0.7167969942092896
v 0.12304700165987015 0.4179689884185791 -0.7167969942092896
v -0.08398400247097015 0.45507800579071045 -0.7167969942092896
v -0.2226559966802597 0.015625 -0.7148439884185791
v -0.21875 0.015625 -0.7148439884185791
v -0.21875 0.017578000202775 -0.7148439884185791
v -0.22070300579071045 0.019531000405550003 -0.7148439884185791
v -0.04296899959445 0.12304700165987015 -0.7148439884185791
v -0.19726599752902985 0.29101601243019104 -0.7148439884185791
v 0.1640619933605194 0.29882800579071045 -0.7148439884185791
v -0.1484380066394806 0.4101560115814209 -0.7148439884185791
v -0.125 0.43164101243019104 -0.7148439884185791
v -0.052733998745679855 0.4726560115814209 -0.7148439884185791
v -0.03320299834012985 0.4726560115814209 -0.7148439884185791
v -0.2226559966802597 0.019531000405550003 -0.7128909826278687
v -0.1132809966802597 0.14648400247097015 -0.7128909826278687
v 0.1757809966802597 0.2695310115814209 -0.7128909826278687
v -0.1796880066394806 0.36523398756980896 -0.7128909826278687
v -0.1679690033197403 0.3789060115814209 -0.7128909826278687
v -0.09570299834012985 0.4492189884185791 -0.7128909826278687
v -0.22070300579071045 0.015625 -0.7109379768371582
v -0.21875 0.015625 -0.7109379768371582
v -0.2226559966802597 0.017578000202775 -0.7109379768371582
v 0.15429699420928955 0.22070300579071045 -0.7109379768371582
v 0.1679690033197403 0.33398398756980896 -0.7109379768371582
v -0.13867199420928955 0.4296880066394806 -0.7109379768371582
v -0.06445299834012985 0.46875 -0.7109379768371582
v -0.0078119998797774315 0.1210940033197403 -0.7089840173721313
v 0.0898440033197403 0.14257800579071045 -0.7089840173721313
v -0.17382800579071045 0.22460900247097015 -0.7089840173721313
v 0.13085900247097015 0.40820300579071045 -0.7089840173721313
v -0.015625 0.4765619933605194 -0.7089840173721313
v -0.13476599752902985 0.1640619933605194 -0.7070310115814209
v 0.125 0.1796880066394806 -0.7070310115814209
v -0.109375 0.44335898756980896 -0.7070310115814209
v -0.0742190033197403 0.46289101243019104 -0.7070310115814209
v -0.0019529999699443579 0.47460898756980896 -0.7070310115814209
v -0.1210940033197403 0.13867199420928955 -0.7050780057907104
v 0.09960900247097015 0.1523440033197403 -0.7050780057907104
v -0.1367190033197403 0.15625 -0.7050780057907104
v 0.1679690033197403 0.27929699420928955 -0.7050780057907104
v -0.1953119933605194 0.30664101243019104 -0.7050780057907104
v 0.15039099752902985 0.3789060115814209 -0.7050780057907104
v 0.011718999594449997 0.4726560115814209 -0.7050780057907104
v -0.021484000608325005 0.4765619933605194 -0.7050780057907104
v -0.1015620008111 0.13867199420928955 -0.703125
v 0.34179699420928955 0.1875 -0.703125
v 0.34179699420928955 0.1914059966802597 -0.703125
v 0.171875 0.31445300579071045 -0.703125
v -0.18945300579071045 0.3242189884185791 -0.703125
v -0.18554699420928955 0.3476560115814209 -0.703125
v 0.08789099752902985 0.44726601243019104 -0.703125
v 0.078125 0.453125 -0.703125
v -0.08398400247097015 0.45898398756980896 -0.703125
v 0.06835900247097015 0.45898398756980896 -0.703125
v 0.05859399959445 0.46289101243019104 -0.703125
v 0.04882799834012985 0.46679699420928955 -0.703125
v 0.037108998745679855 0.46875 -0.703125
v 0.025390999391674995 0.47070300579071045 -0.703125
v -0.037108998745679855 0.47460898756980896 -0.703125
v 0.34375 0.18945300579071045 -0.7011719942092896
v -0.171875 0.203125 -0.7011719942092896
v 0.18945300579071045 0.21679699420928955 -0.7011719942092896
v 0.203125 0.2539060115814209 -0.7011719942092896
v 0.16601599752902985 0.3671880066394806 -0.7011719942092896
v -0.15820300579071045 0.4023439884185791 -0.7011719942092896
v -0.125 0.43945300579071045 -0.7011719942092896
v 0.0976559966802597 0.44335898756980896 -0.7011719942092896
v -0.052733998745679855 0.4726560115814209 -0.7011719942092896
v 0.078125 0.1367190033197403 -0.6992189884185791
v 0.34179699420928955 0.1875 -0.6992189884185791
v 0.34375 0.1875 -0.6992189884185791
v 0.34375 0.1914059966802597 -0.6992189884185791
v 0.171875 0.29101601243019104 -0.6992189884185791
v 0.16992199420928955 0.34179699420928955 -0.6992189884185791
v -0.17773400247097015 0.375 -0.6992189884185791
v -0.1484380066394806 0.421875 -0.6992189884185791
v 0.1132809966802597 0.43554699420928955 -0.6992189884185791
v -0.09570299834012985 0.45507800579071045 -0.6992189884185791
v -0.06445299834012985 0.47070300579071045 -0.6992189884185791
v -0.0898440033197403 0.12304700165987015 -0.6972659826278687
v 0.09960900247097015 0.13476599752902985 -0.6972659826278687
v -0.1679690033197403 0.18945300579071045 -0.6972659826278687
v 0.34375 0.18945300579071045 -0.6972659826278687
v 0.1523440033197403 0.20507800579071045 -0.6972659826278687
v -0.20117199420928955 0.25 -0.6972659826278687
v 0.18945300579071045 0.2851560115814209 -0.6972659826278687
v 0.140625 0.3984380066394806 -0.6972659826278687
v 0.125 0.4296880066394806 -0.6972659826278687
v -0.1367190033197403 0.4375 -0.6972659826278687
v -0.09960900247097015 0.1210940033197403 -0.6953120231628418
v 0.34375 0.18945300579071045 -0.6953120231628418
v -0.18945300579071045 0.359375 -0.6953120231628418
v -0.0742190033197403 0.46875 -0.6953120231628418
v -0.025390999391674995 0.47851601243019104 -0.6953120231628418
v -0.011718999594449997 0.4804689884185791 -0.6953120231628418
v -0.1132809966802597 0.11914099752902985 -0.6933590173721313
v 0.0664059966802597 0.12304700165987015 -0.6933590173721313
v 0.15429699420928955 0.19335900247097015 -0.6933590173721313
v -0.19726599752902985 0.3007810115814209 -0.6933590173721313
v -0.1953119933605194 0.3203119933605194 -0.6933590173721313
v -0.109375 0.45117199420928955 -0.6933590173721313
v -0.039062000811100006 0.4765619933605194 -0.6933590173721313
v 0.0019529999699443579 0.47851601243019104 -0.6933590173721313
v -0.1484380066394806 0.14257800579071045 -0.6914060115814209
v 0.17382800579071045 0.3203119933605194 -0.6914060115814209
v 0.17382800579071045 0.359375 -0.6914060115814209
v -0.08398400247097015 0.4648439884185791 -0.6914060115814209
v 0.07226599752902985 0.4648439884185791 -0.6914060115814209
v 0.0625 0.46875 -0.6914060115814209
v 0.052733998745679855 0.47070300579071045 -0.6914060115814209
v 0.041016001254320145 0.4726560115814209 -0.6914060115814209
v 0.029296999797225 0.47460898756980896 -0.6914060115814209
v -0.052733998745679855 0.4765619933605194 -0.6914060115814209
v 0.015625 0.4765619933605194 -0.6914060115814209
v 0.078125 0.11914099752902985 -0.6894530057907104
v 0.11914099752902985 0.15625 -0.6894530057907104
v 0.1171879991889 0.16210900247097015 -0.6894530057907104
v -0.20898400247097015 0.26757800579071045 -0.6894530057907104
v 0.18164099752902985 0.30664101243019104 -0.6894530057907104
v -0.19335900247097015 0.34179699420928955 -0.6894530057907104
v -0.1679690033197403 0.39648398756980896 -0.6894530057907104
v 0.1328119933605194 0.421875 -0.6894530057907104
v -0.12304700165987015 0.44726601243019104 -0.6894530057907104
v 0.1015620008111 0.4492189884185791 -0.6894530057907104
v 0.09179700165987015 0.453125 -0.6894530057907104
v 0.0820309966802597 0.45898398756980896 -0.6894530057907104
v -0.06445299834012985 0.47460898756980896 -0.6894530057907104
v 0.1640619933605194 0.37304699420928955 -0.6875
v -0.15820300579071045 0.4140619933605194 -0.6875
v -0.14648400247097015 0.4296880066394806 -0.6875
v 0.11523400247097015 0.4414060115814209 -0.6875
v -0.09570299834012985 0.4609380066394806 -0.6875
v -0.00976600032299757 0.48242199420928955 -0.6875
v -0.19335900247097015 0.24023400247097015 -0.6855469942092896
v 0.125 0.4375 -0.6855469942092896
v -0.1367190033197403 0.4453119933605194 -0.6855469942092896
v -0.0742190033197403 0.4726560115814209 -0.6855469942092896
v -0.027343999594449997 0.4804689884185791 -0.6855469942092896
v 0.14648400247097015 0.18945300579071045 -0.6835939884185791
v -0.203125 0.25585898756980896 -0.6835939884185791
v -0.203125 0.28125 -0.6835939884185791
v 0.15039099752902985 0.39257800579071045 -0.6835939884185791
v 0.0859379991889 0.46289101243019104 -0.6835939884185791
v 0.07617200165987015 0.46875 -0.6835939884185791
v 0.0664059966802597 0.4726560115814209 -0.6835939884185791
v -0.041016001254320145 0.4804689884185791 -0.6835939884185791
v 0.0039059999398887157 0.48242199420928955 -0.6835939884185791
v -0.025390999391674995 0.10351599752902985 -0.6816409826278687
v 0.1171879991889 0.44726601243019104 -0.6816409826278687
v 0.10351599752902985 0.453125 -0.6816409826278687
v -0.10742200165987015 0.4570310115814209 -0.6816409826278687
v 0.09375 0.4570310115814209 -0.6816409826278687
v -0.08398400247097015 0.46875 -0.6816409826278687
v 0.0898440033197403 0.47070300579071045 -0.6816409826278687
v 0.054687999188899994 0.47460898756980896 -0.6816409826278687
v 0.08007799834012985 0.47460898756980896 -0.6816409826278687
v 0.04296899959445 0.4765619933605194 -0.6816409826278687
v -0.052733998745679855 0.47851601243019104 -0.6816409826278687
v 0.03125 0.47851601243019104 -0.6816409826278687
v 0.017578000202775 0.4804689884185791 -0.6816409826278687
v -0.16210900247097015 0.17382800579071045 -0.6796879768371582
v 0.1992190033197403 0.2929689884185791 -0.6796879768371582
v -0.19726599752902985 0.31445300579071045 -0.6796879768371582
v 0.1757809966802597 0.32617199420928955 -0.6796879768371582
v -0.19726599752902985 0.3359380066394806 -0.6796879768371582
v 0.1757809966802597 0.34960898756980896 -0.6796879768371582
v -0.1953119933605194 0.35351601243019104 -0.6796879768371582
v 0.1289059966802597 0.44335898756980896 -0.6796879768371582
v 0.109375 0.46289101243019104 -0.6796879768371582
v 0.09960900247097015 0.46679699420928955 -0.6796879768371582
v -0.00976600032299757 0.48632800579071045 -0.6796879768371582
v -0.1640619933605194 0.16210900247097015 -0.6777340173721313
v 0.140625 0.41210898756980896 -0.6777340173721313
v 0.1328119933605194 0.4296880066394806 -0.6777340173721313
v -0.12304700165987015 0.453125 -0.6777340173721313
v 0.12304700165987015 0.4570310115814209 -0.6777340173721313
v -0.09570299834012985 0.46679699420928955 -0.6777340173721313
v -0.06445299834012985 0.47851601243019104 -0.6777340173721313
v 0.0703120008111 0.47851601243019104 -0.6777340173721313
v -0.027343999594449997 0.484375 -0.6777340173721313
v -0.078125 0.1132809966802597 -0.6757810115814209
v 0.052733998745679855 0.1132809966802597 -0.6757810115814209
v -0.18945300579071045 0.22851599752902985 -0.6757810115814209
v 0.171875 0.3671880066394806 -0.6757810115814209
v -0.17773400247097015 0.390625 -0.6757810115814209
v -0.1679690033197403 0.40820300579071045 -0.6757810115814209
v -0.1367190033197403 0.453125 -0.6757810115814209
v -0.0742190033197403 0.4765619933605194 -0.6757810115814209
v 0.005859000142663717 0.484375 -0.6757810115814209
v 0.09179700165987015 0.109375 -0.6738280057907104
v 0.125 0.13085900247097015 -0.6738280057907104
v 0.1914059966802597 0.19335900247097015 -0.6738280057907104
v -0.203125 0.29101601243019104 -0.6738280057907104
v -0.1914059966802597 0.3671880066394806 -0.6738280057907104
v -0.15625 0.421875 -0.6738280057907104
v -0.1445309966802597 0.4375 -0.6738280057907104
v 0.05859399959445 0.47851601243019104 -0.6738280057907104
v -0.041016001254320145 0.48242199420928955 -0.6738280057907104
v 0.019531000405550003 0.484375 -0.6738280057907104
v -0.08398400247097015 0.1054690033197403 -0.671875
v -0.20507800579071045 0.25976601243019104 -0.671875
v -0.2070309966802597 0.2734380066394806 -0.671875
v 0.1835940033197403 0.30664101243019104 -0.671875
v 0.13476599752902985 0.45117199420928955 -0.671875
v -0.10742200165987015 0.46289101243019104 -0.671875
v -0.08398400247097015 0.47460898756980896 -0.671875
v 0.04492200165987015 0.4804689884185791 -0.671875
v -0.052733998745679855 0.48242199420928955 -0.671875
v 0.03320299834012985 0.48242199420928955 -0.671875
v -0.00976600032299757 0.4882810115814209 -0.671875
v 0.1875 0.18554699420928955 -0.6699219942092896
v -0.1992190033197403 0.24414099752902985 -0.6699219942092896
v 0.13476599752902985 0.43554699420928955 -0.6699219942092896
v -0.12304700165987015 0.46289101243019104 -0.6699219942092896
v -0.06445299834012985 0.4804689884185791 -0.6699219942092896
v 0.13867199420928955 0.15429699420928955 -0.6679689884185791
v -0.1992190033197403 0.328125 -0.6679689884185791
v -0.20117199420928955 0.3476560115814209 -0.6679689884185791
v 0.16210900247097015 0.3828119933605194 -0.6679689884185791
v -0.09570299834012985 0.4726560115814209 -0.6679689884185791
v -0.027343999594449997 0.48632800579071045 -0.6679689884185791
v 0.0625 0.10351599752902985 -0.6660159826278687
v 0.1367190033197403 0.16601599752902985 -0.6660159826278687
v 0.1484380066394806 0.40429699420928955 -0.6660159826278687
v 0.13867199420928955 0.41992199420928955 -0.6660159826278687
v -0.1484380066394806 0.44726601243019104 -0.6660159826278687
v -0.1367190033197403 0.46289101243019104 -0.6660159826278687
v 0.1289059966802597 0.47070300579071045 -0.6660159826278687
v -0.0742190033197403 0.47851601243019104 -0.6660159826278687
v 0.06054700165987015 0.484375 -0.6660159826278687
v -0.041016001254320145 0.48632800579071045 -0.6660159826278687
v 0.0078119998797774315 0.48632800579071045 -0.6660159826278687
v -0.1875 0.20898400247097015 -0.6640620231628418
v 0.18554699420928955 0.36132800579071045 -0.6640620231628418
v -0.109375 0.47070300579071045 -0.6640620231628418
v 0.021484000608325005 0.48632800579071045 -0.6640620231628418
v 0.09375 0.49023398756980896 -0.6640620231628418
v 0.2148440033197403 0.2695310115814209 -0.6621090173721313
v -0.203125 0.30273398756980896 -0.6621090173721313
v -0.1757809966802597 0.40039101243019104 -0.6621090173721313
v -0.1640619933605194 0.41601601243019104 -0.6621090173721313
v -0.1523440033197403 0.4296880066394806 -0.6621090173721313
v 0.14257800579071045 0.44335898756980896 -0.6621090173721313
v -0.12304700165987015 0.47070300579071045 -0.6621090173721313
v -0.08398400247097015 0.4765619933605194 -0.6621090173721313
v 0.046875 0.48242199420928955 -0.6621090173721313
v -0.052733998745679855 0.484375 -0.6621090173721313
v 0.03515600040555 0.484375 -0.6621090173721313
v -0.00976600032299757 0.49023398756980896 -0.6621090173721313
v -0.025390999391674995 0.0898440033197403 -0.6601560115814209
v -0.19726599752902985 0.23242199420928955 -0.6601560115814209
v -0.21289099752902985 0.26367199420928955 -0.6601560115814209
v -0.20898400247097015 0.28125 -0.6601560115814209
v 0.18164099752902985 0.33398398756980896 -0.6601560115814209
v -0.06445299834012985 0.48242199420928955 -0.6601560115814209
v -0.09960900247097015 0.0976559966802597 -0.6582030057907104
v -0.005859000142663717 0.10351599752902985 -0.6582030057907104
v -0.04296899959445 0.1054690033197403 -0.6582030057907104
v -0.203125 0.24804699420928955 -0.6582030057907104
v 0.18164099752902985 0.3085939884185791 -0.6582030057907104
v -0.2070309966802597 0.359375 -0.6582030057907104
v -0.15039099752902985 0.45898398756980896 -0.6582030057907104
v -0.09570299834012985 0.4765619933605194 -0.6582030057907104
v -0.027343999594449997 0.4882810115814209 -0.6582030057907104
v 0.19726599752902985 0.0039059999398887157 -0.65625
v -0.203125 0.34179699420928955 -0.65625
v 0.13867199420928955 0.42773398756980896 -0.65625
v -0.109375 0.47851601243019104 -0.65625
v -0.0742190033197403 0.4804689884185791 -0.65625
v -0.041016001254320145 0.48632800579071045 -0.65625
v 0.00976600032299757 0.4882810115814209 -0.65625
v 0.1953119933605194 0.0019529999699443579 -0.6542969942092896
v 0.1992190033197403 0.0039059999398887157 -0.6542969942092896
v -0.16992199420928955 0.14257800579071045 -0.6542969942092896
v -0.1835940033197403 0.1953119933605194 -0.6542969942092896
v 0.16992199420928955 0.37695300579071045 -0.6542969942092896
v 0.14648400247097015 0.41210898756980896 -0.6542969942092896
v -0.15820300579071045 0.43945300579071045 -0.6542969942092896
v 0.023437999188899994 0.48632800579071045 -0.6542969942092896
v 0.05859399959445 0.49023398756980896 -0.6542969942092896
v 0.1992190033197403 -0.0 -0.6523439884185791
v 0.1953119933605194 0.0019529999699443579 -0.6523439884185791
v 0.20117199420928955 0.0039059999398887157 -0.6523439884185791
v -0.08398400247097015 0.47851601243019104 -0.6523439884185791
v 0.037108998745679855 0.484375 -0.6523439884185791
v 0.04882799834012985 0.484375 -0.6523439884185791
v -0.052733998745679855 0.48632800579071045 -0.6523439884185791
v -0.00976600032299757 0.49023398756980896 -0.6523439884185791
v 0.1953119933605194 0.0019529999699443579 -0.6503909826278687
v 0.1992190033197403 0.0039059999398887157 -0.6503909826278687
v -0.21679699420928955 0.2734380066394806 -0.6503909826278687
v 0.1953119933605194 0.2929689884185791 -0.6503909826278687
v -0.20507800579071045 0.3164060115814209 -0.6503909826278687
v -0.19335900247097015 0.3789060115814209 -0.6503909826278687
v 0.15820300579071045 0.3945310115814209 -0.6503909826278687
v -0.171875 0.4101560115814209 -0.6503909826278687
v -0.1601559966802597 0.42382800579071045 -0.6503909826278687
v 0.19726599752902985 0.0019529999699443579 -0.6484379768371582
v -0.17773400247097015 0.16210900247097015 -0.6484379768371582
v 0.1640619933605194 0.1875 -0.6484379768371582
v -0.2109380066394806 0.29492199420928955 -0.6484379768371582
v 0.1484380066394806 0.43554699420928955 -0.6484379768371582
v -0.09570299834012985 0.4804689884185791 -0.6484379768371582
v -0.06445299834012985 0.484375 -0.6484379768371582
v -0.1953119933605194 0.2148440033197403 -0.6464840173721313
v -0.203125 0.23632800579071045 -0.6464840173721313
v -0.1601559966802597 0.453125 -0.6464840173721313
v -0.025390999391674995 0.4882810115814209 -0.6464840173721313
v -0.2148440033197403 0.25195300579071045 -0.6445310115814209
v 0.1914059966802597 0.296875 -0.6445310115814209
v 0.14648400247097015 0.41992199420928955 -0.6445310115814209
v -0.0742190033197403 0.484375 -0.6445310115814209
v 0.011718999594449997 0.4882810115814209 -0.6445310115814209
v 0.18945300579071045 0.6074219942092896 -0.6445310115814209
v 0.15039099752902985 0.15820300579071045 -0.6425780057907104
v 0.15820300579071045 0.1757809966802597 -0.6425780057907104
v -0.16601599752902985 0.4335939884185791 -0.6425780057907104
v -0.039062000811100006 0.48632800579071045 -0.6425780057907104
v 0.025390999391674995 0.48632800579071045 -0.6425780057907104
v -0.078125 0.0976559966802597 -0.640625
v 0.1523440033197403 0.16992199420928955 -0.640625
v -0.17773400247097015 0.17382800579071045 -0.640625
v 0.1835940033197403 0.37695300579071045 -0.640625
v -0.08398400247097015 0.484375 -0.640625
v 0.039062000811100006 0.484375 -0.640625
v 0.05078100040555 0.484375 -0.640625
v -0.12695300579071045 0.4882810115814209 -0.640625
v -0.00976600032299757 0.4921880066394806 -0.640625
v 0.05859399959445 0.4921880066394806 -0.640625
v -0.1875 0.390625 -0.6386719942092896
v 0.15625 0.40429699420928955 -0.6386719942092896
v -0.1679690033197403 0.4179689884185791 -0.6386719942092896
v -0.05078100040555 0.48632800579071045 -0.6386719942092896
v -0.029296999797225 0.04492200165987015 -0.6367189884185791
v -0.04882799834012985 0.0898440033197403 -0.6367189884185791
v -0.0019529999699443579 0.0898440033197403 -0.6367189884185791
v 0.0742190033197403 0.09570299834012985 -0.6367189884185791
v 0.046875 0.0976559966802597 -0.6367189884185791
v -0.06835900247097015 0.10351599752902985 -0.6367189884185791
v 0.029296999797225 0.10351599752902985 -0.6367189884185791
v 0.1445309966802597 0.140625 -0.6367189884185791
v 0.1796880066394806 0.1953119933605194 -0.6367189884185791
v -0.1914059966802597 0.203125 -0.6367189884185791
v 0.20507800579071045 0.20507800579071045 -0.6367189884185791
v 0.20507800579071045 0.2773439884185791 -0.6367189884185791
v 0.18945300579071045 0.31835898756980896 -0.6367189884185791
v 0.1953119933605194 0.3398439884185791 -0.6367189884185791
v 0.2265619933605194 0.3710939884185791 -0.6367189884185791
v 0.1679690033197403 0.38867199420928955 -0.6367189884185791
v -0.09570299834012985 0.4882810115814209 -0.6367189884185791
v -0.22070300579071045 0.28710898756980896 -0.6347659826278687
v -0.20898400247097015 0.375 -0.6347659826278687
v -0.1601559966802597 0.46679699420928955 -0.6347659826278687
v -0.0625 0.484375 -0.6347659826278687
v 0.2148440033197403 0.2421880066394806 -0.6328120231628418
v -0.25195300579071045 0.2617189884185791 -0.6328120231628418
v -0.21289099752902985 0.33007800579071045 -0.6328120231628418
v -0.24414099752902985 0.3671880066394806 -0.6328120231628418
v -0.18164099752902985 0.4023439884185791 -0.6328120231628418
v -0.1679690033197403 0.44726601243019104 -0.6328120231628418
v 0.1523440033197403 0.4570310115814209 -0.6328120231628418
v -0.025390999391674995 0.4882810115814209 -0.6328120231628418
v 0.15039099752902985 0.15820300579071045 -0.6308590173721313
v 0.1601559966802597 0.1914059966802597 -0.6308590173721313
v -0.2148440033197403 0.24414099752902985 -0.6308590173721313
v 0.18945300579071045 0.30664101243019104 -0.6308590173721313
v 0.15625 0.42773398756980896 -0.6308590173721313
v -0.07226599752902985 0.48632800579071045 -0.6308590173721313
v 0.013671999797224998 0.4882810115814209 -0.6308590173721313
v -0.00976600032299757 0.49414101243019104 -0.6308590173721313
v 0.15039099752902985 0.171875 -0.6289060115814209
v -0.21289099752902985 0.3046880066394806 -0.6289060115814209
v -0.19726599752902985 0.38476601243019104 -0.6289060115814209
v 0.1640619933605194 0.3984380066394806 -0.6289060115814209
v 0.15625 0.41210898756980896 -0.6289060115814209
v -0.17382800579071045 0.42773398756980896 -0.6289060115814209
v 0.041016001254320145 0.484375 -0.6289060115814209
v -0.037108998745679855 0.48632800579071045 -0.6289060115814209
v 0.027343999594449997 0.48632800579071045 -0.6289060115814209
v 0.18945300579071045 0.28125 -0.6269530057907104
v 0.05078100040555 0.484375 -0.6269530057907104
v -0.0820309966802597 0.4882810115814209 -0.6269530057907104
v 0.05859399959445 0.4921880066394806 -0.6269530057907104
v -0.1210940033197403 0.1015620008111 -0.625
v -0.1835940033197403 0.1914059966802597 -0.625
v -0.20117199420928955 0.2265619933605194 -0.625
v 0.1835940033197403 0.37695300579071045 -0.625
v -0.17773400247097015 0.41210898756980896 -0.625
v 0.1679690033197403 0.38867199420928955 -0.6230469942092896
v -0.04882799834012985 0.48632800579071045 -0.6230469942092896
v -0.09375 0.4921880066394806 -0.6230469942092896
v 0.0820309966802597 0.5019530057907104 -0.6230469942092896
v -0.15429699420928955 0.125 -0.6210939884185791
v -0.21289099752902985 0.3398439884185791 -0.6210939884185791
v -0.1875 0.3945310115814209 -0.6210939884185791
v 0.15820300579071045 0.40429699420928955 -0.6210939884185791
v -0.023437999188899994 0.49023398756980896 -0.6210939884185791
v -0.0078119998797774315 0.5 -0.6210939884185791
v -0.16992199420928955 0.15039099752902985 -0.6191409826278687
v -0.20898400247097015 0.31835898756980896 -0.6191409826278687
v -0.2109380066394806 0.36914101243019104 -0.6191409826278687
v -0.05859399959445 0.484375 -0.6191409826278687
v 0.015625 0.49023398756980896 -0.6191409826278687
v -0.22070300579071045 0.28320300579071045 -0.6171879768371582
v 0.15039099752902985 0.41992199420928955 -0.6171879768371582
v -0.17382800579071045 0.43945300579071045 -0.6171879768371582
v 0.029296999797225 0.4882810115814209 -0.6171879768371582
v 0.0664059966802597 0.49804699420928955 -0.6171879768371582
v -0.0976559966802597 0.10351599752902985 -0.6152340173721313
v -0.0703120008111 0.48632800579071045 -0.6152340173721313
v 0.041016001254320145 0.48632800579071045 -0.6152340173721313
v -0.03515600040555 0.4882810115814209 -0.6152340173721313
v 0.05859399959445 0.4921880066394806 -0.6152340173721313
v -0.005859000142663717 0.1015620008111 -0.6132810115814209
v -0.04296899959445 0.10351599752902985 -0.6132810115814209
v 0.15625 0.18554699420928955 -0.6132810115814209
v 0.18554699420928955 0.21679699420928955 -0.6132810115814209
v -0.19726599752902985 0.2226559966802597 -0.6132810115814209
v 0.18554699420928955 0.33398398756980896 -0.6132810115814209
v -0.1992190033197403 0.375 -0.6132810115814209
v 0.1523440033197403 0.43554699420928955 -0.6132810115814209
v 0.05078100040555 0.48632800579071045 -0.6132810115814209
v -0.1640619933605194 0.16210900247097015 -0.6113280057907104
v -0.20507800579071045 0.24023400247097015 -0.6113280057907104
v -0.21289099752902985 0.34960898756980896 -0.6113280057907104
v 0.1601559966802597 0.39648398756980896 -0.6113280057907104
v -0.17773400247097015 0.40820300579071045 -0.6113280057907104
v -0.046875 0.4882810115814209 -0.6113280057907104
v -0.023437999188899994 0.4960939884185791 -0.6113280057907104
v -0.025390999391674995 0.0898440033197403 -0.609375
v 0.203125 0.25976601243019104 -0.609375
v 0.1875 0.2929689884185791 -0.609375
v 0.16992199420928955 0.37695300579071045 -0.609375
v 0.1523440033197403 0.4140619933605194 -0.609375
v -0.1757809966802597 0.41992199420928955 -0.609375
v 0.015625 0.4960939884185791 -0.609375
v 0.06835900247097015 0.4960939884185791 -0.609375
v 0.17382800579071045 0.21679699420928955 -0.6074219942092896
v 0.19726599752902985 0.2382809966802597 -0.6074219942092896
v -0.2109380066394806 0.29492199420928955 -0.6074219942092896
v -0.2070309966802597 0.3320310115814209 -0.6074219942092896
v -0.054687999188899994 0.48632800579071045 -0.6074219942092896
v 0.06054700165987015 0.49023398756980896 -0.6074219942092896
v -0.0820309966802597 0.4921880066394806 -0.6074219942092896
v 0.0625 0.10351599752902985 -0.6054689884185791
v -0.21679699420928955 0.26367199420928955 -0.6054689884185791
v 0.1875 0.36132800579071045 -0.6054689884185791
v 0.029296999797225 0.4921880066394806 -0.6054689884185791
v -0.03320299834012985 0.49414101243019104 -0.6054689884185791
v -0.09179700165987015 0.1132809966802597 -0.6035159826278687
v 0.1835940033197403 0.32617199420928955 -0.6035159826278687
v -0.2109380066394806 0.359375 -0.6035159826278687
v -0.18945300579071045 0.38476601243019104 -0.6035159826278687
v 0.14648400247097015 0.42773398756980896 -0.6035159826278687
v 0.054687999188899994 0.4882810115814209 -0.6035159826278687
v -0.0976559966802597 0.4960939884185791 -0.6035159826278687
v 0.13867199420928955 0.1484380066394806 -0.6015620231628418
v -0.20117199420928955 0.234375 -0.6015620231628418
v -0.16992199420928955 0.41601601243019104 -0.6015620231628418
v 0.1484380066394806 0.4414060115814209 -0.6015620231628418
v 0.09179700165987015 0.10351599752902985 -0.5996090173721313
v 0.125 0.125 -0.5996090173721313
v -0.1914059966802597 0.2148440033197403 -0.5996090173721313
v 0.17773400247097015 0.2265619933605194 -0.5996090173721313
v -0.2070309966802597 0.30664101243019104 -0.5996090173721313
v 0.18164099752902985 0.34375 -0.5996090173721313
v 0.15429699420928955 0.40625 -0.5996090173721313
v -0.171875 0.45117199420928955 -0.5996090173721313
v -0.0625 0.48632800579071045 -0.5996090173721313
v 0.04492200165987015 0.4882810115814209 -0.5996090173721313
v 0.1914059966802597 0.26367199420928955 -0.5976560115814209
v -0.21875 0.27148398756980896 -0.5976560115814209
v -0.2070309966802597 0.34179699420928955 -0.5976560115814209
v 0.1445309966802597 0.42382800579071045 -0.5976560115814209
v -0.04492200165987015 0.4921880066394806 -0.5976560115814209
v 0.054687999188899994 0.11132799834012985 -0.5957030057907104
v -0.171875 0.1796880066394806 -0.5957030057907104
v 0.1875 0.25585898756980896 -0.5957030057907104
v -0.1992190033197403 0.36523398756980896 -0.5957030057907104
v 0.1640619933605194 0.38476601243019104 -0.5957030057907104
v -0.17382800579071045 0.4257810115814209 -0.5957030057907104
v 0.1367190033197403 0.47070300579071045 -0.5957030057907104
v 0.0664059966802597 0.484375 -0.5957030057907104
v 0.0742190033197403 0.49023398756980896 -0.5957030057907104
v 0.015625 0.5019530057907104 -0.5957030057907104
v -0.11914099752902985 0.1132809966802597 -0.59375
v 0.13085900247097015 0.15820300579071045 -0.59375
v -0.1796880066394806 0.39648398756980896 -0.59375
v 0.14257800579071045 0.4335939884185791 -0.59375
v -0.023437999188899994 0.5019530057907104 -0.59375
v -0.2070309966802597 0.2578119933605194 -0.5917969942092896
v 0.1445309966802597 0.44726601243019104 -0.5917969942092896
v -0.06835900247097015 0.48242199420928955 -0.5917969942092896
v 0.05859399959445 0.48242199420928955 -0.5917969942092896
v -0.15429699420928955 0.15039099752902985 -0.5898439884185791
v -0.15039099752902985 0.15625 -0.5898439884185791
v -0.20507800579071045 0.3203119933605194 -0.5898439884185791
v 0.1796880066394806 0.3359380066394806 -0.5898439884185791
v 0.171875 0.36523398756980896 -0.5898439884185791
v 0.140625 0.4296880066394806 -0.5898439884185791
v -0.005859000142663717 0.5351560115814209 -0.5898439884185791
v -0.025390999391674995 0.09960900247097015 -0.5878909826278687
v -0.1953119933605194 0.2265619933605194 -0.5878909826278687
v -0.20507800579071045 0.35351601243019104 -0.5878909826278687
v 0.14648400247097015 0.41601601243019104 -0.5878909826278687
v -0.1679690033197403 0.41992199420928955 -0.5878909826278687
v 0.10351599752902985 0.4882810115814209 -0.5878909826278687
v -0.1054690033197403 0.4921880066394806 -0.5878909826278687
v -0.109375 0.11914099752902985 -0.5859379768371582
v 0.1679690033197403 0.2070309966802597 -0.5859379768371582
v -0.20898400247097015 0.28320300579071045 -0.5859379768371582
v -0.1914059966802597 0.375 -0.5859379768371582
v 0.140625 0.43945300579071045 -0.5859379768371582
v 0.04882799834012985 0.48242199420928955 -0.5859379768371582
v -0.046875 0.484375 -0.5859379768371582
v -0.13867199420928955 0.1289059966802597 -0.5839840173721313
v 0.17773400247097015 0.35351601243019104 -0.5839840173721313
v -0.171875 0.40820300579071045 -0.5839840173721313
v -0.16992199420928955 0.4335939884185791 -0.5839840173721313
v 0.13867199420928955 0.453125 -0.5839840173721313
v 0.078125 0.1132809966802597 -0.5820310115814209
v -0.203125 0.25585898756980896 -0.5820310115814209
v 0.1835940033197403 0.31445300579071045 -0.5820310115814209
v -0.2148440033197403 0.33007800579071045 -0.5820310115814209
v 0.15820300579071045 0.3945310115814209 -0.5820310115814209
v 0.13867199420928955 0.43554699420928955 -0.5820310115814209
v 0.07226599752902985 0.4765619933605194 -0.5820310115814209
v 0.0820309966802597 0.48242199420928955 -0.5820310115814209
v 0.0703120008111 0.11523400247097015 -0.5800780057907104
v -0.20898400247097015 0.26757800579071045 -0.5800780057907104
v 0.18554699420928955 0.2773439884185791 -0.5800780057907104
v -0.1992190033197403 0.35742199420928955 -0.5800780057907104
v 0.140625 0.4257810115814209 -0.5800780057907104
v -0.21875 0.5917969942092896 -0.5800780057907104
v 0.1367190033197403 0.17382800579071045 -0.578125
v 0.17773400247097015 0.2460940033197403 -0.578125
v -0.2070309966802597 0.2929689884185791 -0.578125
v -0.2070309966802597 0.34960898756980896 -0.578125
v 0.13476599752902985 0.4453119933605194 -0.578125
v 0.13085900247097015 0.45898398756980896 -0.578125
v 0.06445299834012985 0.47460898756980896 -0.578125
v -0.0742190033197403 0.4765619933605194 -0.578125
v 0.16992199420928955 0.2148440033197403 -0.5761719942092896
v 0.1679690033197403 0.37304699420928955 -0.5761719942092896
v -0.16601599752902985 0.41601601243019104 -0.5761719942092896
v -0.16601599752902985 0.4257810115814209 -0.5761719942092896
v 0.1367190033197403 0.43164101243019104 -0.5761719942092896
v 0.1328119933605194 0.4414060115814209 -0.5761719942092896
v -0.1601559966802597 0.171875 -0.5742189884185791
v -0.2148440033197403 0.3085939884185791 -0.5742189884185791
v 0.1757809966802597 0.34570300579071045 -0.5742189884185791
v -0.1835940033197403 0.3867189884185791 -0.5742189884185791
v 0.078125 0.12695300579071045 -0.5722659826278687
v -0.13867199420928955 0.13867199420928955 -0.5722659826278687
v 0.11914099752902985 0.1484380066394806 -0.5722659826278687
v -0.20507800579071045 0.26367199420928955 -0.5722659826278687
v -0.21289099752902985 0.27539101243019104 -0.5722659826278687
v 0.13085900247097015 0.4375 -0.5722659826278687
v 0.12695300579071045 0.4492189884185791 -0.5722659826278687
v 0.1210940033197403 0.46289101243019104 -0.5722659826278687
v 0.052733998745679855 0.4765619933605194 -0.5722659826278687
v -0.05078100040555 0.4804689884185791 -0.5722659826278687
v 0.09960900247097015 0.1289059966802597 -0.5703120231628418
v -0.1210940033197403 0.13085900247097015 -0.5703120231628418
v -0.14257800579071045 0.1484380066394806 -0.5703120231628418
v -0.18164099752902985 0.20117199420928955 -0.5703120231628418
v -0.1914059966802597 0.3671880066394806 -0.5703120231628418
v 0.125 0.4453119933605194 -0.5703120231628418
v 0.078125 0.46875 -0.5703120231628418
v 0.08789099752902985 0.47460898756980896 -0.5703120231628418
v -0.019531000405550003 0.49023398756980896 -0.5703120231628418
v 0.0019529999699443579 0.49023398756980896 -0.5703120231628418
v -0.11914099752902985 0.1328119933605194 -0.5683590173721313
v 0.1796880066394806 0.3242189884185791 -0.5683590173721313
v 0.15039099752902985 0.40429699420928955 -0.5683590173721313
v -0.1601559966802597 0.421875 -0.5683590173721313
v 0.12304700165987015 0.4414060115814209 -0.5683590173721313
v -0.15820300579071045 0.44335898756980896 -0.5683590173721313
v 0.1171879991889 0.44726601243019104 -0.5683590173721313
v 0.11914099752902985 0.453125 -0.5683590173721313
v -0.15039099752902985 0.46289101243019104 -0.5683590173721313
v 0.1132809966802597 0.4648439884185791 -0.5683590173721313
v -0.19726599752902985 0.24804699420928955 -0.5664060115814209
v 0.19335900247097015 0.26757800579071045 -0.5664060115814209
v -0.20117199420928955 0.3632810115814209 -0.5664060115814209
v 0.11132799834012985 0.45507800579071045 -0.5664060115814209
v -0.1171879991889 0.48242199420928955 -0.5664060115814209
v 0.171875 0.36523398756980896 -0.5644530057907104
v -0.1757809966802597 0.39648398756980896 -0.5644530057907104
v -0.15429699420928955 0.4335939884185791 -0.5644530057907104
v 0.1171879991889 0.4414060115814209 -0.5644530057907104
v 0.11132799834012985 0.4492189884185791 -0.5644530057907104
v 0.1054690033197403 0.46679699420928955 -0.5644530057907104
v 0.06835900247097015 0.46875 -0.5644530057907104
v -0.08007799834012985 0.47070300579071045 -0.5644530057907104
v -0.04296899959445 0.10742200165987015 -0.5625
v -0.005859000142663717 0.10742200165987015 -0.5625
v -0.20898400247097015 0.27148398756980896 -0.5625
v -0.22070300579071045 0.29492199420928955 -0.5625
v 0.1445309966802597 0.4140619933605194 -0.5625
v 0.12695300579071045 0.4335939884185791 -0.5625
v 0.1054690033197403 0.4570310115814209 -0.5625
v -0.019531000405550003 0.48242199420928955 -0.5625
v 0.0019529999699443579 0.48242199420928955 -0.5625
v -0.0742190033197403 0.1132809966802597 -0.5605469942092896
v 0.1054690033197403 0.14648400247097015 -0.5605469942092896
v 0.16210900247097015 0.38085898756980896 -0.5605469942092896
v 0.140625 0.421875 -0.5605469942092896
v -0.1484380066394806 0.42773398756980896 -0.5605469942092896
v 0.1328119933605194 0.42773398756980896 -0.5605469942092896
v 0.1132809966802597 0.4414060115814209 -0.5605469942092896
v 0.1054690033197403 0.4492189884185791 -0.5605469942092896
v 0.09375 0.46679699420928955 -0.5605469942092896
v 0.029296999797225 0.10742200165987015 -0.5585939884185791
v -0.1367190033197403 0.1484380066394806 -0.5585939884185791
v -0.18554699420928955 0.37695300579071045 -0.5585939884185791
v -0.1445309966802597 0.4492189884185791 -0.5585939884185791
v 0.0820309966802597 0.46289101243019104 -0.5585939884185791
v 0.056641001254320145 0.47070300579071045 -0.5585939884185791
v -0.054687999188899994 0.47460898756980896 -0.5585939884185791
v 0.09570299834012985 0.13476599752902985 -0.5566409826278687
v -0.13476599752902985 0.1445309966802597 -0.5566409826278687
v -0.1523440033197403 0.16210900247097015 -0.5566409826278687
v 0.125 0.16210900247097015 -0.5566409826278687
v -0.18164099752902985 0.20898400247097015 -0.5566409826278687
v -0.1992190033197403 0.2578119933605194 -0.5566409826278687
v -0.16992199420928955 0.40429699420928955 -0.5566409826278687
v 0.11523400247097015 0.15429699420928955 -0.5546879768371582
v 0.16992199420928955 0.23242199420928955 -0.5546879768371582
v 0.1835940033197403 0.29882800579071045 -0.5546879768371582
v 0.17382800579071045 0.33398398756980896 -0.5546879768371582
v 0.16992199420928955 0.359375 -0.5546879768371582
v -0.1953119933605194 0.375 -0.5546879768371582
v 0.125 0.4296880066394806 -0.5546879768371582
v -0.140625 0.4414060115814209 -0.5546879768371582
v 0.109375 0.4414060115814209 -0.5546879768371582
v 0.09570299834012985 0.45898398756980896 -0.5546879768371582
v -0.0859379991889 0.46679699420928955 -0.5546879768371582
v 0.18945300579071045 0.2617189884185791 -0.5527340173721313
v -0.21875 0.27929699420928955 -0.5527340173721313
v -0.22851599752902985 0.32226601243019104 -0.5527340173721313
v -0.13476599752902985 0.43554699420928955 -0.5527340173721313
v -0.13085900247097015 0.45507800579071045 -0.5527340173721313
v 0.07226599752902985 0.46289101243019104 -0.5527340173721313
v -0.019531000405550003 0.47851601243019104 -0.5527340173721313
v 0.0019529999699443579 0.47851601243019104 -0.5527340173721313
v -0.025390999391674995 0.10351599752902985 -0.5507810115814209
v -0.14257800579071045 0.15820300579071045 -0.5507810115814209
v 0.14648400247097015 0.1914059966802597 -0.5507810115814209
v -0.16210900247097015 0.4101560115814209 -0.5507810115814209
v -0.04492200165987015 0.10742200165987015 -0.5488280057907104
v -0.0039059999398887157 0.10742200165987015 -0.5488280057907104
v -0.0703120008111 0.1210940033197403 -0.5488280057907104
v -0.20507800579071045 0.265625 -0.5488280057907104
v 0.16601599752902985 0.375 -0.5488280057907104
v -0.1796880066394806 0.3867189884185791 -0.5488280057907104
v 0.12304700165987015 0.42773398756980896 -0.5488280057907104
v -0.12695300579071045 0.4492189884185791 -0.5488280057907104
v 0.0859379991889 0.45898398756980896 -0.5488280057907104
v -0.1171879991889 0.4609380066394806 -0.5488280057907104
v 0.025390999391674995 0.11523400247097015 -0.546875
v -0.21679699420928955 0.35742199420928955 -0.546875
v 0.09960900247097015 0.45117199420928955 -0.546875
v -0.0976559966802597 0.4609380066394806 -0.546875
v -0.16992199420928955 0.1914059966802597 -0.5449219942092896
v 0.1523440033197403 0.390625 -0.5449219942092896
v -0.1484380066394806 0.4179689884185791 -0.5449219942092896
v 0.13476599752902985 0.4179689884185791 -0.5449219942092896
v -0.12304700165987015 0.44335898756980896 -0.5449219942092896
v -0.11523400247097015 0.45507800579071045 -0.5449219942092896
v 0.05859399959445 0.4648439884185791 -0.5449219942092896
v -0.05859399959445 0.46875 -0.5449219942092896
v -0.025390999391674995 0.1054690033197403 -0.5429689884185791
v 0.1484380066394806 0.20117199420928955 -0.5429689884185791
v 0.18164099752902985 0.3085939884185791 -0.5429689884185791
v -0.18554699420928955 0.38476601243019104 -0.5429689884185791
v -0.17382800579071045 0.3945310115814209 -0.5429689884185791
v 0.1484380066394806 0.40039101243019104 -0.5410159826278687
v 0.14257800579071045 0.40820300579071045 -0.5410159826278687
v 0.1210940033197403 0.4257810115814209 -0.5410159826278687
v -0.11132799834012985 0.4492189884185791 -0.5410159826278687
v 0.07617200165987015 0.45898398756980896 -0.5410159826278687
v -0.019531000405550003 0.47460898756980896 -0.5410159826278687
v 0.0019529999699443579 0.47460898756980896 -0.5410159826278687
v -0.005859000142663717 0.1132809966802597 -0.5390620231628418
v -0.04296899959445 0.11523400247097015 -0.5390620231628418
v -0.21289099752902985 0.2734380066394806 -0.5390620231628418
v 0.16601599752902985 0.36914101243019104 -0.5390620231628418
v 0.10351599752902985 0.4414060115814209 -0.5390620231628418
v 0.0898440033197403 0.45507800579071045 -0.5390620231628418
v 0.1679690033197403 0.3476560115814209 -0.5371090173721313
v -0.16210900247097015 0.40039101243019104 -0.5371090173721313
v 0.13476599752902985 0.4140619933605194 -0.5371090173721313
v -0.13476599752902985 0.4257810115814209 -0.5371090173721313
v -0.025390999391674995 0.11132799834012985 -0.5351560115814209
v -0.18554699420928955 0.19335900247097015 -0.5351560115814209
v -0.18554699420928955 0.234375 -0.5351560115814209
v 0.19335900247097015 0.2929689884185791 -0.5351560115814209
v 0.17382800579071045 0.25 -0.5332030057907104
v 0.171875 0.3203119933605194 -0.5332030057907104
v 0.15820300579071045 0.38476601243019104 -0.5332030057907104
v -0.17382800579071045 0.390625 -0.5332030057907104
v 0.0625 0.4609380066394806 -0.5332030057907104
v -0.0625 0.4648439884185791 -0.5332030057907104
v -0.19335900247097015 0.25976601243019104 -0.53125
v 0.18164099752902985 0.3046880066394806 -0.53125
v 0.1445309966802597 0.4023439884185791 -0.53125
v -0.18945300579071045 0.2460940033197403 -0.5292969942092896
v 0.1523440033197403 0.3945310115814209 -0.5292969942092896
v -0.1484380066394806 0.40820300579071045 -0.5292969942092896
v 0.1328119933605194 0.4101560115814209 -0.5292969942092896
v -0.12304700165987015 0.4335939884185791 -0.5292969942092896
v 0.09375 0.4492189884185791 -0.5292969942092896
v 0.08007799834012985 0.45507800579071045 -0.5292969942092896
v -0.019531000405550003 0.47070300579071045 -0.5292969942092896
v 0.0019529999699443579 0.47070300579071045 -0.5292969942092896
v 0.22460900247097015 0.265625 -0.5273439884185791
v -0.16210900247097015 0.3945310115814209 -0.5273439884185791
v 0.1132809966802597 0.42773398756980896 -0.5273439884185791
v 0.1367190033197403 0.1835940033197403 -0.5253909826278687
v 0.14648400247097015 0.21875 -0.5253909826278687
v -0.2226559966802597 0.29101601243019104 -0.5253909826278687
v -0.1640619933605194 0.18164099752902985 -0.5234379768371582
v 0.16210900247097015 0.359375 -0.5234379768371582
v 0.15820300579071045 0.3789060115814209 -0.5234379768371582
v 0.140625 0.19335900247097015 -0.5214840173721313
v 0.1679690033197403 0.31445300579071045 -0.5214840173721313
v 0.14257800579071045 0.3984380066394806 -0.5214840173721313
v -0.13476599752902985 0.41601601243019104 -0.5214840173721313
v 0.06445299834012985 0.4570310115814209 -0.5214840173721313
v -0.06445299834012985 0.4609380066394806 -0.5214840173721313
v 0.04492200165987015 0.1289059966802597 -0.5195310115814209
v 0.16601599752902985 0.2578119933605194 -0.5195310115814209
v -0.203125 0.2695310115814209 -0.5195310115814209
v 0.17382800579071045 0.296875 -0.5195310115814209
v 0.16210900247097015 0.33398398756980896 -0.5195310115814209
v -0.18164099752902985 0.3828119933605194 -0.5195310115814209
v 0.1523440033197403 0.390625 -0.5195310115814209
v -0.1484380066394806 0.4023439884185791 -0.5195310115814209
v 0.09570299834012985 0.44335898756980896 -0.5195310115814209
v 0.0019529999699443579 0.46875 -0.5195310115814209
v 0.11523400247097015 0.17773400247097015 -0.5175780057907104
v -0.18554699420928955 0.22070300579071045 -0.5175780057907104
v -0.171875 0.38476601243019104 -0.5175780057907104
v 0.08398400247097015 0.4492189884185791 -0.5175780057907104
v -0.019531000405550003 0.46875 -0.5175780057907104
v 0.05859399959445 0.1289059966802597 -0.515625
v 0.125 0.4101560115814209 -0.515625
v -0.08398400247097015 0.13476599752902985 -0.5136719942092896
v -0.18164099752902985 0.265625 -0.5136719942092896
v -0.16210900247097015 0.38867199420928955 -0.5136719942092896
v -0.12304700165987015 0.42382800579071045 -0.5136719942092896
v 0.06835900247097015 0.1328119933605194 -0.5117189884185791
v -0.20117199420928955 0.37304699420928955 -0.5117189884185791
v -0.0976559966802597 0.13476599752902985 -0.5097659826278687
v -0.14257800579071045 0.1835940033197403 -0.5097659826278687
v 0.1289059966802597 0.1914059966802597 -0.5097659826278687
v -0.17382800579071045 0.2421880066394806 -0.5097659826278687
v 0.15429699420928955 0.3710939884185791 -0.5097659826278687
v -0.13476599752902985 0.4101560115814209 -0.5097659826278687
v 0.109375 0.43164101243019104 -0.5097659826278687
v 0.0859379991889 0.4453119933605194 -0.5097659826278687
v 0.0019529999699443579 0.46679699420928955 -0.5097659826278687
v 0.11914099752902985 0.1796880066394806 -0.5078120231628418
v 0.17382800579071045 0.2734380066394806 -0.5078120231628418
v 0.1640619933605194 0.30664101243019104 -0.5078120231628418
v 0.15820300579071045 0.32617199420928955 -0.5078120231628418
v -0.16992199420928955 0.37695300579071045 -0.5078120231628418
v 0.13476599752902985 0.39648398756980896 -0.5078120231628418
v 0.06835900247097015 0.45117199420928955 -0.5078120231628418
v -0.0625 0.453125 -0.5078120231628418
v -0.019531000405550003 0.4648439884185791 -0.5078120231628418
v 0.015625 0.12695300579071045 -0.5058590173721313
v 0.15429699420928955 0.34570300579071045 -0.5058590173721313
v -0.1796880066394806 0.37695300579071045 -0.5058590173721313
v 0.1484380066394806 0.38476601243019104 -0.5058590173721313
v -0.15039099752902985 0.39648398756980896 -0.5058590173721313
v -0.05859399959445 0.13085900247097015 -0.5039060115814209
v 0.06835900247097015 0.14257800579071045 -0.5039060115814209
v 0.13867199420928955 0.2109380066394806 -0.5039060115814209
v 0.14648400247097015 0.23632800579071045 -0.5039060115814209
v -0.1914059966802597 0.2734380066394806 -0.5039060115814209
v 0.16210900247097015 0.28710898756980896 -0.5039060115814209
v -0.1601559966802597 0.38085898756980896 -0.5039060115814209
v -0.0976559966802597 0.1445309966802597 -0.5019530057907104
v -0.14648400247097015 0.1875 -0.5019530057907104
v -0.12304700165987015 0.4179689884185791 -0.5019530057907104
v 0.15429699420928955 0.2695310115814209 -0.5
v 0.1210940033197403 0.41601601243019104 -0.5
v 0.0019529999699443579 0.46289101243019104 -0.5
v -0.005859000142663717 0.12304700165987015 -0.49804699420928955
v -0.037108998745679855 0.125 -0.49804699420928955
v 0.07617200165987015 0.15625 -0.49804699420928955
v -0.2148440033197403 0.1796880066394806 -0.49804699420928955
v -0.16601599752902985 0.36523398756980896 -0.49804699420928955
v -0.10742200165987015 0.4414060115814209 -0.49804699420928955
v -0.019531000405550003 0.4609380066394806 -0.49804699420928955
v -0.15429699420928955 0.2070309966802597 -0.4960939884185791
v -0.17382800579071045 0.25585898756980896 -0.4960939884185791
v -0.14648400247097015 0.38867199420928955 -0.4960939884185791
v -0.1367190033197403 0.40429699420928955 -0.4960939884185791
v -0.021484000608325005 0.1210940033197403 -0.49414101243019104
v -0.1054690033197403 0.1601559966802597 -0.49414101243019104
v -0.1640619933605194 0.203125 -0.49414101243019104
v 0.12304700165987015 0.2070309966802597 -0.49414101243019104
v 0.14257800579071045 0.24804699420928955 -0.49414101243019104
v -0.17773400247097015 0.2734380066394806 -0.49414101243019104
v -0.1992190033197403 0.29101601243019104 -0.49414101243019104
v 0.1523440033197403 0.296875 -0.49414101243019104
v 0.15429699420928955 0.33789101243019104 -0.49414101243019104
v -0.15625 0.3710939884185791 -0.49414101243019104
v -0.1835940033197403 0.27929699420928955 -0.4921880066394806
v 0.15820300579071045 0.31835898756980896 -0.4921880066394806
v 0.1445309966802597 0.359375 -0.4921880066394806
v -0.17773400247097015 0.3632810115814209 -0.4921880066394806
v 0.07226599752902985 0.4453119933605194 -0.4921880066394806
v -0.16210900247097015 0.22851599752902985 -0.49023398756980896
v 0.1054690033197403 0.4453119933605194 -0.49023398756980896
v -0.05859399959445 0.44726601243019104 -0.49023398756980896
v -0.019531000405550003 0.45507800579071045 -0.49023398756980896
v 0.0019529999699443579 0.4570310115814209 -0.49023398756980896
v -0.2109380066394806 0.3046880066394806 -0.4882810115814209
v -0.16210900247097015 0.35351601243019104 -0.4882810115814209
v 0.13867199420928955 0.3789060115814209 -0.4882810115814209
v 0.1289059966802597 0.40039101243019104 -0.4882810115814209
v -0.125 0.41210898756980896 -0.4882810115814209
v 0.11523400247097015 0.43945300579071045 -0.4882810115814209
v 0.0859379991889 0.1640619933605194 -0.48632800579071045
v -0.1484380066394806 0.22070300579071045 -0.48632800579071045
v 0.1484380066394806 0.2773439884185791 -0.48632800579071045
v -0.140625 0.38085898756980896 -0.48632800579071045
v -0.1328119933605194 0.3984380066394806 -0.48632800579071045
v 0.0976559966802597 0.44726601243019104 -0.48632800579071045
v -0.11523400247097015 0.1679690033197403 -0.484375
v 0.09570299834012985 0.171875 -0.484375
v 0.1367190033197403 0.22851599752902985 -0.484375
v -0.16992199420928955 0.265625 -0.484375
v -0.1679690033197403 0.28710898756980896 -0.484375
v -0.15039099752902985 0.36132800579071045 -0.484375
v -0.125 0.17773400247097015 -0.48242199420928955
v -0.1757809966802597 0.29101601243019104 -0.48242199420928955
v -0.19726599752902985 0.34179699420928955 -0.48242199420928955
v 0.12304700165987015 0.4296880066394806 -0.48242199420928955
v 0.1367190033197403 0.2617189884185791 -0.4804689884185791
v 0.15039099752902985 0.31054699420928955 -0.4804689884185791
v 0.1523440033197403 0.33007800579071045 -0.4804689884185791
v -0.171875 0.34570300579071045 -0.4804689884185791
v -0.078125 0.4375 -0.4804689884185791
v -0.15820300579071045 0.34179699420928955 -0.47851601243019104
v 0.140625 0.35351601243019104 -0.47851601243019104
v -0.052733998745679855 0.43945300579071045 -0.47851601243019104
v 0.06054700165987015 0.4414060115814209 -0.47851601243019104
v -0.017578000202775 0.4453119933605194 -0.47851601243019104
v -0.16210900247097015 0.24414099752902985 -0.4765619933605194
v -0.1835940033197403 0.3164060115814209 -0.4765619933605194
v -0.12695300579071045 0.39257800579071045 -0.4765619933605194
v -0.125 0.40820300579071045 -0.4765619933605194
v 0.08789099752902985 0.44726601243019104 -0.4765619933605194
v 0.0019529999699443579 0.4492189884185791 -0.4765619933605194
v 0.0898440033197403 0.1835940033197403 -0.47460898756980896
v 0.12304700165987015 0.2226559966802597 -0.47460898756980896
v 0.1328119933605194 0.24023400247097015 -0.47460898756980896
v -0.1601559966802597 0.27929699420928955 -0.47460898756980896
v 0.1445309966802597 0.28710898756980896 -0.47460898756980896
v -0.15820300579071045 0.3046880066394806 -0.47460898756980896
v -0.16992199420928955 0.3085939884185791 -0.47460898756980896
v -0.13476599752902985 0.37304699420928955 -0.47460898756980896
v 0.1328119933605194 0.375 -0.47460898756980896
v 0.12695300579071045 0.39648398756980896 -0.47460898756980896
v 0.12695300579071045 0.41992199420928955 -0.47460898756980896
v -0.1171879991889 0.18945300579071045 -0.4726560115814209
v -0.14257800579071045 0.35351601243019104 -0.4726560115814209
v 0.029296999797225 0.1367190033197403 -0.47070300579071045
v 0.1171879991889 0.453125 -0.47070300579071045
v -0.1484380066394806 0.234375 -0.46875
v 0.12304700165987015 0.23632800579071045 -0.46875
v 0.1445309966802597 0.32226601243019104 -0.46875
v -0.07226599752902985 0.43164101243019104 -0.46875
v 0.12304700165987015 0.4492189884185791 -0.46875
v 0.109375 0.45507800579071045 -0.46875
v -0.15820300579071045 0.25585898756980896 -0.46679699420928955
v -0.16210900247097015 0.32617199420928955 -0.46679699420928955
v -0.1484380066394806 0.33789101243019104 -0.46679699420928955
v -0.046875 0.4296880066394806 -0.46679699420928955
v 0.078125 0.4453119933605194 -0.46679699420928955
v 0.13476599752902985 0.29882800579071045 -0.4648439884185791
v 0.1367190033197403 0.3476560115814209 -0.4648439884185791
v -0.1210940033197403 0.38476601243019104 -0.4648439884185791
v 0.1210940033197403 0.3945310115814209 -0.4648439884185791
v -0.1132809966802597 0.40039101243019104 -0.4648439884185791
v 0.12695300579071045 0.41601601243019104 -0.4648439884185791
v -0.017578000202775 0.43554699420928955 -0.4648439884185791
v 0.1289059966802597 0.44335898756980896 -0.4648439884185791
v 0.09179700165987015 0.1953119933605194 -0.46289101243019104
v -0.14648400247097015 0.24804699420928955 -0.46289101243019104
v 0.12695300579071045 0.2539060115814209 -0.46289101243019104
v 0.13085900247097015 0.2734380066394806 -0.46289101243019104
v -0.15039099752902985 0.296875 -0.46289101243019104
v -0.1523440033197403 0.3203119933605194 -0.46289101243019104
v 0.125 0.3710939884185791 -0.46289101243019104
v 0.0019529999699443579 0.43945300579071045 -0.46289101243019104
v 0.1015620008111 0.453125 -0.46289101243019104
v -0.11914099752902985 0.203125 -0.4609380066394806
v -0.12695300579071045 0.36523398756980896 -0.4609380066394806
v 0.054687999188899994 0.43164101243019104 -0.4609380066394806
v 0.11523400247097015 0.24804699420928955 -0.45898398756980896
v -0.15039099752902985 0.2695310115814209 -0.45898398756980896
v 0.13085900247097015 0.4375 -0.45898398756980896
v 0.0 0.13867199420928955 -0.4570310115814209
v -0.05859399959445 0.14257800579071045 -0.4570310115814209
v -0.13476599752902985 0.3476560115814209 -0.4570310115814209
v -0.09960900247097015 0.39257800579071045 -0.4570310115814209
v -0.0820309966802597 0.41210898756980896 -0.4570310115814209
v 0.1210940033197403 0.4140619933605194 -0.4570310115814209
v -0.06054700165987015 0.4179689884185791 -0.4570310115814209
v -0.019531000405550003 0.13085900247097015 -0.45507800579071045
v -0.037108998745679855 0.140625 -0.45507800579071045
v 0.0976559966802597 0.203125 -0.45507800579071045
v -0.1367190033197403 0.25976601243019104 -0.45507800579071045
v -0.1015620008111 0.40820300579071045 -0.45507800579071045
v -0.037108998745679855 0.4257810115814209 -0.45507800579071045
v 0.07617200165987015 0.43554699420928955 -0.45507800579071045
v 0.09375 0.45117199420928955 -0.45507800579071045
v -0.0039059999398887157 0.1328119933605194 -0.453125
v -0.03320299834012985 0.13476599752902985 -0.453125
v 0.06054700165987015 0.16601599752902985 -0.453125
v -0.09179700165987015 0.16992199420928955 -0.453125
v 0.12695300579071045 0.31054699420928955 -0.453125
v -0.1132809966802597 0.375 -0.453125
v -0.34179699420928955 0.38085898756980896 -0.453125
v 0.109375 0.390625 -0.453125
v 0.1289059966802597 0.43554699420928955 -0.453125
v 0.1210940033197403 0.4609380066394806 -0.453125
v 0.12695300579071045 0.46289101243019104 -0.453125
v 0.011718999594449997 0.1367190033197403 -0.45117199420928955
v -0.125 0.2109380066394806 -0.45117199420928955
v -0.14257800579071045 0.3125 -0.45117199420928955
v -0.14257800579071045 0.3320310115814209 -0.45117199420928955
v 0.11523400247097015 0.36914101243019104 -0.45117199420928955
v -0.017578000202775 0.42773398756980896 -0.45117199420928955
v 0.13085900247097015 0.45898398756980896 -0.45117199420928955
v -0.046875 0.13867199420928955 -0.4492189884185791
v 0.125 0.27929699420928955 -0.4492189884185791
v 0.0019529999699443579 0.4296880066394806 -0.4492189884185791
v 0.13476599752902985 0.4570310115814209 -0.4492189884185791
v 0.1132809966802597 0.4609380066394806 -0.4492189884185791
v 0.09179700165987015 0.21289099752902985 -0.44726601243019104
v 0.11914099752902985 0.26757800579071045 -0.44726601243019104
v -0.13867199420928955 0.28710898756980896 -0.44726601243019104
v -0.0898440033197403 0.40039101243019104 -0.44726601243019104
v -0.0703120008111 0.40429699420928955 -0.44726601243019104
v 0.11132799834012985 0.41210898756980896 -0.44726601243019104
v 0.08007799834012985 0.41601601243019104 -0.44726601243019104
v 0.125 0.4335939884185791 -0.44726601243019104
v 0.09179700165987015 0.44335898756980896 -0.44726601243019104
v -0.019531000405550003 0.10742200165987015 -0.4453119933605194
v 0.023437999188899994 0.14648400247097015 -0.4453119933605194
v 0.029296999797225 0.15429699420928955 -0.4453119933605194
v -0.11914099752902985 0.22070300579071045 -0.4453119933605194
v 0.1171879991889 0.34960898756980896 -0.4453119933605194
v -0.11914099752902985 0.35742199420928955 -0.4453119933605194
v -0.05078100040555 0.40820300579071045 -0.4453119933605194
v 0.056641001254320145 0.4140619933605194 -0.4453119933605194
v 0.1367190033197403 0.453125 -0.4453119933605194
v 0.10742200165987015 0.4570310115814209 -0.4453119933605194
v -0.125 0.4609380066394806 -0.4453119933605194
v 0.0039059999398887157 0.109375 -0.44335898756980896
v -0.041016001254320145 0.11132799834012985 -0.44335898756980896
v -0.05859399959445 0.1484380066394806 -0.44335898756980896
v -0.0625 0.15625 -0.44335898756980896
v 0.0820309966802597 0.22460900247097015 -0.4414060115814209
v 0.10742200165987015 0.2617189884185791 -0.4414060115814209
v -0.1328119933605194 0.3242189884185791 -0.4414060115814209
v -0.1289059966802597 0.34179699420928955 -0.4414060115814209
v -0.08007799834012985 0.38085898756980896 -0.4414060115814209
v -0.037108998745679855 0.41601601243019104 -0.4414060115814209
v 0.09375 0.42773398756980896 -0.4414060115814209
v 0.13476599752902985 0.45117199420928955 -0.4414060115814209
v 0.1289059966802597 0.46875 -0.4414060115814209
v 0.1328119933605194 0.46875 -0.4414060115814209
v 0.025390999391674995 0.11523400247097015 -0.43945300579071045
v 0.03515600040555 0.16601599752902985 -0.43945300579071045
v -0.109375 0.23242199420928955 -0.43945300579071045
v -0.125 0.27539101243019104 -0.43945300579071045
v 0.1171879991889 0.2890619933605194 -0.43945300579071045
v 0.11914099752902985 0.43164101243019104 -0.43945300579071045
v 0.1054690033197403 0.45117199420928955 -0.43945300579071045
v 0.125 0.46679699420928955 -0.43945300579071045
v -0.0625 0.11914099752902985 -0.4375
v 0.03320299834012985 0.15625 -0.4375
v -0.06835900247097015 0.16992199420928955 -0.4375
v -0.13085900247097015 0.3007810115814209 -0.4375
v 0.13085900247097015 0.45117199420928955 -0.4375
v 0.1210940033197403 0.4648439884185791 -0.4375
v -0.0664059966802597 0.1601559966802597 -0.43554699420928955
v 0.1132809966802597 0.2734380066394806 -0.43554699420928955
v 0.10742200165987015 0.33398398756980896 -0.43554699420928955
v 0.10742200165987015 0.38867199420928955 -0.43554699420928955
v 0.0976559966802597 0.40429699420928955 -0.43554699420928955
v -0.017578000202775 0.4179689884185791 -0.43554699420928955
v 0.10742200165987015 0.4414060115814209 -0.43554699420928955
v 0.0625 0.18554699420928955 -0.4335939884185791
v -0.11914099752902985 0.33398398756980896 -0.4335939884185791
v 0.1132809966802597 0.37304699420928955 -0.4335939884185791
v -0.052733998745679855 0.39257800579071045 -0.4335939884185791
v -0.039062000811100006 0.3984380066394806 -0.4335939884185791
v 0.039062000811100006 0.40429699420928955 -0.4335939884185791
v 0.08398400247097015 0.40820300579071045 -0.4335939884185791
v 0.0019529999699443579 0.41601601243019104 -0.4335939884185791
v 0.11132799834012985 0.43164101243019104 -0.4335939884185791
v 0.1289059966802597 0.4492189884185791 -0.4335939884185791
v 0.1210940033197403 0.4609380066394806 -0.4335939884185791
v -0.019531000405550003 0.1054690033197403 -0.43164101243019104
v 0.041016001254320145 0.1289059966802597 -0.43164101243019104
v -0.09179700165987015 0.1914059966802597 -0.43164101243019104
v 0.1054690033197403 0.29882800579071045 -0.43164101243019104
v -0.1210940033197403 0.31445300579071045 -0.43164101243019104
v -0.109375 0.34960898756980896 -0.43164101243019104
v -0.08398400247097015 0.3632810115814209 -0.43164101243019104
v -0.0703120008111 0.38867199420928955 -0.43164101243019104
v 0.1210940033197403 0.45507800579071045 -0.43164101243019104
v 0.0019529999699443579 0.10742200165987015 -0.4296880066394806
v -0.039062000811100006 0.109375 -0.4296880066394806
v -0.078125 0.1328119933605194 -0.4296880066394806
v 0.037108998745679855 0.1679690033197403 -0.4296880066394806
v 0.09960900247097015 0.26757800579071045 -0.4296880066394806
v 0.0664059966802597 0.40820300579071045 -0.4296880066394806
v 0.125 0.45117199420928955 -0.4296880066394806
v -0.0703120008111 0.17382800579071045 -0.42773398756980896
v 0.10742200165987015 0.28125 -0.42773398756980896
v -0.1171879991889 0.28320300579071045 -0.42773398756980896
v 0.1132809966802597 0.35742199420928955 -0.42773398756980896
v 0.021484000608325005 0.1132809966802597 -0.4257810115814209
v -0.05859399959445 0.1171879991889 -0.4257810115814209
v -0.10742200165987015 0.32226601243019104 -0.4257810115814209
v -0.017578000202775 0.39257800579071045 -0.4257810115814209
v 0.03515600040555 0.1914059966802597 -0.42382800579071045
v 0.07617200165987015 0.23632800579071045 -0.42382800579071045
v 0.09375 0.2773439884185791 -0.42382800579071045
v 0.09179700165987015 0.32617199420928955 -0.42382800579071045
v -0.0976559966802597 0.3398439884185791 -0.42382800579071045
v 0.052733998745679855 0.1445309966802597 -0.421875
v 0.037108998745679855 0.18164099752902985 -0.421875
v -0.0664059966802597 0.1953119933605194 -0.421875
v -0.09960900247097015 0.24414099752902985 -0.421875
v 0.09375 0.2890619933605194 -0.421875
v -0.10742200165987015 0.2929689884185791 -0.421875
v 0.029296999797225 0.38867199420928955 -0.421875
v 0.052733998745679855 0.40039101243019104 -0.421875
v 0.14648400247097015 0.4765619933605194 -0.421875
v -0.08789099752902985 0.15039099752902985 -0.41992199420928955
v -0.06835900247097015 0.1875 -0.41992199420928955
v 0.078125 0.28320300579071045 -0.41992199420928955
v 0.1054690033197403 0.34570300579071045 -0.41992199420928955
v -0.056641001254320145 0.3671880066394806 -0.41992199420928955
v 0.0976559966802597 0.3984380066394806 -0.41992199420928955
v 0.037108998745679855 0.125 -0.4179689884185791
v -0.0742190033197403 0.1289059966802597 -0.4179689884185791
v -0.09375 0.3007810115814209 -0.4179689884185791
v -0.0859379991889 0.32617199420928955 -0.4179689884185791
v -0.07617200165987015 0.3554689884185791 -0.4179689884185791
v 0.1054690033197403 0.38867199420928955 -0.4179689884185791
v 0.0019529999699443579 0.390625 -0.4179689884185791
v 0.08789099752902985 0.4023439884185791 -0.4179689884185791
v 0.0742190033197403 0.2421880066394806 -0.41601601243019104
v 0.078125 0.3046880066394806 -0.41601601243019104
v 0.109375 0.37695300579071045 -0.41601601243019104
v -0.027343999594449997 0.3789060115814209 -0.41601601243019104
v 0.03320299834012985 0.1953119933605194 -0.4140619933605194
v 0.0664059966802597 0.2460940033197403 -0.4140619933605194
v -0.0976559966802597 0.25195300579071045 -0.4140619933605194
v 0.07226599752902985 0.328125 -0.4140619933605194
v 0.029296999797225 0.3710939884185791 -0.4140619933605194
v -0.04492200165987015 0.37304699420928955 -0.4140619933605194
v 0.07617200165987015 0.4023439884185791 -0.4140619933605194
v -0.0625 0.1992190033197403 -0.41210898756980896
v 0.052733998745679855 0.25585898756980896 -0.41210898756980896
v 0.09179700165987015 0.3398439884185791 -0.41210898756980896
v -0.0664059966802597 0.34375 -0.41210898756980896
v 0.109375 0.36523398756980896 -0.41210898756980896
v 0.04492200165987015 0.38867199420928955 -0.41210898756980896
v -0.019531000405550003 0.1015620008111 -0.4101560115814209
v 0.04882799834012985 0.140625 -0.4101560115814209
v 0.05859399959445 0.16210900247097015 -0.4101560115814209
v -0.0898440033197403 0.25585898756980896 -0.4101560115814209
v 0.0 0.10351599752902985 -0.40820300579071045
v -0.037108998745679855 0.1054690033197403 -0.40820300579071045
v -0.0820309966802597 0.14648400247097015 -0.40820300579071045
v -0.09179700165987015 0.16992199420928955 -0.40820300579071045
v 0.04296899959445 0.2148440033197403 -0.40820300579071045
v 0.017578000202775 0.21679699420928955 -0.40820300579071045
v -0.0742190033197403 0.26367199420928955 -0.40820300579071045
v 0.056641001254320145 0.28710898756980896 -0.40820300579071045
v 0.0664059966802597 0.2929689884185791 -0.40820300579071045
v -0.0742190033197403 0.3046880066394806 -0.40820300579071045
v -0.05859399959445 0.33007800579071045 -0.40820300579071045
v 0.054687999188899994 0.3359380066394806 -0.40820300579071045
v 0.039062000811100006 0.3515619933605194 -0.40820300579071045
v 0.0664059966802597 0.3984380066394806 -0.40820300579071045
v 0.023437999188899994 0.2070309966802597 -0.40625
v -0.05078100040555 0.2109380066394806 -0.40625
v -0.0703120008111 0.21875 -0.40625
v -0.04492200165987015 0.21875 -0.40625
v 0.10351599752902985 0.3554689884185791 -0.40625
v -0.04882799834012985 0.359375 -0.40625
v 0.017578000202775 0.109375 -0.40429699420928955
v -0.052733998745679855 0.1132809966802597 -0.40429699420928955
v 0.078125 0.3398439884185791 -0.40429699420928955
v -0.019531000405550003 0.36914101243019104 -0.40429699420928955
v 0.04492200165987015 0.375 -0.40429699420928955
v 0.1015620008111 0.3867189884185791 -0.40429699420928955
v 0.0976559966802597 0.39257800579071045 -0.40429699420928955
v 0.09179700165987015 0.39648398756980896 -0.40429699420928955
v 0.039062000811100006 0.2617189884185791 -0.4023439884185791
v 0.05078100040555 0.31054699420928955 -0.4023439884185791
v -0.04296899959445 0.3476560115814209 -0.4023439884185791
v 0.1054690033197403 0.3789060115814209 -0.4023439884185791
v 0.06054700165987015 0.38867199420928955 -0.4023439884185791
v 0.08398400247097015 0.39648398756980896 -0.4023439884185791
v 0.052733998745679855 0.15820300579071045 -0.40039101243019104
v 0.05859399959445 0.18164099752902985 -0.40039101243019104
v 0.00976600032299757 0.21679699420928955 -0.40039101243019104
v -0.03515600040555 0.21875 -0.40039101243019104
v -0.05859399959445 0.26757800579071045 -0.40039101243019104
v -0.052733998745679855 0.30664101243019104 -0.40039101243019104
v 0.005859000142663717 0.33789101243019104 -0.40039101243019104
v 0.06445299834012985 0.3476560115814209 -0.40039101243019104
v 0.09375 0.3515619933605194 -0.40039101243019104
v -0.021484000608325005 0.3554689884185791 -0.40039101243019104
v 0.052733998745679855 0.359375 -0.40039101243019104
v 0.1054690033197403 0.3710939884185791 -0.40039101243019104
v 0.03125 0.11914099752902985 -0.3984380066394806
v -0.0859379991889 0.1640619933605194 -0.3984380066394806
v -0.08789099752902985 0.1875 -0.3984380066394806
v -0.005859000142663717 0.2226559966802597 -0.3984380066394806
v -0.023437999188899994 0.22460900247097015 -0.3984380066394806
v 0.03515600040555 0.3203119933605194 -0.3984380066394806
v -0.039062000811100006 0.3320310115814209 -0.3984380066394806
v -0.021484000608325005 0.33789101243019104 -0.3984380066394806
v 0.078125 0.39257800579071045 -0.3984380066394806
v -0.0664059966802597 0.125 -0.39648398756980896
v -0.013671999797224998 0.2304690033197403 -0.39648398756980896
v -0.0019529999699443579 0.3125 -0.39648398756980896
v -0.021484000608325005 0.31835898756980896 -0.39648398756980896
v 0.1015620008111 0.36523398756980896 -0.39648398756980896
v 0.06054700165987015 0.3789060115814209 -0.39648398756980896
v -0.0039059999398887157 0.27148398756980896 -0.3945310115814209
v 0.03515600040555 0.29101601243019104 -0.3945310115814209
v 0.041016001254320145 0.29882800579071045 -0.3945310115814209
v 0.021484000608325005 0.3007810115814209 -0.3945310115814209
v -0.037108998745679855 0.3085939884185791 -0.3945310115814209
v -0.0019529999699443579 0.32617199420928955 -0.3945310115814209
v 0.08398400247097015 0.3515619933605194 -0.3945310115814209
v 0.0976559966802597 0.38476601243019104 -0.3945310115814209
v 0.09570299834012985 0.3867189884185791 -0.3945310115814209
v 0.0742190033197403 0.38867199420928955 -0.3945310115814209
v 0.09375 0.38867199420928955 -0.3945310115814209
v 0.025390999391674995 0.265625 -0.39257800579071045
v -0.04492200165987015 0.2695310115814209 -0.39257800579071045
v -0.021484000608325005 0.27539101243019104 -0.39257800579071045
v 0.025390999391674995 0.3085939884185791 -0.39257800579071045
v 0.0742190033197403 0.35742199420928955 -0.39257800579071045
v 0.09570299834012985 0.3632810115814209 -0.39257800579071045
v 0.0664059966802597 0.3671880066394806 -0.39257800579071045
v 0.09960900247097015 0.37695300579071045 -0.39257800579071045
v 0.09960900247097015 0.38085898756980896 -0.39257800579071045
v 0.08789099752902985 0.3867189884185791 -0.39257800579071045
v 0.0898440033197403 0.38867199420928955 -0.39257800579071045
v 0.041016001254320145 0.1328119933605194 -0.390625
v 0.052733998745679855 0.1757809966802597 -0.390625
v 0.05078100040555 0.1992190033197403 -0.390625
v 0.011718999594449997 0.26757800579071045 -0.390625
v 0.0976559966802597 0.375 -0.390625
v 0.0742190033197403 0.38085898756980896 -0.390625
v 0.0859379991889 0.38476601243019104 -0.390625
v -0.0742190033197403 0.13867199420928955 -0.38867199420928955
v -0.0820309966802597 0.18164099752902985 -0.38867199420928955
v -0.078125 0.20507800579071045 -0.38867199420928955
v -0.029296999797225 0.22851599752902985 -0.38867199420928955
v 0.0019529999699443579 0.22851599752902985 -0.38867199420928955
v -0.03515600040555 0.2734380066394806 -0.38867199420928955
v 0.0898440033197403 0.3632810115814209 -0.38867199420928955
v 0.08398400247097015 0.3671880066394806 -0.38867199420928955
v 0.078125 0.37304699420928955 -0.38867199420928955
v 0.09375 0.37304699420928955 -0.38867199420928955
v 0.09570299834012985 0.37304699420928955 -0.38867199420928955
v 0.0859379991889 0.38085898756980896 -0.38867199420928955
v 0.09375 0.38085898756980896 -0.38867199420928955
v 0.0898440033197403 0.375 -0.3867189884185791
v 0.08789099752902985 0.37695300579071045 -0.3867189884185791
v -0.019531000405550003 0.09375 -0.38476601243019104
v -0.03515600040555 0.09570299834012985 -0.38476601243019104
v -0.0019529999699443579 0.09570299834012985 -0.38476601243019104
v 0.04492200165987015 0.1484380066394806 -0.3828119933605194
v 0.037108998745679855 0.21289099752902985 -0.3828119933605194
v 0.013671999797224998 0.1015620008111 -0.38085898756980896
v -0.05078100040555 0.10351599752902985 -0.38085898756980896
v -0.078125 0.15429699420928955 -0.38085898756980896
v 0.046875 0.1914059966802597 -0.38085898756980896
v -0.06054700165987015 0.21875 -0.38085898756980896
v -0.07226599752902985 0.19726599752902985 -0.3789060115814209
v 0.015625 0.22460900247097015 -0.37695300579071045
v 0.027343999594449997 0.11132799834012985 -0.375
v -0.0625 0.11523400247097015 -0.375
v -0.037108998745679855 0.2265619933605194 -0.375
v 0.04492200165987015 0.1640619933605194 -0.37304699420928955
v 0.03320299834012985 0.20507800579071045 -0.37304699420928955
v -0.011718999594449997 0.2304690033197403 -0.37304699420928955
v -0.0742190033197403 0.16992199420928955 -0.3710939884185791
v -0.056641001254320145 0.2109380066394806 -0.3710939884185791
v 0.03515600040555 0.12304700165987015 -0.36914101243019104
v -0.06835900247097015 0.12695300579071045 -0.3671880066394806
v 0.013671999797224998 0.21679699420928955 -0.3671880066394806
v -0.03515600040555 0.21875 -0.3671880066394806
v 0.039062000811100006 0.1796880066394806 -0.36523398756980896
v -0.011718999594449997 0.22070300579071045 -0.36523398756980896
v -0.06445299834012985 0.1835940033197403 -0.3632810115814209
v 0.039062000811100006 0.13867199420928955 -0.36132800579071045
v -0.0703120008111 0.14257800579071045 -0.359375
v 0.027343999594449997 0.1914059966802597 -0.35742199420928955
v -0.05078100040555 0.1953119933605194 -0.35742199420928955
v -0.019531000405550003 0.08007799834012985 -0.35351601243019104
v -0.0039059999398887157 0.0820309966802597 -0.35351601243019104
v -0.03515600040555 0.08398400247097015 -0.35351601243019104
v 0.039062000811100006 0.1523440033197403 -0.35351601243019104
v 0.00976600032299757 0.20117199420928955 -0.35351601243019104
v -0.06835900247097015 0.15625 -0.3515619933605194
v -0.03320299834012985 0.203125 -0.3515619933605194
v -0.011718999594449997 0.20507800579071045 -0.3515619933605194
v 0.011718999594449997 0.08789099752902985 -0.34960898756980896
v -0.04882799834012985 0.0898440033197403 -0.34960898756980896
v 0.023437999188899994 0.0976559966802597 -0.34570300579071045
v 0.03320299834012985 0.16601599752902985 -0.34570300579071045
v -0.05859399959445 0.09960900247097015 -0.34375
v -0.06054700165987015 0.16992199420928955 -0.34375
v 0.021484000608325005 0.17773400247097015 -0.3398439884185791
v 0.03125 0.109375 -0.33789101243019104
v -0.06445299834012985 0.1132809966802597 -0.33789101243019104
v -0.046875 0.18164099752902985 -0.33789101243019104
v 0.0078119998797774315 0.18554699420928955 -0.33398398756980896
v -0.03125 0.1875 -0.33398398756980896
v 0.03515600040555 0.12304700165987015 -0.3320310115814209
v -0.011718999594449997 0.18945300579071045 -0.3320310115814209
v -0.06835900247097015 0.12695300579071045 -0.33007800579071045
v -0.019531000405550003 0.06835900247097015 -0.3242189884185791
v 0.03515600040555 0.1367190033197403 -0.3242189884185791
v -0.0039059999398887157 0.06835900247097015 -0.32226601243019104
v -0.03320299834012985 0.0703120008111 -0.32226601243019104
v -0.06445299834012985 0.140625 -0.32226601243019104
v 0.00976600032299757 0.0742190033197403 -0.3203119933605194
v -0.046875 0.07617200165987015 -0.31835898756980896
v 0.029296999797225 0.15039099752902985 -0.3164060115814209
v -0.056641001254320145 0.15429699420928955 -0.3164060115814209
v 0.021484000608325005 0.08398400247097015 -0.31445300579071045
v -0.056641001254320145 0.0859379991889 -0.31445300579071045
v 0.019531000405550003 0.1601559966802597 -0.31054699420928955
v -0.04492200165987015 0.1640619933605194 -0.31054699420928955
v 0.029296999797225 0.09570299834012985 -0.3085939884185791
v -0.0625 0.0976559966802597 -0.30664101243019104
v 0.005859000142663717 0.1679690033197403 -0.30664101243019104
v -0.03125 0.16992199420928955 -0.30664101243019104
v -0.011718999594449997 0.171875 -0.3046880066394806
v 0.03320299834012985 0.10742200165987015 -0.3007810115814209
v -0.06445299834012985 0.11132799834012985 -0.3007810115814209
v 0.03125 0.1210940033197403 -0.29492199420928955
v -0.0625 0.125 -0.2929689884185791
v -0.019531000405550003 0.052733998745679855 -0.29101601243019104
v -0.03320299834012985 0.054687999188899994 -0.29101601243019104
v -0.0039059999398887157 0.054687999188899994 -0.29101601243019104
v 0.00976600032299757 0.05859399959445 -0.28710898756980896
v -0.046875 0.06054700165987015 -0.28710898756980896
v 0.027343999594449997 0.1328119933605194 -0.28710898756980896
v -0.054687999188899994 0.1367190033197403 -0.28710898756980896
v 0.021484000608325005 0.06835900247097015 -0.28320300579071045
v 0.017578000202775 0.14257800579071045 -0.28320300579071045
v -0.056641001254320145 0.0703120008111 -0.28125
v -0.04492200165987015 0.14648400247097015 -0.28125
v 0.0039059999398887157 0.15039099752902985 -0.27929699420928955
v 0.029296999797225 0.08007799834012985 -0.2773439884185791
v -0.029296999797225 0.1523440033197403 -0.2773439884185791
v -0.011718999594449997 0.15429699420928955 -0.2773439884185791
v -0.019531000405550003 0.039062000811100006 -0.27539101243019104
v -0.0625 0.0820309966802597 -0.27539101243019104
v -0.03515600040555 0.041016001254320145 -0.2734380066394806
v -0.0019529999699443579 0.041016001254320145 -0.2734380066394806
v 0.013671999797224998 0.046875 -0.2695310115814209
v -0.05078100040555 0.04882799834012985 -0.2695310115814209
v 0.03125 0.09179700165987015 -0.2695310115814209
v -0.06445299834012985 0.09570299834012985 -0.26757800579071045
v -0.019531000405550003 0.03125 -0.26367199420928955
v 0.025390999391674995 0.056641001254320145 -0.26367199420928955
v -0.0625 0.06054700165987015 -0.26367199420928955
v 0.029296999797225 0.10351599752902985 -0.26367199420928955
v -0.0019529999699443579 0.03320299834012985 -0.2617189884185791
v -0.03515600040555 0.03515600040555 -0.2617189884185791
v -0.06054700165987015 0.10742200165987015 -0.2617189884185791
v 0.013671999797224998 0.039062000811100006 -0.2578119933605194
v -0.05078100040555 0.041016001254320145 -0.2578119933605194
v 0.03320299834012985 0.06835900247097015 -0.2578119933605194
v 0.025390999391674995 0.11523400247097015 -0.2578119933605194
v -0.06835900247097015 0.07226599752902985 -0.25585898756980896
v -0.054687999188899994 0.11914099752902985 -0.25585898756980896
v 0.025390999391674995 0.04882799834012985 -0.25195300579071045
v -0.0625 0.052733998745679855 -0.25195300579071045
v 0.015625 0.125 -0.25195300579071045
v 0.037108998745679855 0.0820309966802597 -0.25
v -0.04296899959445 0.1289059966802597 -0.25
v -0.0703120008111 0.0859379991889 -0.24804699420928955
v 0.0019529999699443579 0.1328119933605194 -0.24804699420928955
v -0.029296999797225 0.13476599752902985 -0.24804699420928955
v -0.019531000405550003 0.029296999797225 -0.2460940033197403
v 0.03320299834012985 0.0625 -0.2460940033197403
v -0.013671999797224998 0.1367190033197403 -0.2460940033197403
v -0.03320299834012985 0.03125 -0.24414099752902985
v -0.0039059999398887157 0.03125 -0.24414099752902985
v -0.06835900247097015 0.0664059966802597 -0.24414099752902985
v 0.00976600032299757 0.03515600040555 -0.2421880066394806
v 0.03515600040555 0.09570299834012985 -0.2421880066394806
v -0.046875 0.037108998745679855 -0.24023400247097015
v -0.0664059966802597 0.09960900247097015 -0.24023400247097015
v 0.037108998745679855 0.07617200165987015 -0.2382809966802597
v 0.021484000608325005 0.04492200165987015 -0.23632800579071045
v -0.056641001254320145 0.046875 -0.23632800579071045
v -0.0703120008111 0.08007799834012985 -0.23632800579071045
v 0.029296999797225 0.109375 -0.23632800579071045
v -0.05859399959445 0.1132809966802597 -0.234375
v 0.027343999594449997 0.054687999188899994 -0.2304690033197403
v 0.03515600040555 0.0898440033197403 -0.2304690033197403
v -0.019531000405550003 0.021484000608325005 -0.22851599752902985
v -0.0625 0.05859399959445 -0.22851599752902985
v -0.0664059966802597 0.09375 -0.22851599752902985
v 0.019531000405550003 0.1210940033197403 -0.22851599752902985
v -0.046875 0.12304700165987015 -0.22851599752902985
v -0.0039059999398887157 0.021484000608325005 -0.2265619933605194
v -0.03320299834012985 0.023437999188899994 -0.2265619933605194
v 0.00976600032299757 0.027343999594449997 -0.22460900247097015
v -0.046875 0.029296999797225 -0.22460900247097015
v 0.0039059999398887157 0.12695300579071045 -0.22460900247097015
v -0.03125 0.1289059966802597 -0.22460900247097015
v 0.03125 0.06835900247097015 -0.2226559966802597
v -0.06445299834012985 0.07226599752902985 -0.2226559966802597
v 0.029296999797225 0.10351599752902985 -0.2226559966802597
v -0.05859399959445 0.1054690033197403 -0.2226559966802597
v -0.013671999797224998 0.13085900247097015 -0.2226559966802597
v -0.019531000405550003 0.011718999594449997 -0.21875
v 0.021484000608325005 0.03515600040555 -0.21875
v -0.056641001254320145 0.039062000811100006 -0.21875
v -0.03515600040555 0.013671999797224998 -0.21679699420928955
v -0.0039059999398887157 0.013671999797224998 -0.21679699420928955
v 0.029296999797225 0.08007799834012985 -0.21679699420928955
v 0.019531000405550003 0.1132809966802597 -0.21679699420928955
v -0.046875 0.1171879991889 -0.21679699420928955
v -0.0625 0.08398400247097015 -0.2148440033197403
v -0.019531000405550003 0.0039059999398887157 -0.21289099752902985
v 0.011718999594449997 0.017578000202775 -0.21289099752902985
v -0.04882799834012985 0.019531000405550003 -0.21289099752902985
v 0.027343999594449997 0.046875 -0.21289099752902985
v -0.0625 0.05078100040555 -0.21289099752902985
v 0.0039059999398887157 0.1210940033197403 -0.21289099752902985
v -0.03125 0.12304700165987015 -0.21289099752902985
v -0.037108998745679855 0.0039059999398887157 -0.2109380066394806
v -0.0019529999699443579 0.0039059999398887157 -0.2109380066394806
v -0.013671999797224998 0.125 -0.2109380066394806
v -0.019531000405550003 0.0039059999398887157 -0.20898400247097015
v 0.025390999391674995 0.09179700165987015 -0.20898400247097015
v -0.054687999188899994 0.09570299834012985 -0.20898400247097015
v -0.0019529999699443579 0.0039059999398887157 -0.2070309966802597
v -0.037108998745679855 0.005859000142663717 -0.2070309966802597
v 0.015625 0.00976600032299757 -0.2070309966802597
v -0.052733998745679855 0.011718999594449997 -0.2070309966802597
v 0.023437999188899994 0.027343999594449997 -0.2070309966802597
v -0.06054700165987015 0.029296999797225 -0.2070309966802597
v 0.03125 0.05859399959445 -0.20507800579071045
v -0.06445299834012985 0.0625 -0.20507800579071045
v 0.013671999797224998 0.00976600032299757 -0.203125
v -0.05078100040555 0.011718999594449997 -0.203125
v 0.015625 0.1015620008111 -0.203125
v -0.04492200165987015 0.10351599752902985 -0.203125
v -0.019531000405550003 0.00976600032299757 -0.20117199420928955
v -0.03515600040555 0.011718999594449997 -0.20117199420928955
v -0.0039059999398887157 0.011718999594449997 -0.20117199420928955
v 0.029296999797225 0.019531000405550003 -0.20117199420928955
v -0.06445299834012985 0.023437999188899994 -0.20117199420928955
v 0.03125 0.039062000811100006 -0.20117199420928955
v -0.0664059966802597 0.04296899959445 -0.20117199420928955
v 0.029296999797225 0.07226599752902985 -0.1992190033197403
v -0.03125 0.109375 -0.1992190033197403
v 0.0019529999699443579 0.109375 -0.1992190033197403
v 0.00976600032299757 0.015625 -0.19726599752902985
v -0.046875 0.017578000202775 -0.19726599752902985
v 0.027343999594449997 0.019531000405550003 -0.19726599752902985
v -0.0625 0.023437999188899994 -0.19726599752902985
v -0.0625 0.0742190033197403 -0.19726599752902985
v -0.013671999797224998 0.11132799834012985 -0.19726599752902985
v -0.019531000405550003 0.00976600032299757 -0.1953119933605194
v -0.03515600040555 0.011718999594449997 -0.19335900247097015
v -0.0039059999398887157 0.011718999594449997 -0.19335900247097015
v 0.019531000405550003 0.023437999188899994 -0.19335900247097015
v -0.056641001254320145 0.027343999594449997 -0.19335900247097015
v 0.037108998745679855 0.03320299834012985 -0.19335900247097015
v -0.07226599752902985 0.037108998745679855 -0.19335900247097015
v 0.03515600040555 0.052733998745679855 -0.19335900247097015
v -0.06835900247097015 0.054687999188899994 -0.19335900247097015
v 0.025390999391674995 0.08398400247097015 -0.19335900247097015
v 0.03515600040555 0.03125 -0.1914059966802597
v -0.0703120008111 0.03515600040555 -0.1914059966802597
v -0.054687999188899994 0.0859379991889 -0.1914059966802597
v -0.019531000405550003 0.0019529999699443579 -0.18945300579071045
v 0.00976600032299757 0.017578000202775 -0.18945300579071045
v -0.04882799834012985 0.019531000405550003 -0.18945300579071045
v -0.037108998745679855 0.0039059999398887157 -0.1875
v -0.0019529999699443579 0.0039059999398887157 -0.1875
v 0.027343999594449997 0.03515600040555 -0.1875
v -0.0625 0.039062000811100006 -0.1875
v 0.015625 0.09375 -0.1875
v -0.04492200165987015 0.09570299834012985 -0.1875
v 0.019531000405550003 0.025390999391674995 -0.18554699420928955
v 0.041016001254320145 0.046875 -0.18554699420928955
v -0.0742190033197403 0.05078100040555 -0.18554699420928955
v 0.03320299834012985 0.0664059966802597 -0.18554699420928955
v -0.0664059966802597 0.06835900247097015 -0.18554699420928955
v 0.011718999594449997 0.00976600032299757 -0.1835940033197403
v -0.056641001254320145 0.029296999797225 -0.1835940033197403
v 0.039062000811100006 0.046875 -0.1835940033197403
v -0.07226599752902985 0.05078100040555 -0.1835940033197403
v 0.0019529999699443579 0.09960900247097015 -0.1835940033197403
v -0.03125 0.1015620008111 -0.1835940033197403
v -0.05078100040555 0.011718999594449997 -0.18164099752902985
v 0.029296999797225 0.046875 -0.18164099752902985
v -0.06445299834012985 0.05078100040555 -0.18164099752902985
v -0.013671999797224998 0.10351599752902985 -0.18164099752902985
v -0.019531000405550003 0.0019529999699443579 -0.1796880066394806
v 0.025390999391674995 0.037108998745679855 -0.1796880066394806
v 0.027343999594449997 0.078125 -0.1796880066394806
v -0.03515600040555 0.0039059999398887157 -0.17773400247097015
v -0.0039059999398887157 0.0039059999398887157 -0.17773400247097015
v 0.023437999188899994 0.019531000405550003 -0.17773400247097015
v 0.039062000811100006 0.0625 -0.17773400247097015
v -0.07226599752902985 0.0664059966802597 -0.17773400247097015
v -0.05859399959445 0.08007799834012985 -0.17773400247097015
v 0.00976600032299757 0.00976600032299757 -0.1757809966802597
v -0.06054700165987015 0.023437999188899994 -0.1757809966802597
v -0.06054700165987015 0.041016001254320145 -0.1757809966802597
v 0.037108998745679855 0.06054700165987015 -0.1757809966802597
v -0.0703120008111 0.06445299834012985 -0.1757809966802597
v -0.046875 0.011718999594449997 -0.17382800579071045
v 0.029296999797225 0.05859399959445 -0.17382800579071045
v -0.0625 0.0625 -0.17382800579071045
v 0.017578000202775 0.08789099752902985 -0.17382800579071045
v -0.04882799834012985 0.0898440033197403 -0.17382800579071045
v 0.029296999797225 0.03125 -0.171875
v 0.027343999594449997 0.04882799834012985 -0.171875
v 0.019531000405550003 0.017578000202775 -0.16992199420928955
v -0.06054700165987015 0.052733998745679855 -0.16992199420928955
v 0.03320299834012985 0.07617200165987015 -0.16992199420928955
v -0.06445299834012985 0.08007799834012985 -0.16992199420928955
v -0.056641001254320145 0.021484000608325005 -0.1679690033197403
v -0.06445299834012985 0.037108998745679855 -0.1679690033197403
v 0.023437999188899994 0.0703120008111 -0.1679690033197403
v -0.056641001254320145 0.0742190033197403 -0.1679690033197403
v 0.03125 0.0742190033197403 -0.1679690033197403
v -0.0625 0.078125 -0.1679690033197403
v 0.0039059999398887157 0.09570299834012985 -0.1679690033197403
v -0.03320299834012985 0.0976559966802597 -0.1679690033197403
v 0.025390999391674995 0.06054700165987015 -0.16601599752902985
v -0.013671999797224998 0.09960900247097015 -0.16601599752902985
v -0.019531000405550003 -0.0019529999699443579 -0.1640619933605194
v -0.005859000142663717 -0.0019529999699443579 -0.1640619933605194
v 0.025390999391674995 0.029296999797225 -0.1640619933605194
v 0.03125 0.04492200165987015 -0.1640619933605194
v -0.056641001254320145 0.06445299834012985 -0.1640619933605194
v 0.021484000608325005 0.08789099752902985 -0.1640619933605194
v -0.052733998745679855 0.09179700165987015 -0.1640619933605194
v -0.03320299834012985 -0.0 -0.16210900247097015
v -0.06054700165987015 0.03320299834012985 -0.16210900247097015
v 0.013671999797224998 0.08007799834012985 -0.16210900247097015
v -0.046875 0.0820309966802597 -0.16210900247097015
v 0.019531000405550003 0.0859379991889 -0.16210900247097015
v -0.05078100040555 0.08789099752902985 -0.16210900247097015
v 0.0078119998797774315 0.0039059999398887157 -0.1601559966802597
v -0.06445299834012985 0.04882799834012985 -0.1601559966802597
v 0.019531000405550003 0.0703120008111 -0.1601559966802597
v -0.04492200165987015 0.005859000142663717 -0.15820300579071045
v -0.04882799834012985 0.0742190033197403 -0.15820300579071045
v 0.0019529999699443579 0.0859379991889 -0.15820300579071045
v -0.03320299834012985 0.08789099752902985 -0.15820300579071045
v 0.005859000142663717 0.09570299834012985 -0.15820300579071045
v -0.037108998745679855 0.0976559966802597 -0.15820300579071045
v 0.017578000202775 0.011718999594449997 -0.15625
v 0.027343999594449997 0.041016001254320145 -0.15625
v 0.029296999797225 0.056641001254320145 -0.15625
v -0.013671999797224998 0.0898440033197403 -0.15625
v 0.005859000142663717 0.09375 -0.15625
v -0.03515600040555 0.09570299834012985 -0.15625
v -0.013671999797224998 0.09960900247097015 -0.15625
v -0.052733998745679855 0.015625 -0.15429699420928955
v -0.06054700165987015 0.04492200165987015 -0.15429699420928955
v -0.06054700165987015 0.0625 -0.15429699420928955
v 0.00976600032299757 0.078125 -0.15429699420928955
v -0.037108998745679855 0.0820309966802597 -0.15429699420928955
v -0.013671999797224998 0.0976559966802597 -0.15429699420928955
v -0.013671999797224998 0.0859379991889 -0.1523440033197403
v 0.023437999188899994 0.021484000608325005 -0.15039099752902985
v 0.025390999391674995 0.052733998745679855 -0.15039099752902985
v 0.023437999188899994 0.06835900247097015 -0.15039099752902985
v -0.05859399959445 0.025390999391674995 -0.1484380066394806
v -0.056641001254320145 0.056641001254320145 -0.1484380066394806
v -0.05078100040555 0.07226599752902985 -0.1484380066394806
v 0.025390999391674995 0.03320299834012985 -0.1445309966802597
v 0.019531000405550003 0.0625 -0.1445309966802597
v 0.011718999594449997 0.078125 -0.1445309966802597
v -0.039062000811100006 0.08007799834012985 -0.1445309966802597
v -0.04882799834012985 0.0664059966802597 -0.14257800579071045
v -0.05859399959445 0.037108998745679855 -0.140625
v -0.013671999797224998 0.08398400247097015 -0.140625
v 0.00976600032299757 0.0703120008111 -0.13867199420928955
v -0.037108998745679855 0.07226599752902985 -0.13867199420928955
v 0.023437999188899994 0.04492200165987015 -0.1367190033197403
v -0.054687999188899994 0.046875 -0.13476599752902985
v -0.013671999797224998 0.078125 -0.13476599752902985
v 0.017578000202775 0.054687999188899994 -0.13085900247097015
v -0.04882799834012985 0.056641001254320145 -0.1289059966802597
v 0.0078119998797774315 0.0625 -0.12695300579071045
v -0.037108998745679855 0.06445299834012985 -0.125
v -0.013671999797224998 0.06835900247097015 -0.12304700165987015
v -0.019531000405550003 -0.1054690033197403 0.023437999188899994
v -0.005859000142663717 -0.10351599752902985 0.023437999188899994
v -0.019531000405550003 -0.1132809966802597 0.025390999391674995
v -0.03320299834012985 -0.10351599752902985 0.025390999391674995
v -0.0039059999398887157 -0.11132799834012985 0.027343999594449997
v -0.03515600040555 -0.109375 0.027343999594449997
v 0.0078119998797774315 -0.09960900247097015 0.027343999594449997
v 0.00976600032299757 -0.1054690033197403 0.029296999797225
v -0.04492200165987015 -0.0976559966802597 0.029296999797225
v -0.04882799834012985 -0.10351599752902985 0.03125
v 0.017578000202775 -0.09179700165987015 0.03125
v 0.021484000608325005 -0.0976559966802597 0.03515600040555
v -0.052733998745679855 -0.08789099752902985 0.03515600040555
v -0.05859399959445 -0.09375 0.037108998745679855
v 0.023437999188899994 -0.0820309966802597 0.037108998745679855
v 0.029296999797225 -0.0859379991889 0.041016001254320145
v -0.05859399959445 -0.078125 0.041016001254320145
v -0.0625 -0.0820309966802597 0.04492200165987015
v 0.025390999391674995 -0.0703120008111 0.04492200165987015
v 0.03125 -0.0742190033197403 0.04882799834012985
v -0.05859399959445 -0.0664059966802597 0.04882799834012985
v 0.023437999188899994 -0.05859399959445 0.05078100040555
v -0.06445299834012985 -0.0703120008111 0.052733998745679855
v -0.054687999188899994 -0.056641001254320145 0.054687999188899994
v 0.029296999797225 -0.06054700165987015 0.056641001254320145
v 0.017578000202775 -0.04882799834012985 0.05859399959445
v -0.06054700165987015 -0.056641001254320145 0.06054700165987015
v -0.04882799834012985 -0.046875 0.06054700165987015
v 0.0078119998797774315 -0.041016001254320145 0.0625
v 0.021484000608325005 -0.04882799834012985 0.06445299834012985
v -0.037108998745679855 -0.039062000811100006 0.06445299834012985
v -0.052733998745679855 -0.046875 0.0664059966802597
v -0.013671999797224998 -0.03515600040555 0.0664059966802597
v 0.011718999594449997 -0.039062000811100006 0.0703120008111
v -0.019531000405550003 -0.140625 0.07226599752902985
v -0.041016001254320145 -0.037108998745679855 0.07226599752902985
v -0.0039059999398887157 -0.13867199420928955 0.0742190033197403
v -0.03515600040555 -0.1367190033197403 0.0742190033197403
v 0.00976600032299757 -0.1328119933605194 0.07617200165987015
v -0.013671999797224998 -0.03125 0.07617200165987015
v -0.05078100040555 -0.33007800579071045 0.078125
v -0.04882799834012985 -0.13085900247097015 0.078125
v -0.039062000811100006 -0.33007800579071045 0.08007799834012985
v -0.037108998745679855 -0.140625 0.08007799834012985
v -0.04296899959445 -0.1367190033197403 0.08007799834012985
v -0.04296899959445 -0.15625 0.0820309966802597
v -0.037108998745679855 -0.15625 0.0820309966802597
v -0.04882799834012985 -0.1328119933605194 0.0820309966802597
v 0.021484000608325005 -0.125 0.0820309966802597
v -0.046875 -0.3828119933605194 0.08398400247097015
v -0.04882799834012985 -0.35351601243019104 0.08398400247097015
v -0.041016001254320145 -0.35351601243019104 0.08398400247097015
v -0.06054700165987015 -0.33007800579071045 0.08398400247097015
v -0.046875 -0.19335900247097015 0.08398400247097015
v -0.039062000811100006 -0.19335900247097015 0.08398400247097015
v -0.04882799834012985 -0.15625 0.08398400247097015
v -0.03125 -0.15625 0.08398400247097015
v -0.03125 -0.1445309966802597 0.08398400247097015
v -0.039062000811100006 -0.3828119933605194 0.0859379991889
v -0.03125 -0.33007800579071045 0.0859379991889
v -0.04882799834012985 -0.2578119933605194 0.0859379991889
v -0.041016001254320145 -0.2578119933605194 0.0859379991889
v -0.052733998745679855 -0.19335900247097015 0.0859379991889
v -0.03320299834012985 -0.19335900247097015 0.0859379991889
v -0.052733998745679855 -0.13085900247097015 0.0859379991889
v -0.05859399959445 -0.1210940033197403 0.0859379991889
v -0.046875 -0.40625 0.08789099752902985
v -0.039062000811100006 -0.40625 0.08789099752902985
v -0.056641001254320145 -0.35351601243019104 0.08789099752902985
v -0.046875 -0.30664101243019104 0.08789099752902985
v -0.04296899959445 -0.30664101243019104 0.08789099752902985
v -0.04882799834012985 -0.27929699420928955 0.08789099752902985
v -0.04296899959445 -0.27929699420928955 0.08789099752902985
v 0.021484000608325005 -0.27929699420928955 0.08789099752902985
v -0.054687999188899994 -0.2578119933605194 0.08789099752902985
v -0.03515600040555 -0.2578119933605194 0.08789099752902985
v -0.052733998745679855 -0.15625 0.08789099752902985
v -0.029296999797225 -0.15625 0.08789099752902985
v -0.029296999797225 -0.14648400247097015 0.08789099752902985
v 0.029296999797225 -0.1132809966802597 0.08789099752902985
v -0.054687999188899994 -0.3828119933605194 0.0898440033197403
v -0.03320299834012985 -0.3828119933605194 0.0898440033197403
v -0.03320299834012985 -0.35351601243019104 0.0898440033197403
v -0.05078100040555 -0.30664101243019104 0.0898440033197403
v -0.039062000811100006 -0.30664101243019104 0.0898440033197403
v -0.052733998745679855 -0.27929699420928955 0.0898440033197403
v -0.039062000811100006 -0.27929699420928955 0.0898440033197403
v 0.00976600032299757 -0.27929699420928955 0.0898440033197403
v -0.056641001254320145 -0.19335900247097015 0.0898440033197403
v -0.03125 -0.19335900247097015 0.0898440033197403
v -0.052733998745679855 -0.40625 0.09179700165987015
v -0.03320299834012985 -0.40625 0.09179700165987015
v -0.054687999188899994 -0.27929699420928955 0.09179700165987015
v -0.037108998745679855 -0.27929699420928955 0.09179700165987015
v -0.05859399959445 -0.2578119933605194 0.09179700165987015
v -0.03320299834012985 -0.2578119933605194 0.09179700165987015
v -0.052733998745679855 -0.15625 0.09179700165987015
v -0.03125 -0.1484380066394806 0.09179700165987015
v -0.052733998745679855 -0.1328119933605194 0.09179700165987015
v -0.0625 -0.109375 0.09179700165987015
v -0.0664059966802597 -0.33007800579071045 0.09375
v 0.021484000608325005 -0.31445300579071045 0.09375
v -0.052733998745679855 -0.30664101243019104 0.09375
v -0.037108998745679855 -0.30664101243019104 0.09375
v 0.03125 -0.27929699420928955 0.09375
v -0.056641001254320145 -0.19335900247097015 0.09375
v -0.03320299834012985 -0.19335900247097015 0.09375
v -0.03125 -0.15625 0.09375
v -0.06054700165987015 -0.35351601243019104 0.09570299834012985
v -0.027343999594449997 -0.33007800579071045 0.09570299834012985
v 0.013671999797224998 -0.31445300579071045 0.09570299834012985
v -0.054687999188899994 -0.27929699420928955 0.09570299834012985
v -0.039062000811100006 -0.27929699420928955 0.09570299834012985
v -0.05859399959445 -0.2578119933605194 0.09570299834012985
v -0.03515600040555 -0.2578119933605194 0.09570299834012985
v -0.04882799834012985 -0.15625 0.09570299834012985
v -0.037108998745679855 -0.15625 0.09570299834012985
v -0.019531000405550003 -0.15429699420928955 0.09570299834012985
v -0.037108998745679855 -0.1484380066394806 0.09570299834012985
v -0.04296899959445 -0.1445309966802597 0.09570299834012985
v -0.04882799834012985 -0.13867199420928955 0.09570299834012985
v 0.03125 -0.1015620008111 0.09570299834012985
v -0.056641001254320145 -0.40429699420928955 0.0976559966802597
v -0.05859399959445 -0.3828119933605194 0.0976559966802597
v -0.03125 -0.3828119933605194 0.0976559966802597
v 0.023437999188899994 -0.37695300579071045 0.0976559966802597
v -0.03125 -0.35351601243019104 0.0976559966802597
v 0.027343999594449997 -0.31445300579071045 0.0976559966802597
v -0.052733998745679855 -0.30664101243019104 0.0976559966802597
v -0.039062000811100006 -0.30664101243019104 0.0976559966802597
v -0.052733998745679855 -0.27929699420928955 0.0976559966802597
v -0.04296899959445 -0.27929699420928955 0.0976559966802597
v 0.0 -0.27929699420928955 0.0976559966802597
v -0.052733998745679855 -0.19335900247097015 0.0976559966802597
v -0.046875 -0.19335900247097015 0.0976559966802597
v -0.039062000811100006 -0.19335900247097015 0.0976559966802597
v -0.04296899959445 -0.15625 0.0976559966802597
v -0.0039059999398887157 -0.1523440033197403 0.0976559966802597
v -0.03515600040555 -0.15039099752902985 0.0976559966802597
v -0.03125 -0.40429699420928955 0.09960900247097015
v 0.017578000202775 -0.37695300579071045 0.09960900247097015
v -0.04882799834012985 -0.27929699420928955 0.09960900247097015
v -0.054687999188899994 -0.2578119933605194 0.09960900247097015
v -0.04882799834012985 -0.2578119933605194 0.09960900247097015
v -0.041016001254320145 -0.2578119933605194 0.09960900247097015
v 0.00976600032299757 -0.14648400247097015 0.09960900247097015
v -0.06445299834012985 -0.0976559966802597 0.09960900247097015
v 0.029296999797225 -0.37695300579071045 0.1015620008111
v 0.0078119998797774315 -0.31445300579071045 0.1015620008111
v -0.04882799834012985 -0.30664101243019104 0.1015620008111
v -0.04492200165987015 -0.30664101243019104 0.1015620008111
v -0.041016001254320145 -0.30664101243019104 0.1015620008111
v -0.04882799834012985 -0.1445309966802597 0.1015620008111
v -0.05859399959445 -0.3828119933605194 0.10351599752902985
v 0.011718999594449997 -0.37695300579071045 0.10351599752902985
v -0.06054700165987015 -0.35351601243019104 0.10351599752902985
v -0.03320299834012985 -0.35351601243019104 0.10351599752902985
v -0.06445299834012985 -0.33007800579071045 0.10351599752902985
v 0.013671999797224998 -0.25976601243019104 0.10351599752902985
v 0.017578000202775 -0.25976601243019104 0.10351599752902985
v 0.011718999594449997 -0.23242199420928955 0.10351599752902985
v 0.017578000202775 -0.23242199420928955 0.10351599752902985
v -0.019531000405550003 -0.15820300579071045 0.10351599752902985
v 0.029296999797225 -0.08789099752902985 0.10351599752902985
v -0.04492200165987015 -0.45117199420928955 0.1054690033197403
v -0.056641001254320145 -0.40429699420928955 0.1054690033197403
v -0.03320299834012985 -0.40429699420928955 0.1054690033197403
v -0.03320299834012985 -0.3828119933605194 0.1054690033197403
v -0.029296999797225 -0.33007800579071045 0.1054690033197403
v 0.03125 -0.3125 0.1054690033197403
v 0.03515600040555 -0.27929699420928955 0.1054690033197403
v 0.021484000608325005 -0.25976601243019104 0.1054690033197403
v 0.021484000608325005 -0.23242199420928955 0.1054690033197403
v 0.011718999594449997 -0.1992190033197403 0.1054690033197403
v 0.017578000202775 -0.1992190033197403 0.1054690033197403
v -0.0039059999398887157 -0.15625 0.1054690033197403
v -0.03515600040555 -0.15429699420928955 0.1054690033197403
v 0.021484000608325005 -0.13867199420928955 0.1054690033197403
v 0.03125 -0.375 0.10742200165987015
v 0.00976600032299757 -0.25976601243019104 0.10742200165987015
v 0.0078119998797774315 -0.23242199420928955 0.10742200165987015
v 0.021484000608325005 -0.1992190033197403 0.10742200165987015
v 0.00976600032299757 -0.15039099752902985 0.10742200165987015
v -0.05859399959445 -0.13476599752902985 0.10742200165987015
v -0.06054700165987015 -0.08398400247097015 0.10742200165987015
v -0.052733998745679855 -0.40429699420928955 0.109375
v -0.039062000811100006 -0.40429699420928955 0.109375
v -0.052733998745679855 -0.3828119933605194 0.109375
v -0.039062000811100006 -0.3828119933605194 0.109375
v -0.054687999188899994 -0.35351601243019104 0.109375
v -0.039062000811100006 -0.35351601243019104 0.109375
v 0.005859000142663717 -0.31445300579071045 0.109375
v -0.0019529999699443579 -0.27929699420928955 0.109375
v 0.023437999188899994 -0.25976601243019104 0.109375
v 0.0078119998797774315 -0.1992190033197403 0.109375
v 0.011718999594449997 -0.1679690033197403 0.109375
v 0.017578000202775 -0.1679690033197403 0.109375
v -0.04882799834012985 -0.1484380066394806 0.109375
v 0.023437999188899994 -0.4179689884185791 0.11132799834012985
v -0.04492200165987015 -0.40429699420928955 0.11132799834012985
v -0.046875 -0.3828119933605194 0.11132799834012985
v 0.00976600032299757 -0.37695300579071045 0.11132799834012985
v -0.046875 -0.35351601243019104 0.11132799834012985
v -0.05859399959445 -0.33007800579071045 0.11132799834012985
v 0.0078119998797774315 -0.25976601243019104 0.11132799834012985
v 0.023437999188899994 -0.23242199420928955 0.11132799834012985
v 0.021484000608325005 -0.1679690033197403 0.11132799834012985
v 0.011718999594449997 -0.15429699420928955 0.11132799834012985
v 0.017578000202775 -0.15039099752902985 0.11132799834012985
v 0.021484000608325005 -0.14257800579071045 0.11132799834012985
v 0.029296999797225 -0.12695300579071045 0.11132799834012985
v 0.021484000608325005 -0.07617200165987015 0.11132799834012985
v -0.037108998745679855 -0.33007800579071045 0.1132809966802597
v 0.021484000608325005 -0.25976601243019104 0.1132809966802597
v 0.005859000142663717 -0.23242199420928955 0.1132809966802597
v 0.023437999188899994 -0.1992190033197403 0.1132809966802597
v 0.0078119998797774315 -0.1679690033197403 0.1132809966802597
v 0.021484000608325005 -0.14648400247097015 0.1132809966802597
v -0.052733998745679855 -0.0742190033197403 0.1132809966802597
v -0.04882799834012985 -0.33007800579071045 0.11523400247097015
v 0.027343999594449997 -0.3125 0.11523400247097015
v 0.00976600032299757 -0.25976601243019104 0.11523400247097015
v 0.005859000142663717 -0.1992190033197403 0.11523400247097015
v 0.0078119998797774315 -0.15820300579071045 0.11523400247097015
v -0.05859399959445 -0.13867199420928955 0.11523400247097015
v -0.0625 -0.12304700165987015 0.11523400247097015
v 0.011718999594449997 -0.375 0.1171879991889
v 0.029296999797225 -0.375 0.1171879991889
v 0.0078119998797774315 -0.31445300579071045 0.1171879991889
v 0.013671999797224998 -0.25976601243019104 0.1171879991889
v 0.017578000202775 -0.25976601243019104 0.1171879991889
v 0.021484000608325005 -0.23242199420928955 0.1171879991889
v 0.023437999188899994 -0.1679690033197403 0.1171879991889
v 0.011718999594449997 -0.0664059966802597 0.1171879991889
v 0.0078119998797774315 -0.23242199420928955 0.11914099752902985
v 0.021484000608325005 -0.1992190033197403 0.11914099752902985
v -0.019531000405550003 -0.1679690033197403 0.11914099752902985
v 0.005859000142663717 -0.1679690033197403 0.11914099752902985
v -0.0039059999398887157 -0.16601599752902985 0.11914099752902985
v 0.005859000142663717 -0.16210900247097015 0.11914099752902985
v 0.023437999188899994 -0.14648400247097015 0.11914099752902985
v 0.029296999797225 -0.13085900247097015 0.11914099752902985
v 0.03125 -0.11523400247097015 0.11914099752902985
v -0.041016001254320145 -0.0664059966802597 0.11914099752902985
v 0.017578000202775 -0.375 0.1210940033197403
v 0.023437999188899994 -0.375 0.1210940033197403
v 0.013671999797224998 -0.3125 0.1210940033197403
v 0.021484000608325005 -0.3125 0.1210940033197403
v 0.03125 -0.27929699420928955 0.1210940033197403
v 0.011718999594449997 -0.23242199420928955 0.1210940033197403
v 0.017578000202775 -0.23242199420928955 0.1210940033197403
v 0.0078119998797774315 -0.1992190033197403 0.1210940033197403
v -0.03515600040555 -0.16601599752902985 0.1210940033197403
v -0.013671999797224998 -0.05859399959445 0.1210940033197403
v 0.0019529999699443579 -0.27929699420928955 0.12304700165987015
v 0.011718999594449997 -0.1992190033197403 0.12304700165987015
v 0.017578000202775 -0.1992190033197403 0.12304700165987015
v 0.021484000608325005 -0.1679690033197403 0.12304700165987015
v 0.00976600032299757 -0.1601559966802597 0.12304700165987015
v -0.0625 -0.12695300579071045 0.12304700165987015
v -0.06445299834012985 -0.11132799834012985 0.12304700165987015
v 0.0078119998797774315 -0.1679690033197403 0.125
v 0.0078119998797774315 -0.16210900247097015 0.125
v -0.04882799834012985 -0.15820300579071045 0.125
v 0.021484000608325005 -0.1523440033197403 0.125
v 0.029296999797225 -0.13476599752902985 0.125
v 0.011718999594449997 -0.1679690033197403 0.12695300579071045
v 0.017578000202775 -0.1679690033197403 0.12695300579071045
v 0.011718999594449997 -0.16210900247097015 0.12695300579071045
v 0.03125 -0.11914099752902985 0.12695300579071045
v 0.029296999797225 -0.1015620008111 0.12695300579071045
v 0.017578000202775 -0.15820300579071045 0.1289059966802597
v 0.00976600032299757 -0.27929699420928955 0.13085900247097015
v 0.021484000608325005 -0.27929699420928955 0.13085900247097015
v -0.05859399959445 -0.1484380066394806 0.13085900247097015
v 0.029296999797225 -0.140625 0.13085900247097015
v -0.06445299834012985 -0.11523400247097015 0.13085900247097015
v -0.06054700165987015 -0.0976559966802597 0.13085900247097015
v 0.03125 -0.12304700165987015 0.1328119933605194
v 0.029296999797225 -0.1054690033197403 0.13476599752902985
v 0.021484000608325005 -0.0898440033197403 0.13476599752902985
v -0.052733998745679855 -0.08789099752902985 0.1367190033197403
v -0.0625 -0.1367190033197403 0.13867199420928955
v 0.03125 -0.12695300579071045 0.13867199420928955
v -0.06054700165987015 -0.10351599752902985 0.13867199420928955
v 0.029296999797225 -0.109375 0.140625
v 0.021484000608325005 -0.09375 0.140625
v 0.011718999594449997 -0.08007799834012985 0.140625
v -0.041016001254320145 -0.08007799834012985 0.14257800579071045
v -0.019531000405550003 -0.1835940033197403 0.1445309966802597
v -0.06445299834012985 -0.125 0.1445309966802597
v -0.052733998745679855 -0.09375 0.1445309966802597
v -0.013671999797224998 -0.07226599752902985 0.1445309966802597
v -0.0039059999398887157 -0.18164099752902985 0.14648400247097015
v -0.03515600040555 -0.1796880066394806 0.14648400247097015
v 0.029296999797225 -0.11523400247097015 0.14648400247097015
v 0.011718999594449997 -0.08398400247097015 0.14648400247097015
v 0.00976600032299757 -0.1757809966802597 0.1484380066394806
v 0.021484000608325005 -0.0976559966802597 0.1484380066394806
v -0.04882799834012985 -0.17382800579071045 0.15039099752902985
v -0.041016001254320145 -0.08398400247097015 0.15039099752902985
v 0.021484000608325005 -0.1679690033197403 0.1523440033197403
v -0.06054700165987015 -0.11132799834012985 0.1523440033197403
v -0.013671999797224998 -0.07617200165987015 0.1523440033197403
v 0.021484000608325005 -0.10351599752902985 0.15429699420928955
v 0.011718999594449997 -0.08789099752902985 0.15429699420928955
v -0.013671999797224998 -0.078125 0.15429699420928955
v -0.05859399959445 -0.1640619933605194 0.15625
v 0.029296999797225 -0.15625 0.15820300579071045
v -0.052733998745679855 -0.1015620008111 0.15820300579071045
v 0.011718999594449997 -0.09375 0.1601559966802597
v -0.041016001254320145 -0.09375 0.16210900247097015
v -0.019531000405550003 -0.19335900247097015 0.1640619933605194
v -0.0625 -0.1523440033197403 0.1640619933605194
v 0.019531000405550003 -0.3320310115814209 0.16601599752902985
v -0.03515600040555 -0.18945300579071045 0.16601599752902985
v -0.0039059999398887157 -0.18945300579071045 0.16601599752902985
v 0.03125 -0.14257800579071045 0.16601599752902985
v -0.013671999797224998 -0.0859379991889 0.16601599752902985
v 0.00976600032299757 -0.3320310115814209 0.1679690033197403
v 0.023437999188899994 -0.19335900247097015 0.1679690033197403
v 0.0078119998797774315 -0.18554699420928955 0.1679690033197403
v 0.023437999188899994 -0.17382800579071045 0.1679690033197403
v 0.029296999797225 -0.33007800579071045 0.16992199420928955
v 0.023437999188899994 -0.2578119933605194 0.16992199420928955
v 0.017578000202775 -0.19335900247097015 0.16992199420928955
v 0.029296999797225 -0.19335900247097015 0.16992199420928955
v -0.046875 -0.1835940033197403 0.16992199420928955
v 0.017578000202775 -0.17773400247097015 0.16992199420928955
v 0.029296999797225 -0.1679690033197403 0.16992199420928955
v 0.023437999188899994 -0.3515619933605194 0.171875
v 0.023437999188899994 -0.27929699420928955 0.171875
v 0.017578000202775 -0.2578119933605194 0.171875
v 0.029296999797225 -0.2578119933605194 0.171875
v -0.019531000405550003 -0.1914059966802597 0.171875
v -0.06445299834012985 -0.13867199420928955 0.171875
v 0.029296999797225 -0.3984380066394806 0.17382800579071045
v 0.013671999797224998 -0.35351601243019104 0.17382800579071045
v 0.03125 -0.3515619933605194 0.17382800579071045
v 0.017578000202775 -0.27929699420928955 0.17382800579071045
v 0.027343999594449997 -0.27929699420928955 0.17382800579071045
v 0.013671999797224998 -0.19335900247097015 0.17382800579071045
v 0.03320299834012985 -0.19335900247097015 0.17382800579071045
v -0.03125 -0.18945300579071045 0.17382800579071045
v -0.0078119998797774315 -0.18945300579071045 0.17382800579071045
v 0.013671999797224998 -0.1796880066394806 0.17382800579071045
v 0.03320299834012985 -0.1640619933605194 0.17382800579071045
v 0.029296999797225 -0.1289059966802597 0.17382800579071045
v 0.021484000608325005 -0.3984380066394806 0.1757809966802597
v 0.015625 -0.30664101243019104 0.1757809966802597
v 0.019531000405550003 -0.30664101243019104 0.1757809966802597
v 0.023437999188899994 -0.30664101243019104 0.1757809966802597
v 0.015625 -0.27929699420928955 0.1757809966802597
v 0.03125 -0.27929699420928955 0.1757809966802597
v 0.013671999797224998 -0.2578119933605194 0.1757809966802597
v 0.03320299834012985 -0.2578119933605194 0.1757809966802597
v 0.0039059999398887157 -0.18554699420928955 0.1757809966802597
v -0.04296899959445 -0.1835940033197403 0.1757809966802597
v -0.056641001254320145 -0.17382800579071045 0.1757809966802597
v 0.037108998745679855 -0.39648398756980896 0.17773400247097015
v 0.0039059999398887157 -0.3320310115814209 0.17773400247097015
v 0.013671999797224998 -0.19335900247097015 0.17773400247097015
v 0.03320299834012985 -0.19335900247097015 0.17773400247097015
v -0.06054700165987015 -0.12695300579071045 0.17773400247097015
v 0.03320299834012985 -0.41992199420928955 0.1796880066394806
v 0.03515600040555 -0.328125 0.1796880066394806
v 0.011718999594449997 -0.30664101243019104 0.1796880066394806
v 0.025390999391674995 -0.30664101243019104 0.1796880066394806
v 0.015625 -0.27929699420928955 0.1796880066394806
v 0.03125 -0.2773439884185791 0.1796880066394806
v 0.013671999797224998 -0.2578119933605194 0.1796880066394806
v 0.03320299834012985 -0.25585898756980896 0.1796880066394806
v 0.013671999797224998 -0.17773400247097015 0.1796880066394806
v 0.03320299834012985 -0.16210900247097015 0.1796880066394806
v 0.025390999391674995 -0.421875 0.18164099752902985
v 0.039062000811100006 -0.41992199420928955 0.18164099752902985
v 0.00976600032299757 -0.35351601243019104 0.18164099752902985
v 0.03515600040555 -0.34960898756980896 0.18164099752902985
v 0.017578000202775 -0.19335900247097015 0.18164099752902985
v 0.029296999797225 -0.19335900247097015 0.18164099752902985
v -0.05078100040555 -0.1757809966802597 0.18164099752902985
v -0.0625 -0.16210900247097015 0.18164099752902985
v 0.021484000608325005 -0.1171879991889 0.18164099752902985
v 0.015625 -0.3984380066394806 0.1835940033197403
v 0.011718999594449997 -0.30664101243019104 0.1835940033197403
v 0.025390999391674995 -0.3046880066394806 0.1835940033197403
v 0.017578000202775 -0.27929699420928955 0.1835940033197403
v 0.027343999594449997 -0.2773439884185791 0.1835940033197403
v 0.017578000202775 -0.2578119933605194 0.1835940033197403
v 0.029296999797225 -0.25585898756980896 0.1835940033197403
v 0.023437999188899994 -0.19335900247097015 0.1835940033197403
v 0.017578000202775 -0.17382800579071045 0.1835940033197403
v 0.029296999797225 -0.1640619933605194 0.1835940033197403
v -0.052733998745679855 -0.1171879991889 0.1835940033197403
v 0.041016001254320145 -0.3945310115814209 0.18554699420928955
v 0.023437999188899994 -0.2773439884185791 0.18554699420928955
v 0.023437999188899994 -0.25585898756980896 0.18554699420928955
v -0.019531000405550003 -0.1992190033197403 0.18554699420928955
v 0.019531000405550003 -0.1679690033197403 0.18554699420928955
v 0.023437999188899994 -0.1679690033197403 0.18554699420928955
v 0.029296999797225 -0.1484380066394806 0.18554699420928955
v 0.021484000608325005 -0.421875 0.1875
v 0.04296899959445 -0.4179689884185791 0.1875
v 0.015625 -0.30664101243019104 0.1875
v 0.023437999188899994 -0.3046880066394806 0.1875
v -0.03125 -0.19726599752902985 0.1875
v -0.0078119998797774315 -0.19726599752902985 0.1875
v -0.056641001254320145 -0.16601599752902985 0.1875
v 0.011718999594449997 -0.109375 0.1875
v 0.019531000405550003 -0.30664101243019104 0.18945300579071045
v 0.0039059999398887157 -0.19335900247097015 0.18945300579071045
v -0.0625 -0.15039099752902985 0.18945300579071045
v -0.041016001254320145 -0.10742200165987015 0.18945300579071045
v 0.00976600032299757 -0.3515619933605194 0.1914059966802597
v 0.03515600040555 -0.34960898756980896 0.1914059966802597
v 0.0039059999398887157 -0.3320310115814209 0.1914059966802597
v 0.03515600040555 -0.328125 0.1914059966802597
v -0.04296899959445 -0.1914059966802597 0.1914059966802597
v 0.021484000608325005 -0.15625 0.1914059966802597
v 0.027343999594449997 -0.13867199420928955 0.1914059966802597
v -0.013671999797224998 -0.1015620008111 0.1914059966802597
v 0.0703120008111 -0.46289101243019104 0.19335900247097015
v 0.013671999797224998 -0.18554699420928955 0.19335900247097015
v -0.056641001254320145 -0.15429699420928955 0.19335900247097015
v 0.021484000608325005 -0.41992199420928955 0.1953119933605194
v 0.04296899959445 -0.4179689884185791 0.1953119933605194
v 0.015625 -0.39648398756980896 0.1953119933605194
v 0.041016001254320145 -0.3945310115814209 0.1953119933605194
v -0.05078100040555 -0.1835940033197403 0.1953119933605194
v -0.05859399959445 -0.13867199420928955 0.1953119933605194
v 0.019531000405550003 -0.14648400247097015 0.19726599752902985
v 0.013671999797224998 -0.3515619933605194 0.1992190033197403
v 0.019531000405550003 -0.1757809966802597 0.1992190033197403
v -0.054687999188899994 -0.1445309966802597 0.1992190033197403
v 0.021484000608325005 -0.1289059966802597 0.1992190033197403
v 0.025390999391674995 -0.41992199420928955 0.20117199420928955
v 0.039062000811100006 -0.4179689884185791 0.20117199420928955
v 0.03125 -0.34960898756980896 0.20117199420928955
v 0.00976600032299757 -0.33007800579071045 0.20117199420928955
v 0.029296999797225 -0.328125 0.20117199420928955
v -0.056641001254320145 -0.17382800579071045 0.20117199420928955
v -0.05078100040555 -0.12695300579071045 0.20117199420928955
v 0.021484000608325005 -0.39648398756980896 0.203125
v 0.037108998745679855 -0.3945310115814209 0.203125
v 0.023437999188899994 -0.34960898756980896 0.203125
v 0.00976600032299757 -0.11914099752902985 0.203125
v 0.03320299834012985 -0.4179689884185791 0.20507800579071045
v 0.019531000405550003 -0.328125 0.20507800579071045
v 0.021484000608325005 -0.16601599752902985 0.20507800579071045
v 0.015625 -0.1367190033197403 0.20507800579071045
v -0.046875 -0.13476599752902985 0.20507800579071045
v -0.039062000811100006 -0.11914099752902985 0.20507800579071045
v 0.029296999797225 -0.3945310115814209 0.2070309966802597
v -0.056641001254320145 -0.1640619933605194 0.2070309966802597
v 0.005859000142663717 -0.1289059966802597 0.20898400247097015
v -0.037108998745679855 -0.12695300579071045 0.20898400247097015
v -0.013671999797224998 -0.11132799834012985 0.20898400247097015
v 0.019531000405550003 -0.15429699420928955 0.21289099752902985
v -0.054687999188899994 -0.1523440033197403 0.21289099752902985
v -0.013671999797224998 -0.1210940033197403 0.21289099752902985
v 0.015625 -0.14648400247097015 0.21875
v -0.046875 -0.1445309966802597 0.21875
v 0.005859000142663717 -0.13867199420928955 0.2226559966802597
v -0.037108998745679855 -0.1367190033197403 0.2226559966802597
v -0.013671999797224998 -0.13085900247097015 0.2265619933605194
v -0.019531000405550003 -0.22851599752902985 0.234375
v -0.03125 -0.2265619933605194 0.23632800579071045
v -0.0078119998797774315 -0.2265619933605194 0.23632800579071045
v 0.0039059999398887157 -0.2226559966802597 0.2382809966802597
v -0.04296899959445 -0.22070300579071045 0.2382809966802597
v 0.013671999797224998 -0.2148440033197403 0.2421880066394806
v -0.05078100040555 -0.21289099752902985 0.24414099752902985
v 0.019531000405550003 -0.20507800579071045 0.24804699420928955
v -0.056641001254320145 -0.203125 0.25
v 0.021484000608325005 -0.1953119933605194 0.25585898756980896
v -0.056641001254320145 -0.19335900247097015 0.25585898756980896
v 0.019531000405550003 -0.18554699420928955 0.2617189884185791
v -0.054687999188899994 -0.1835940033197403 0.26367199420928955
v 0.015625 -0.1757809966802597 0.26757800579071045
v -0.046875 -0.17382800579071045 0.2695310115814209
v 0.005859000142663717 -0.1679690033197403 0.27148398756980896
v -0.037108998745679855 -0.16601599752902985 0.2734380066394806
v -0.013671999797224998 -0.1601559966802597 0.2773439884185791
v -0.019531000405550003 -0.2578119933605194 0.28125
v -0.03125 -0.25585898756980896 0.28320300579071045
v -0.0078119998797774315 -0.25585898756980896 0.28320300579071045
v 0.0039059999398887157 -0.25195300579071045 0.2851560115814209
v -0.04296899959445 -0.25 0.2851560115814209
v 0.013671999797224998 -0.24414099752902985 0.2890619933605194
v -0.05078100040555 -0.2421880066394806 0.29101601243019104
v 0.019531000405550003 -0.23632800579071045 0.29492199420928955
v -0.056641001254320145 -0.23242199420928955 0.296875
v 0.021484000608325005 -0.22460900247097015 0.3007810115814209
v -0.056641001254320145 -0.2226559966802597 0.30273398756980896
v 0.019531000405550003 -0.2148440033197403 0.3085939884185791
v -0.054687999188899994 -0.21289099752902985 0.31054699420928955
v 0.015625 -0.20507800579071045 0.31445300579071045
v -0.046875 -0.203125 0.3164060115814209
v 0.005859000142663717 -0.19726599752902985 0.31835898756980896
v -0.037108998745679855 -0.1953119933605194 0.3203119933605194
v -0.013671999797224998 -0.18945300579071045 0.3242189884185791
v -0.019531000405550003 -0.28710898756980896 0.328125
v -0.03125 -0.2851560115814209 0.33007800579071045
v -0.0078119998797774315 -0.2851560115814209 0.33007800579071045
v 0.0039059999398887157 -0.28125 0.3320310115814209
v -0.04296899959445 -0.27929699420928955 0.3320310115814209
v 0.013671999797224998 -0.2734380066394806 0.3359380066394806
v -0.05078100040555 -0.27148398756980896 0.33789101243019104
v 0.019531000405550003 -0.26367199420928955 0.34179699420928955
v -0.056641001254320145 -0.2617189884185791 0.34375
v 0.021484000608325005 -0.2539060115814209 0.3476560115814209
v -0.056641001254320145 -0.25195300579071045 0.34960898756980896
v 0.019531000405550003 -0.24414099752902985 0.3554689884185791
v -0.054687999188899994 -0.24023400247097015 0.35742199420928955
v 0.015625 -0.234375 0.36132800579071045
v -0.046875 -0.23242199420928955 0.3632810115814209
v 0.005859000142663717 -0.2265619933605194 0.36523398756980896
v -0.037108998745679855 -0.22460900247097015 0.3671880066394806
v -0.013671999797224998 -0.21875 0.36914101243019104
v -0.019531000405550003 -0.31445300579071045 0.375
v -0.0078119998797774315 -0.31445300579071045 0.37695300579071045
v -0.03125 -0.3125 0.37695300579071045
v -0.04296899959445 -0.3085939884185791 0.3789060115814209
v 0.0039059999398887157 -0.3085939884185791 0.3789060115814209
v 0.013671999797224998 -0.30273398756980896 0.3828119933605194
v -0.05078100040555 -0.29882800579071045 0.38476601243019104
v 0.019531000405550003 -0.2929689884185791 0.38867199420928955
v -0.056641001254320145 -0.2890619933605194 0.390625
v 0.021484000608325005 -0.28125 0.3945310115814209
v -0.056641001254320145 -0.27929699420928955 0.39648398756980896
v 0.019531000405550003 -0.27148398756980896 0.40039101243019104
v -0.054687999188899994 -0.2695310115814209 0.4023439884185791
v 0.015625 -0.2617189884185791 0.40625
v -0.046875 -0.25976601243019104 0.40820300579071045
v 0.005859000142663717 -0.2539060115814209 0.4101560115814209
v -0.037108998745679855 -0.25195300579071045 0.41210898756980896
v -0.013671999797224998 -0.2460940033197403 0.41601601243019104
v -0.019531000405550003 -0.34375 0.421875
v -0.03125 -0.34179699420928955 0.421875
v -0.0078119998797774315 -0.34179699420928955 0.421875
v 0.0039059999398887157 -0.33789101243019104 0.4257810115814209
v -0.04296899959445 -0.3359380066394806 0.4257810115814209
v 0.013671999797224998 -0.33007800579071045 0.4296880066394806
v -0.05078100040555 -0.328125 0.43164101243019104
v 0.019531000405550003 -0.3203119933605194 0.43554699420928955
v -0.056641001254320145 -0.31835898756980896 0.4375
v 0.021484000608325005 -0.31054699420928955 0.4414060115814209
v -0.056641001254320145 -0.30664101243019104 0.44335898756980896
v 0.019531000405550003 -0.29882800579071045 0.44726601243019104
v -0.054687999188899994 -0.296875 0.4492189884185791
v 0.015625 -0.29101601243019104 0.453125
v -0.046875 -0.28710898756980896 0.45507800579071045
v 0.005859000142663717 -0.28320300579071045 0.4570310115814209
v -0.037108998745679855 -0.28125 0.45898398756980896
v -0.013671999797224998 -0.27539101243019104 0.46289101243019104
v -0.019531000405550003 -0.3710939884185791 0.46875
v -0.03125 -0.36914101243019104 0.46875
v -0.0078119998797774315 -0.36914101243019104 0.46875
v 0.0039059999398887157 -0.36523398756980896 0.4726560115814209
v -0.04296899959445 -0.3632810115814209 0.4726560115814209
v 0.013671999797224998 -0.35742199420928955 0.4765619933605194
v -0.05078100040555 -0.3554689884185791 0.4765619933605194
v 0.019531000405550003 -0.3476560115814209 0.48242199420928955
v -0.056641001254320145 -0.34570300579071045 0.48242199420928955
v 0.021484000608325005 -0.33789101243019104 0.4882810115814209
v -0.056641001254320145 -0.33398398756980896 0.49023398756980896
v 0.019531000405550003 -0.328125 0.49414101243019104
v -0.054687999188899994 -0.3242189884185791 0.4960939884185791
v 0.015625 -0.31835898756980896 0.5
v -0.046875 -0.31445300579071045 0.5019530057907104
v 0.005859000142663717 -0.31054699420928955 0.5039060115814209
v -0.037108998745679855 -0.3085939884185791 0.5058590173721313
v -0.013671999797224998 -0.30273398756980896 0.5097659826278687
v -0.019531000405550003 -0.3984380066394806 0.5136719942092896
v -0.03125 -0.39648398756980896 0.515625
v -0.0078119998797774315 -0.39648398756980896 0.515625
v -0.04296899959445 -0.39257800579071045 0.5175780057907104
v 0.0039059999398887157 -0.39257800579071045 0.5175780057907104
v 0.013671999797224998 -0.3867189884185791 0.5214840173721313
v -0.05078100040555 -0.3828119933605194 0.5234379768371582
v 0.019531000405550003 -0.37695300579071045 0.5273439884185791
v -0.056641001254320145 -0.37304699420928955 0.5292969942092896
v 0.021484000608325005 -0.36523398756980896 0.5332030057907104
v -0.056641001254320145 -0.3632810115814209 0.5351560115814209
v 0.019531000405550003 -0.3554689884185791 0.5410159826278687
v -0.054687999188899994 -0.3515619933605194 0.5410159826278687
v 0.015625 -0.34570300579071045 0.546875
v -0.046875 -0.34179699420928955 0.546875
v 0.005859000142663717 -0.33789101243019104 0.5507810115814209
v -0.037108998745679855 -0.3359380066394806 0.5527340173721313
v -0.013671999797224998 -0.328125 0.5546879768371582
v -0.019531000405550003 -0.4257810115814209 0.5605469942092896
v -0.03125 -0.42382800579071045 0.5625
v -0.0078119998797774315 -0.42382800579071045 0.5625
v 0.0039059999398887157 -0.41992199420928955 0.5644530057907104
v -0.04296899959445 -0.4179689884185791 0.5644530057907104
v 0.013671999797224998 -0.4140619933605194 0.5683590173721313
v -0.05078100040555 -0.4101560115814209 0.5683590173721313
v 0.019531000405550003 -0.40429699420928955 0.5742189884185791
v -0.056641001254320145 -0.40039101243019104 0.5761719942092896
v 0.021484000608325005 -0.39257800579071045 0.5800780057907104
v -0.056641001254320145 -0.390625 0.5820310115814209
v 0.019531000405550003 -0.3828119933605194 0.5859379768371582
v -0.054687999188899994 -0.3789060115814209 0.5878909826278687
v 0.015625 -0.37304699420928955 0.5917969942092896
v -0.046875 -0.36914101243019104 0.59375
v 0.005859000142663717 -0.3632810115814209 0.5957030057907104
v -0.037108998745679855 -0.36132800579071045 0.5976560115814209
v -0.013671999797224998 -0.3554689884185791 0.6015620231628418
v -0.019531000405550003 -0.453125 0.6054689884185791
v -0.03125 -0.45117199420928955 0.6074219942092896
v -0.0078119998797774315 -0.45117199420928955 0.6074219942092896
v 0.0039059999398887157 -0.44726601243019104 0.609375
v -0.04296899959445 -0.4453119933605194 0.609375
v 0.013671999797224998 -0.43945300579071045 0.6132810115814209
v -0.05078100040555 -0.4375 0.6132810115814209
v 0.019531000405550003 -0.4296880066394806 0.6191409826278687
v -0.056641001254320145 -0.42773398756980896 0.6191409826278687
v 0.021484000608325005 -0.41992199420928955 0.625
v -0.056641001254320145 -0.41601601243019104 0.6269530057907104
v 0.019531000405550003 -0.40820300579071045 0.6308590173721313
v -0.054687999188899994 -0.40625 0.6328120231628418
v 0.015625 -0.3984380066394806 0.6367189884185791
v -0.046875 -0.39648398756980896 0.6386719942092896
v 0.005859000142663717 -0.390625 0.640625
v -0.037108998745679855 -0.38867199420928955 0.6425780057907104
v -0.013671999797224998 -0.3828119933605194 0.6464840173721313
v -0.019531000405550003 -0.47851601243019104 0.6484379768371582
v -0.03125 -0.4765619933605194 0.6503909826278687
v -0.0078119998797774315 -0.4765619933605194 0.6503909826278687
v 0.0039059999398887157 -0.4726560115814209 0.6523439884185791
v -0.04296899959445 -0.47070300579071045 0.6523439884185791
v 0.013671999797224998 -0.4648439884185791 0.65625
v -0.05078100040555 -0.46289101243019104 0.6582030057907104
v 0.019531000405550003 -0.45507800579071045 0.6621090173721313
v -0.056641001254320145 -0.453125 0.6640620231628418
v 0.021484000608325005 -0.4453119933605194 0.6679689884185791
v -0.056641001254320145 -0.4414060115814209 0.6699219942092896
v 0.019531000405550003 -0.43554699420928955 0.6738280057907104
v -0.054687999188899994 -0.43164101243019104 0.6757810115814209
v 0.015625 -0.4257810115814209 0.6796879768371582
v -0.046875 -0.421875 0.6816409826278687
v 0.005859000142663717 -0.4179689884185791 0.6855469942092896
v -0.037108998745679855 -0.41601601243019104 0.6855469942092896
v -0.019531000405550003 -0.5019530057907104 0.6894530057907104
v -0.013671999797224998 -0.4101560115814209 0.6894530057907104
v -0.0078119998797774315 -0.5 0.6914060115814209
v -0.03125 -0.49804699420928955 0.6914060115814209
v 0.0039059999398887157 -0.4960939884185791 0.6933590173721313
v -0.04296899959445 -0.49414101243019104 0.6933590173721313
v 0.013671999797224998 -0.4882810115814209 0.6972659826278687
v -0.05078100040555 -0.48632800579071045 0.6992189884185791
v 0.019531000405550003 -0.4804689884185791 0.703125
v -0.019531000405550003 -0.5175780057907104 0.7050780057907104
v -0.056641001254320145 -0.4765619933605194 0.7050780057907104
v -0.005859000142663717 -0.515625 0.7070310115814209
v -0.03320299834012985 -0.5136719942092896 0.7070310115814209
v 0.005859000142663717 -0.5117189884185791 0.7089840173721313
v -0.046875 -0.5078120231628418 0.7089840173721313
v 0.021484000608325005 -0.47070300579071045 0.7109379768371582
v -0.056641001254320145 -0.4648439884185791 0.7109379768371582
v -0.021484000608325005 -0.53125 0.7128909826278687
v -0.021484000608325005 -0.53125 0.7148439884185791
v -0.005859000142663717 -0.5292969942092896 0.7148439884185791
v -0.037108998745679855 -0.5273439884185791 0.7148439884185791
v 0.017578000202775 -0.5039060115814209 0.7148439884185791
v -0.056641001254320145 -0.49804699420928955 0.7148439884185791
v -0.005859000142663717 -0.5292969942092896 0.7167969942092896
v -0.037108998745679855 -0.5273439884185791 0.7167969942092896
v 0.019531000405550003 -0.45898398756980896 0.7167969942092896
v 0.00976600032299757 -0.5253909826278687 0.71875
v -0.052733998745679855 -0.5214840173721313 0.71875
v -0.054687999188899994 -0.45507800579071045 0.71875
v 0.00976600032299757 -0.5253909826278687 0.7207030057907104
v -0.05078100040555 -0.5214840173721313 0.7207030057907104
v 0.025390999391674995 -0.49414101243019104 0.7207030057907104
v -0.0625 -0.4882810115814209 0.7226560115814209
v 0.015625 -0.4492189884185791 0.7226560115814209
v 0.023437999188899994 -0.515625 0.7246090173721313
v -0.0625 -0.5097659826278687 0.7246090173721313
v -0.046875 -0.4453119933605194 0.7246090173721313
v -0.021484000608325005 -0.5273439884185791 0.7265620231628418
v 0.021484000608325005 -0.515625 0.7265620231628418
v -0.0625 -0.5097659826278687 0.7265620231628418
v 0.005859000142663717 -0.4414060115814209 0.7265620231628418
v -0.00976600032299757 -0.5253909826278687 0.7285159826278687
v -0.03320299834012985 -0.5234379768371582 0.7285159826278687
v 0.027343999594449997 -0.48242199420928955 0.7285159826278687
v -0.037108998745679855 -0.43945300579071045 0.7285159826278687
v 0.0019529999699443579 -0.5234379768371582 0.7304689884185791
v -0.04492200165987015 -0.5195310115814209 0.7304689884185791
v -0.0625 -0.4765619933605194 0.7304689884185791
v 0.03320299834012985 -0.5039060115814209 0.7324219942092896
v -0.07226599752902985 -0.49804699420928955 0.7324219942092896
v -0.013671999797224998 -0.43554699420928955 0.7324219942092896
v 0.03125 -0.5058590173721313 0.734375
v -0.0703120008111 -0.49804699420928955 0.734375
v 0.011718999594449997 -0.515625 0.7363280057907104
v -0.052733998745679855 -0.5097659826278687 0.7363280057907104
v 0.025390999391674995 -0.47070300579071045 0.7363280057907104
v -0.06054700165987015 -0.4648439884185791 0.7382810115814209
v 0.021484000608325005 -0.5078120231628418 0.7421879768371582
v 0.03515600040555 -0.49023398756980896 0.7421879768371582
v -0.07226599752902985 -0.48242199420928955 0.7421879768371582
v 0.019531000405550003 -0.45898398756980896 0.7421879768371582
v -0.06054700165987015 -0.5 0.7441409826278687
v 0.03320299834012985 -0.4921880066394806 0.7441409826278687
v -0.0703120008111 -0.484375 0.7441409826278687
v -0.05078100040555 -0.453125 0.7441409826278687
v 0.00976600032299757 -0.4492189884185791 0.7480469942092896
v -0.039062000811100006 -0.4453119933605194 0.7480469942092896
v 0.023437999188899994 -0.4960939884185791 0.75
v 0.03320299834012985 -0.4765619933605194 0.75
v -0.06054700165987015 -0.4882810115814209 0.7519530057907104
v 0.03125 -0.4765619933605194 0.7519530057907104
v -0.06835900247097015 -0.46875 0.7519530057907104
v -0.0664059966802597 -0.46875 0.7539060115814209
v -0.013671999797224998 -0.4414060115814209 0.7539060115814209
v -0.023437999188899994 -0.5546879768371582 0.7558590173721313
v -0.0039059999398887157 -0.5527340173721313 0.7578120231628418
v -0.041016001254320145 -0.5488280057907104 0.7578120231628418
v 0.021484000608325005 -0.484375 0.7578120231628418
v -0.056641001254320145 -0.4765619933605194 0.7578120231628418
v 0.013671999797224998 -0.5507810115814209 0.7597659826278687
v 0.025390999391674995 -0.4648439884185791 0.7597659826278687
v 0.025390999391674995 -0.46289101243019104 0.7597659826278687
v -0.056641001254320145 -0.4570310115814209 0.7597659826278687
v -0.05859399959445 -0.45507800579071045 0.7597659826278687
v -0.056641001254320145 -0.5449219942092896 0.7617189884185791
v 0.015625 -0.4726560115814209 0.7636719942092896
v -0.04882799834012985 -0.46679699420928955 0.7636719942092896
v 0.013671999797224998 -0.45117199420928955 0.765625
v -0.04296899959445 -0.44726601243019104 0.765625
v 0.025390999391674995 -0.5390620231628418 0.7675780057907104
v 0.011718999594449997 -0.453125 0.7675780057907104
v -0.04296899959445 -0.4492189884185791 0.7675780057907104
v -0.06835900247097015 -0.53125 0.7695310115814209
v 0.005859000142663717 -0.46289101243019104 0.7695310115814209
v -0.037108998745679855 -0.45898398756980896 0.7695310115814209
v -0.013671999797224998 -0.44335898756980896 0.7714840173721313
v -0.013671999797224998 -0.4414060115814209 0.7714840173721313
v -0.013671999797224998 -0.453125 0.7734379768371582
v 0.041016001254320145 -0.5292969942092896 0.7753909826278687
v -0.0820309966802597 -0.5175780057907104 0.7773439884185791
v -0.025390999391674995 -0.5957030057907104 0.7832030057907104
v 0.04296899959445 -0.5136719942092896 0.7851560115814209
v 0.0 -0.5898439884185791 0.7871090173721313
v -0.04882799834012985 -0.5859379768371582 0.7871090173721313
v -0.08007799834012985 -0.5019530057907104 0.7871090173721313
v 0.03125 -0.5898439884185791 0.7910159826278687
v -0.0820309966802597 -0.5800780057907104 0.7929689884185791
v 0.03515600040555 -0.49804699420928955 0.7949219942092896
v -0.0703120008111 -0.4882810115814209 0.796875
v 0.046875 -0.5722659826278687 0.8007810115814209
v -0.09375 -0.5585939884185791 0.8027340173721313
v 0.025390999391674995 -0.48242199420928955 0.8027340173721313
v -0.05859399959445 -0.47460898756980896 0.8027340173721313
v 0.0078119998797774315 -0.47460898756980896 0.8066409826278687
v -0.039062000811100006 -0.47070300579071045 0.8066409826278687
v -0.013671999797224998 -0.46679699420928955 0.8105469942092896
v 0.0742190033197403 -0.5566409826278687 0.8125
v -0.1171879991889 -0.5371090173721313 0.8164060115814209
v 0.08007799834012985 -0.5332030057907104 0.828125
v -0.11914099752902985 -0.5136719942092896 0.8320310115814209
v -0.025390999391674995 -0.6015620231628418 0.8339840173721313
v -0.017578000202775 -0.5957030057907104 0.8359379768371582
v -0.03320299834012985 -0.59375 0.8359379768371582
v -0.00976600032299757 -0.5898439884185791 0.8398439884185791
v -0.039062000811100006 -0.5878909826278687 0.8398439884185791
v 0.06054700165987015 -0.5117189884185791 0.8398439884185791
v 0.0039059999398887157 -0.5898439884185791 0.8417969942092896
v -0.052733998745679855 -0.5859379768371582 0.8417969942092896
v -0.09570299834012985 -0.4960939884185791 0.8417969942092896
v 0.011718999594449997 -0.59375 0.84375
v 0.021484000608325005 -0.5859379768371582 0.84375
v 0.013671999797224998 -0.5898439884185791 0.8457030057907104
v -0.0625 -0.5859379768371582 0.8457030057907104
v -0.0703120008111 -0.578125 0.8457030057907104
v -0.0625 -0.5839840173721313 0.8476560115814209
v 0.029296999797225 -0.5722659826278687 0.8476560115814209
v 0.017578000202775 -0.5800780057907104 0.8496090173721313
v -0.0742190033197403 -0.5625 0.8496090173721313
v -0.0625 -0.5742189884185791 0.8515620231628418
v 0.04296899959445 -0.4921880066394806 0.8515620231628418
v 0.039062000811100006 -0.5625 0.8535159826278687
v 0.013671999797224998 -0.484375 0.8535159826278687
v -0.0742190033197403 -0.4804689884185791 0.8535159826278687
v -0.0820309966802597 -0.5527340173721313 0.8554689884185791
v -0.04492200165987015 -0.47851601243019104 0.8554689884185791
v 0.027343999594449997 -0.5722659826278687 0.8574219942092896
v -0.0703120008111 -0.5644530057907104 0.859375
v 0.03515600040555 -0.5507810115814209 0.859375
v -0.013671999797224998 -0.4765619933605194 0.859375
v -0.07617200165987015 -0.5429689884185791 0.8613280057907104
v 0.03320299834012985 -0.5664060115814209 0.8632810115814209
v -0.07617200165987015 -0.5566409826278687 0.8652340173721313
v 0.029296999797225 -0.5546879768371582 0.8652340173721313
v -0.0703120008111 -0.5488280057907104 0.8671879768371582
v 0.03125 -0.5390620231628418 0.8691409826278687
v 0.025390999391674995 -0.5449219942092896 0.8710939884185791
v -0.0703120008111 -0.53125 0.8710939884185791
v -0.0664059966802597 -0.5390620231628418 0.8730469942092896
v 0.025390999391674995 -0.5371090173721313 0.8769530057907104
v 0.029296999797225 -0.5292969942092896 0.8769530057907104
v -0.06445299834012985 -0.53125 0.8789060115814209
v -0.0664059966802597 -0.5214840173721313 0.8789060115814209
v 0.017578000202775 -0.5292969942092896 0.8808590173721313
v 0.005859000142663717 -0.5273439884185791 0.8808590173721313
v -0.054687999188899994 -0.5253909826278687 0.8828120231628418
v -0.04296899959445 -0.5253909826278687 0.8828120231628418
v -0.0019529999699443579 -0.5214840173721313 0.8867189884185791
v -0.03515600040555 -0.5195310115814209 0.8867189884185791
v -0.013671999797224998 -0.5195310115814209 0.8867189884185791
v -0.023437999188899994 -0.5175780057907104 0.8867189884185791
v -0.019531000405550003 -0.515625 0.8925780057907104
v -0.025390999391674995 -0.6054689884185791 0.9492189884185791
vt 0.39721599221229553 0.4698059856891632
vt 0.3880940079689026 0.46651899814605713
vt 0.39473000168800354 0.45620599389076233
vt 0.4040890038013458 0.4592509865760803
vt 0.6660580039024353 0.7925410270690918
vt 0.6783519983291626 0.7933700084686279
vt 0.6765080094337463 0.8005470037460327
vt 0.664214015007019 0.7997170090675354
vt 0.9719200134277344 0.7816709876060486
vt 0.9663180112838745 0.7551900148391724
vt 0.975085973739624 0.751645028591156
vt 0.975085973739624 0.7789490222930908
vt 0.9542099833488464 0.35588499903678894
vt 0.9552620053291321 0.34967899322509766
vt 0.9584230184555054 0.3494580090045929
vt 0.9572290182113647 0.35723400115966797
vt 0.30138999223709106 0.3601210117340088
vt 0.3073570132255554 0.35965099930763245
vt 0.30704599618911743 0.3685849905014038
vt 0.3004849851131439 0.3699670135974884
vt 0.07808899879455566 0.4227890074253082
vt 0.07931700348854065 0.4404360055923462
vt 0.07016400247812271 0.43954798579216003
vt 0.06893499940633774 0.42190098762512207
vt 0.38158801198005676 0.31640300154685974
vt 0.3888860046863556 0.3199799954891205
vt 0.38518399000167847 0.32778200507164
vt 0.37788599729537964 0.3242050111293793
vt 0.4592230021953583 0.5218809843063354
vt 0.4398599863052368 0.518589973449707
vt 0.44649600982666016 0.5082769989967346
vt 0.4658629894256592 0.5100399851799011
vt 0.02978000044822693 0.3065289855003357
vt 0.029745999723672867 0.3391290009021759
vt 0.022443000227212906 0.339383989572525
vt 0.02247600071132183 0.306784987449646
vt 0.9028810262680054 0.48312199115753174
vt 0.9149609804153442 0.48287299275398254
vt 0.9159640073776245 0.48839399218559265
vt 0.9023550152778625 0.48902401328086853
vt 0.7509700059890747 0.9575049877166748
vt 0.757843017578125 0.9556769728660583
vt 0.7583699822425842 0.9669510126113892
vt 0.7493569850921631 0.9684330224990845
vt 0.13462400436401367 0.6460750102996826
vt 0.13560500741004944 0.6542059779167175
vt 0.13119100034236908 0.6529420018196106
vt 0.1294959932565689 0.6451429724693298
vt 0.7460520267486572 0.5664690136909485
vt 0.7279090285301208 0.5653349757194519
vt 0.7279859781265259 0.5597010254859924
vt 0.7457600235939026 0.556086003780365
vt 0.5474669933319092 0.43848100304603577
vt 0.537539005279541 0.4387800097465515
vt 0.5431510210037231 0.42889100313186646
vt 0.5503219962120056 0.42863500118255615
vt 0.16029800474643707 0.8608880043029785
vt 0.15495899319648743 0.8895679712295532
vt 0.14736199378967285 0.8856480121612549
vt 0.1495950073003769 0.8564370274543762
vt 0.9103059768676758 0.5024930238723755
vt 0.9007560014724731 0.5029320120811462
vt 0.77948397397995 0.6964420080184937
vt 0.7798640131950378 0.7198330163955688
vt 0.7644169926643372 0.7113450169563293
vt 0.762686014175415 0.7009009718894958
vt 0.9769530296325684 0.058559998869895935
vt 0.9715610146522522 0.049727000296115875
vt 0.9848179817199707 0.03568999841809273
vt 0.9848179817199707 0.062352001667022705
vt 0.7627909779548645 0.8257970213890076
vt 0.7707629799842834 0.828324019908905
vt 0.7665460109710693 0.834309995174408
vt 0.7587500214576721 0.8331599831581116
vt 0.12752899527549744 0.9787330031394958
vt 0.12207099795341492 0.9803929924964905
vt 0.1200380027294159 0.9673380255699158
vt 0.12257999926805496 0.966920018196106
vt 0.325096994638443 0.5357319712638855
vt 0.32539498805999756 0.5449399948120117
vt 0.32324299216270447 0.547228991985321
vt 0.3228699862957001 0.5357199907302856
vt 0.461436003446579 0.48172301054000854
vt 0.44734400510787964 0.48011401295661926
vt 0.45366400480270386 0.4710260033607483
vt 0.46696799993515015 0.47281700372695923
vt 0.19135800004005432 0.5648019909858704
vt 0.18972699344158173 0.5740709900856018
vt 0.18287399411201477 0.5722489953041077
vt 0.18360799551010132 0.5628550052642822
vt 0.75347501039505 0.9460570216178894
vt 0.7479990124702454 0.9463559985160828
vt 0.7528709769248962 0.9338210225105286
vt 0.7556740045547485 0.9350810050964355
vt 0.695701003074646 0.7273169755935669
vt 0.7028599977493286 0.7246490120887756
vt 0.7014729976654053 0.7346330285072327
vt 0.6946330070495605 0.7370929718017578
vt 0.10278400033712387 0.4383400082588196
vt 0.10187599807977676 0.443248987197876
vt 0.09521300345659256 0.4447070062160492
vt 0.09639400243759155 0.43999800086021423
vt 0.4335480034351349 0.8628309965133667
vt 0.438510000705719 0.8565120100975037
vt 0.4490480124950409 0.8619369864463806
vt 0.44474801421165466 0.8735659718513489
vt 0.10928399860858917 0.4008620083332062
vt 0.09330400079488754 0.4098129868507385
vt 0.09257899969816208 0.4068939983844757
vt 0.1075970008969307 0.3985610008239746
vt 0.21629999577999115 0.3221229910850525
vt 0.20446699857711792 0.329351007938385
vt 0.20163999497890472 0.32514798641204834
vt 0.2140430063009262 0.31887099146842957
vt 0.5054150223731995 0.46569299697875977
vt 0.49533799290657043 0.46490201354026794
vt 0.5001620054244995 0.45519301295280457
vt 0.5094529986381531 0.45616498589515686
vt 0.06911499798297882 0.4533900022506714
vt 0.06920400261878967 0.46913498640060425
vt 0.06130800023674965 0.46838000416755676
vt 0.061218999326229095 0.4526360034942627
vt 0.44458600878715515 0.41546300053596497
vt 0.44630900025367737 0.41889798641204834
vt 0.43804800510406494 0.41597500443458557
vt 0.44010698795318604 0.4120729863643646
vt 0.5315870046615601 0.45753398537635803
vt 0.5184310078620911 0.45683398842811584
vt 0.5274670124053955 0.4337550103664398
vt 0.9769139885902405 0.97946697473526
vt 0.9776489734649658 0.9727820158004761
vt 0.9905310273170471 0.9727820158004761
vt 0.9906200170516968 0.9750360250473022
vt 0.3229430019855499 0.1414099931716919
vt 0.33024001121520996 0.14279499650001526
vt 0.330036997795105 0.17269599437713623
vt 0.3237000107765198 0.17194899916648865
vt 0.03687100112438202 0.3069019913673401
vt 0.04327600076794624 0.3065980076789856
vt 0.04324200004339218 0.3391970098018646
vt 0.036837998777627945 0.3395009934902191
vt 0.04028100147843361 0.6231920123100281
vt 0.03982499986886978 0.6286010146141052
vt 0.03048500046133995 0.6282169818878174
vt 0.029815999791026115 0.6228020191192627
vt 0.9545339941978455 0.3335149884223938
vt 0.9413579702377319 0.32959800958633423
vt 0.9480819702148438 0.32383400201797485
vt 0.9625589847564697 0.32486701011657715
vt 0.9045969843864441 0.3632659912109375
vt 0.9129319787025452 0.36256998777389526
vt 0.9131739735603333 0.3739759922027588
vt 0.904367983341217 0.3731510043144226
vt 0.5738720297813416 0.7121340036392212
vt 0.5709310173988342 0.7132989764213562
vt 0.5709900259971619 0.6937879920005798
vt 0.5741530060768127 0.6931390166282654
vt 0.5276119709014893 0.6969959735870361
vt 0.5347800254821777 0.6970530152320862
vt 0.536266028881073 0.7071849703788757
vt 0.5293499827384949 0.7080709934234619
vt 0.639976978302002 0.7098489999771118
vt 0.6598899960517883 0.7019820213317871
vt 0.6588559746742249 0.7147210240364075
vt 0.6369940042495728 0.7212420105934143
vt 0.09481699764728546 0.23370499908924103
vt 0.09499700367450714 0.26519298553466797
vt 0.08778399974107742 0.2662529945373535
vt 0.08856800198554993 0.23414500057697296
vt 0.5944629907608032 0.04759399965405464
vt 0.600911021232605 0.04977399855852127
vt 0.5941900014877319 0.053668998181819916
vt 0.5893080234527588 0.0516589991748333
vt 0.8042809963226318 0.09047000110149384
vt 0.8122590184211731 0.08583299815654755
vt 0.8334969878196716 0.09601899981498718
vt 0.8309670090675354 0.10482200235128403
vt 0.028875000774860382 0.026172999292612076
vt 0.02908499911427498 0.053991999477148056
vt 0.02178099937736988 0.05424699932336807
vt 0.021570999175310135 0.026427999138832092
vt 0.5754449963569641 0.7705770134925842
vt 0.5731880068778992 0.7706660032272339
vt 0.5765420198440552 0.7566829919815063
vt 0.5790219902992249 0.7571089863777161
vt 0.4633939862251282 0.15912899374961853
vt 0.4710319936275482 0.16253499686717987
vt 0.4685499966144562 0.166811004281044
vt 0.46091198921203613 0.16340500116348267
vt 0.7092120051383972 0.7033460140228271
vt 0.7207630276679993 0.7045390009880066
vt 0.7152659893035889 0.7120929956436157
vt 0.7037140130996704 0.7151340246200562
vt 0.7396159768104553 0.5034850239753723
vt 0.6957740187644958 0.4811510145664215
vt 0.7162060141563416 0.4551059901714325
vt 0.7268490195274353 0.4560459852218628
vt 0.6653180122375488 0.1349630057811737
vt 0.659699022769928 0.13218200206756592
vt 0.6646689772605896 0.1240060031414032
vt 0.6695039868354797 0.1253969967365265
vt 0.6528440117835999 0.14564299583435059
vt 0.6452909708023071 0.14230500161647797
vt 0.6492940187454224 0.13646300137043
vt 0.6558799743652344 0.1395220011472702
vt 0.7696049809455872 0.7815260291099548
vt 0.7772240042686462 0.7855330109596252
vt 0.7726860046386719 0.7920939922332764
vt 0.7663779854774475 0.7898499965667725
vt 0.7276229858398438 0.4358539879322052
vt 0.7248160243034363 0.4490019977092743
vt 0.709185004234314 0.4448849856853485
vt 0.7081760168075562 0.42451998591423035
vt 0.9578880071640015 0.7097200155258179
vt 0.9374099969863892 0.640845000743866
vt 0.9610430002212524 0.6337400078773499
vt 0.9594659805297852 0.7098699808120728
vt 0.7985630035400391 0.011303000152111053
vt 0.8001760244369507 0.005115000065416098
vt 0.8117700219154358 0.007958999834954739
vt 0.810666024684906 0.013910000212490559
vt 0.717769980430603 0.9632539749145508
vt 0.7142040133476257 0.9560859799385071
vt 0.7204480171203613 0.9547410011291504
vt 0.7242950201034546 0.9606930017471313
vt 0.6406340003013611 0.5244519710540771
vt 0.6383619904518127 0.5466740131378174
vt 0.6314259767532349 0.5427049994468689
vt 0.6357049942016602 0.5198280215263367
vt 0.752131998538971 0.7838060259819031
vt 0.7605310082435608 0.7858110070228577
vt 0.7519519925117493 0.7997350096702576
vt 0.7427729964256287 0.7997329831123352
vt 0.4163550138473511 0.9664899706840515
vt 0.4241960048675537 0.9572049975395203
vt 0.42352598905563354 0.963346004486084
vt 0.4214189946651459 0.9712129831314087
vt 0.9036790132522583 0.40280699729919434
vt 0.9130139946937561 0.40268099308013916
vt 0.912024974822998 0.42340201139450073
vt 0.9032189846038818 0.42257699370384216
vt 0.9214379787445068 0.35446101427078247
vt 0.928695023059845 0.355334997177124
vt 0.9275630116462708 0.364327996969223
vt 0.920835018157959 0.3625029921531677
vt 0.21102899312973022 0.6563109755516052
vt 0.1941000074148178 0.6530809998512268
vt 0.19525399804115295 0.6484889984130859
vt 0.21140100061893463 0.6526910066604614
vt 0.9301810264587402 0.7777619957923889
vt 0.9315620064735413 0.7850469946861267
vt 0.9166169762611389 0.7848140001296997
vt 0.9160439968109131 0.7779520153999329
vt 0.13457100093364716 0.6311590075492859
vt 0.13454000651836395 0.6380689740180969
vt 0.12851600348949432 0.6370130181312561
vt 0.12854599952697754 0.6301029920578003
vt 0.6021940112113953 0.9343389868736267
vt 0.5970739722251892 0.9317960143089294
vt 0.6039029955863953 0.9227949976921082
vt 0.6070340275764465 0.9271020293235779
vt 0.33644598722457886 0.6266890168190002
vt 0.33394598960876465 0.6151120066642761
vt 0.33686399459838867 0.6154199838638306
vt 0.34265801310539246 0.6273699998855591
vt 0.683381974697113 0.8010500073432922
vt 0.6810060143470764 0.8086959719657898
vt 0.6755139827728271 0.8070449829101562
vt 0.5836269855499268 0.6938130259513855
vt 0.5809249877929688 0.6928709745407104
vt 0.5814880132675171 0.6836079955101013
vt 0.5843769907951355 0.6814619898796082
vt 0.31018000841140747 0.4767259955406189
vt 0.3109560012817383 0.47694799304008484
vt 0.3116840124130249 0.4894320070743561
vt 0.3098070025444031 0.48908498883247375
vt 0.51385098695755 0.07439800351858139
vt 0.5116819739341736 0.0638900026679039
vt 0.5197399854660034 0.06424800306558609
vt 0.5231059789657593 0.07454100251197815
vt 0.6907389760017395 0.663877010345459
vt 0.7048050165176392 0.6646749973297119
vt 0.7001929879188538 0.6745139956474304
vt 0.6857360005378723 0.6725990176200867
vt 0.9125339984893799 0.35395899415016174
vt 0.9021909832954407 0.778423011302948
vt 0.9014310240745544 0.7847139835357666
vt 0.1476600021123886 0.6275839805603027
vt 0.1476300060749054 0.6344940066337585
vt 0.14059500396251678 0.6322159767150879
vt 0.140625 0.625307023525238
vt 0.5293499827384949 0.759975016117096
vt 0.5323349833488464 0.7779989838600159
vt 0.5232719779014587 0.7797330021858215
vt 0.5201669931411743 0.7601180076599121
vt 0.5134090185165405 0.5246689915657043
vt 0.4918990135192871 0.5266129970550537
vt 0.4984610080718994 0.513047993183136
vt 0.5204460024833679 0.5106210112571716
vt 0.7720040082931519 0.47096800804138184
vt 0.7509599924087524 0.493571013212204
vt 0.7407940030097961 0.45387598872184753
vt 0.7653980255126953 0.4476900100708008
vt 0.3035230040550232 0.08207400143146515
vt 0.30948999524116516 0.0816039964556694
vt 0.30928799510002136 0.11150600016117096
vt 0.3033199906349182 0.11197499930858612
vt 0.04477600008249283 0.9504560232162476
vt 0.04400499910116196 0.9415619969367981
vt 0.04820900037884712 0.9433720111846924
vt 0.04759399965405464 0.9538390040397644
vt 0.14956000447273254 0.6576640009880066
vt 0.15054099261760712 0.6657940149307251
vt 0.14260900020599365 0.6633920073509216
vt 0.14162899553775787 0.6552619934082031
vt 0.03836200013756752 0.47989800572395325
vt 0.037643998861312866 0.4833739995956421
vt 0.029558999463915825 0.4839619994163513
vt 0.02902200073003769 0.4795140027999878
vt 0.8898950219154358 0.5752720236778259
vt 0.8913940191268921 0.5797560214996338
vt 0.882112979888916 0.580115020275116
vt 0.8829249739646912 0.5764840245246887
vt 0.5121049880981445 0.40004900097846985
vt 0.5105500221252441 0.3888860046863556
vt 0.5145729780197144 0.3866479992866516
vt 0.5217959880828857 0.3999910056591034
vt 0.12760800123214722 0.4263390004634857
vt 0.11105799674987793 0.4343389868736267
vt 0.10937099903821945 0.4320389926433563
vt 0.12592099606990814 0.42403799295425415
vt 0.6491580009460449 0.7923460006713867
vt 0.6473129987716675 0.7995229959487915
vt 0.03857000172138214 0.0045779999345541
vt 0.038701001554727554 0.005543999839574099
vt 0.029360000044107437 0.005160000175237656
vt 0.029229000210762024 0.00419399980455637
vt 0.5436099767684937 0.333871990442276
vt 0.5440919995307922 0.3372209966182709
vt 0.5350390076637268 0.33746200799942017
vt 0.5345569849014282 0.3341130018234253
vt 0.7557920217514038 0.5043100118637085
vt 0.7619810104370117 0.5111470222473145
vt 0.7526429891586304 0.5204060077667236
vt 0.7464749813079834 0.5130879878997803
vt 0.6956490278244019 0.772773027420044
vt 0.7086889743804932 0.777105987071991
vt 0.7035840153694153 0.7854080200195312
vt 0.6899070143699646 0.7814919948577881
vt 0.9613879919052124 0.5071820020675659
vt 0.9613879919052124 0.4978489875793457
vt 0.9663680195808411 0.49816399812698364
vt 0.9678800106048584 0.5048320293426514
vt 0.09579800069332123 0.05266600102186203
vt 0.0952330008149147 0.08068300038576126
vt 0.08898299932479858 0.08112400025129318
vt 0.08897899836301804 0.052156001329422
vt 0.21352900564670563 0.643051028251648
vt 0.22058400511741638 0.6429499983787537
vt 0.2196110039949417 0.6479979753494263
vt 0.2116599977016449 0.6479750275611877
vt 0.7262439727783203 0.6625440120697021
vt 0.7206389904022217 0.6746460199356079
vt 0.3173919916152954 0.8408219814300537
vt 0.3172299861907959 0.8501610159873962
vt 0.30991700291633606 0.8493580222129822
vt 0.31007999181747437 0.8400179743766785
vt 0.5280619859695435 0.14538699388504028
vt 0.5310959815979004 0.13404400646686554
vt 0.5372229814529419 0.14167900383472443
vt 0.5332220196723938 0.15274399518966675
vt 0.32927000522613525 0.4848780035972595
vt 0.3300609886646271 0.4975590109825134
vt 0.32788699865341187 0.49765101075172424
vt 0.32709598541259766 0.48497098684310913
vt 0.47424599528312683 0.4928160011768341
vt 0.45614099502563477 0.49038800597190857
vt 0.4782789945602417 0.4848160147666931
vt 0.1009339988231659 0.07984299957752228
vt 0.10093799978494644 0.10881199687719345
vt 0.09523700177669525 0.10965099930763245
vt 0.956803023815155 0.26265498995780945
vt 0.9509029984474182 0.2633199989795685
vt 0.9509029984474182 0.2548060119152069
vt 0.9589700102806091 0.2539680004119873
vt 0.33435699343681335 0.8552659749984741
vt 0.3328779935836792 0.8604480028152466
vt 0.3251030147075653 0.8600819706916809
vt 0.32558301091194153 0.8554589748382568
vt 0.7067400217056274 0.4546020030975342
vt 0.6891400218009949 0.4751969873905182
vt 0.5431280136108398 0.3305230140686035
vt 0.5340750217437744 0.3307639956474304
vt 0.1465339958667755 0.41982099413871765
vt 0.12959100306034088 0.4293909966945648
vt 0.14455200731754303 0.41676801443099976
vt 0.35420098900794983 0.6822199821472168
vt 0.43336400389671326 0.7227879762649536
vt 0.4226999878883362 0.7412300109863281
vt 0.3537229895591736 0.683568000793457
vt 0.1915230005979538 0.4008820056915283
vt 0.17587299644947052 0.41432300209999084
vt 0.17300499975681305 0.4090149998664856
vt 0.18883100152015686 0.3980950117111206
vt 0.9253450036048889 0.9006080031394958
vt 0.9380699992179871 0.8920649886131287
vt 0.9491249918937683 0.9122490286827087
vt 0.9369029998779297 0.9198290109634399
vt 0.17486700415611267 0.630299985408783
vt 0.173894003033638 0.6353480219841003
vt 0.16000500321388245 0.6312490105628967
vt 0.160863995552063 0.6251050233840942
vt 0.8937109708786011 0.46097901463508606
vt 0.9024760127067566 0.4596560001373291
vt 0.9033070206642151 0.47259101271629333
vt 0.8933259844779968 0.4736579954624176
vt 0.6854400038719177 0.48640599846839905
vt 0.6817070245742798 0.4817369878292084
vt 0.4600690007209778 0.4263159930706024
vt 0.456618994474411 0.420974999666214
vt 0.4616580009460449 0.4213699996471405
vt 0.4663650095462799 0.4275740087032318
vt 0.32272499799728394 0.6823989748954773
vt 0.3252190053462982 0.6467170119285583
vt 0.3291819989681244 0.6470019817352295
vt 0.3254989981651306 0.6837430000305176
vt 0.617667019367218 0.1509139984846115
vt 0.6340199708938599 0.1668040007352829
vt 0.6243510246276855 0.16924600303173065
vt 0.608551025390625 0.15262800455093384
vt 0.8551250100135803 0.13700400292873383
vt 0.858377993106842 0.1237260028719902
vt 0.8645259737968445 0.1314300000667572
vt 0.8597319722175598 0.1449120044708252
vt 0.5904369950294495 0.11156599968671799
vt 0.5934249758720398 0.09960400313138962
vt 0.5988590121269226 0.1008870005607605
vt 0.5968379974365234 0.11312700062990189
vt 0.01305299997329712 0.7854530215263367
vt 0.02086300030350685 0.7858790159225464
vt 0.014689000323414803 0.7897719740867615
vt 0.007872000336647034 0.7903620004653931
vt 0.9850819706916809 0.6225069761276245
vt 0.9771720170974731 0.6278560161590576
vt 0.9771720170974731 0.6161569952964783
vt 0.9844380021095276 0.6094809770584106
vt 0.8240290284156799 0.019930999726057053
vt 0.8245350122451782 0.012582999654114246
vt 0.8307210206985474 0.019892999902367592
vt 0.8287519812583923 0.028572000563144684
vt 0.20731300115585327 0.3341059982776642
vt 0.18547500669956207 0.3496449887752533
vt 0.18262900412082672 0.3448899984359741
vt 0.0871800035238266 0.3298499882221222
vt 0.08582700043916702 0.3610070049762726
vt 0.07902900129556656 0.36104899644851685
vt 0.07981199771165848 0.3289409875869751
vt 0.25850701332092285 0.30711498856544495
vt 0.26519501209259033 0.3074119985103607
vt 0.26542899012565613 0.3399930000305176
vt 0.25874099135398865 0.339697003364563
vt 0.2623380124568939 0.005623000208288431
vt 0.2802180051803589 0.004354999866336584
vt 0.2791610062122345 0.013349000364542007
vt 0.26374000310897827 0.015192000195384026
vt 0.08618299663066864 0.39501601457595825
vt 0.08535200357437134 0.4047679901123047
vt 0.07855299860239029 0.40481001138687134
vt 0.07785099744796753 0.3947269916534424
vt 0.08068499714136124 0.8352620005607605
vt 0.08155699819326401 0.8438019752502441
vt 0.07215999811887741 0.8424680233001709
vt 0.07281199842691422 0.8342999815940857
vt 0.5121219754219055 0.427047997713089
vt 0.5059289932250977 0.4144609868526459
vt 0.5144420266151428 0.412557989358902
vt 0.5199270248413086 0.4243429899215698
vt 0.19783900678157806 0.5702440142631531
vt 0.19842000305652618 0.577879011631012
vt 0.8969519734382629 0.315324991941452
vt 0.9041010141372681 0.31177398562431335
vt 0.9020580053329468 0.34040001034736633
vt 0.8968200087547302 0.34016698598861694
vt 0.08040399849414825 0.799530029296875
vt 0.08023799955844879 0.8012959957122803
vt 0.07111699879169464 0.8007199764251709
vt 0.07128199934959412 0.7989550232887268
vt 0.9557849764823914 0.41081398725509644
vt 0.9547970294952393 0.39643698930740356
vt 0.9569159746170044 0.39545899629592896
vt 0.9611340165138245 0.4074299931526184
vt 0.5209779739379883 0.16097599267959595
vt 0.5200939774513245 0.140066996216774
vt 0.5295850038528442 0.15277199447155
vt 0.5290390253067017 0.16655699908733368
vt 0.8671209812164307 0.08436699956655502
vt 0.8611890077590942 0.0724250003695488
vt 0.8655380010604858 0.06882700324058533
vt 0.8758879899978638 0.08490200340747833
vt 0.742139995098114 0.5168629884719849
vt 0.7353540062904358 0.5221750140190125
vt 0.7266309857368469 0.5143280029296875
vt 0.732666015625 0.5081779956817627
vt 0.08430500328540802 0.4108940064907074
vt 0.09311400353908539 0.404107004404068
vt 0.48176801204681396 0.4752280116081238
vt 0.4736100137233734 0.4609760046005249
vt 0.4868350028991699 0.4637489914894104
vt 0.8347110152244568 0.03961300104856491
vt 0.8374199867248535 0.034077998250722885
vt 0.8450719714164734 0.047168001532554626
vt 0.8411800265312195 0.05041699856519699
vt 0.44010400772094727 0.4782960116863251
vt 0.4464229941368103 0.4692069888114929
vt 0.3010610044002533 0.29721900820732117
vt 0.3076210021972656 0.2958369851112366
vt 0.3077859878540039 0.3272880017757416
vt 0.3012250065803528 0.3286699950695038
vt 0.15225499868392944 0.9502279758453369
vt 0.15700499713420868 0.9443600177764893
vt 0.16464200615882874 0.9534990191459656
vt 0.15941999852657318 0.9584789872169495
vt 0.1507589966058731 0.701062023639679
vt 0.1448490023612976 0.7011020183563232
vt 0.1446409970521927 0.6965309977531433
vt 0.15055100619792938 0.696491003036499
vt 0.3292419910430908 0.20351000130176544
vt 0.32290399074554443 0.20276199281215668
vt 0.16058899462223053 0.412106990814209
vt 0.15917600691318512 0.41000500321388245
vt 0.43441399931907654 0.4533500075340271
vt 0.4238719940185547 0.4499880075454712
vt 0.42838001251220703 0.44150400161743164
vt 0.4399470090866089 0.4444440007209778
vt 0.6557459831237793 0.5638129711151123
vt 0.6520389914512634 0.5668420195579529
vt 0.6504150032997131 0.56358402967453
vt 0.654121994972229 0.5605549812316895
vt 0.2893039882183075 0.24426299333572388
vt 0.2894519865512848 0.275272011756897
vt 0.2792229950428009 0.2755579948425293
vt 0.2791930139064789 0.24355000257492065
vt 0.5450620055198669 0.06089700013399124
vt 0.5580019950866699 0.06326500326395035
vt 0.5347149968147278 0.09027799963951111
vt 0.5346140265464783 0.06978300213813782
vt 0.16790199279785156 0.4010089933872223
vt 0.1854349970817566 0.39294201135635376
vt 0.1535390019416809 0.5858569741249084
vt 0.15248900651931763 0.596077024936676
vt 0.14473900198936462 0.5941309928894043
vt 0.14590400457382202 0.5850070118904114
vt 0.8542140126228333 0.03200500085949898
vt 0.8498709797859192 0.021887000650167465
vt 0.8601400256156921 0.020697999745607376
vt 0.8627129793167114 0.02763799950480461
vt 0.10767199844121933 0.8551790118217468
vt 0.10854499787092209 0.8753759860992432
vt 0.10103199630975723 0.8754870295524597
vt 0.09988900274038315 0.8550829887390137
vt 0.776013970375061 0.8011289834976196
vt 0.7853689789772034 0.8025090098381042
vt 0.7804409861564636 0.812188982963562
vt 0.7709090113639832 0.8094320297241211
vt 0.8356689810752869 0.08259499818086624
vt 0.8573240041732788 0.08379799872636795
vt 0.8532940149307251 0.09241099655628204
vt 0.8361930251121521 0.0899759978055954
vt 0.10901299864053726 0.7984750270843506
vt 0.1088469997048378 0.8002409934997559
vt 0.10035499930381775 0.800944983959198
vt 0.09954199939966202 0.7997729778289795
vt 0.3254680037498474 0.05297999829053879
vt 0.3318060040473938 0.053727999329566956
vt 0.33123698830604553 0.08207999914884567
vt 0.32489898800849915 0.0813319981098175
vt 0.7470729947090149 0.5251910090446472
vt 0.25618401169776917 0.42715099453926086
vt 0.2643209993839264 0.4270220100879669
vt 0.2642579972743988 0.4321660101413727
vt 0.25632500648498535 0.43286800384521484
vt 0.252005010843277 0.1166210025548935
vt 0.25788700580596924 0.11649099737405777
vt 0.25791698694229126 0.148498997092247
vt 0.252034991979599 0.14862999320030212
vt 0.6080690026283264 0.963798999786377
vt 0.603725016117096 0.9668819904327393
vt 0.5970739722251892 0.9603040218353271
vt 0.6016770005226135 0.9587529897689819
vt 0.3314020037651062 0.6148710250854492
vt 0.33140799403190613 0.5986620187759399
vt 0.3350360095500946 0.5989909768104553
vt 0.4611159861087799 0.4486579895019531
vt 0.4540329873561859 0.4475809931755066
vt 0.46106499433517456 0.43776699900627136
vt 0.4679099917411804 0.439085990190506
vt 0.31474000215530396 0.2639400064945221
vt 0.3213140070438385 0.2643899917602539
vt 0.3214789927005768 0.2958410084247589
vt 0.31490498781204224 0.2953909933567047
vt 0.3820109963417053 0.0687749981880188
vt 0.38763800263404846 0.06537000089883804
vt 0.3924829959869385 0.07834800332784653
vt 0.3903000056743622 0.07967499643564224
vt 0.42580199241638184 0.500872015953064
vt 0.43480899930000305 0.4869610071182251
vt 0.4420489966869354 0.4887790083885193
vt 0.4316970109939575 0.5058659911155701
vt 0.0219579990953207 0.1146640032529831
vt 0.022136999294161797 0.1466359943151474
vt 0.01561299990862608 0.1465590000152588
vt 0.015433999709784985 0.11458700150251389
vt 0.14514699578285217 0.6916289925575256
vt 0.15105800330638885 0.6915889978408813
vt 0.9025840163230896 0.7658420205116272
vt 0.9151949882507324 0.7663750052452087
vt 0.10182999819517136 0.004197999835014343
vt 0.09816999733448029 0.025180000811815262
vt 0.09038800001144409 0.02528899908065796
vt 0.0915519967675209 0.004594000056385994
vt 0.6809009909629822 0.5147780179977417
vt 0.6748859882354736 0.5204460024833679
vt 0.6705449819564819 0.5160409808158875
vt 0.6756410002708435 0.5007359981536865
vt 0.46132901310920715 0.458761990070343
vt 0.524370014667511 0.4095520079135895
vt 0.5284450054168701 0.41820600628852844
vt 0.5733789801597595 0.7573320269584656
vt 0.5727159976959229 0.7455390095710754
vt 0.5772299766540527 0.7453609704971313
vt 0.10182499885559082 0.4679270088672638
vt 0.10200399905443192 0.4994159936904907
vt 0.09561499953269958 0.5010730028152466
vt 0.0954350009560585 0.46958500146865845
vt 0.6608909964561462 0.67781001329422
vt 0.671800971031189 0.68402099609375
vt 0.6568089723587036 0.6956480145454407
vt 0.6412209868431091 0.6929810047149658
vt 0.30908599495887756 0.14140699803829193
vt 0.3015660047531128 0.14215199649333954
vt 0.23286199569702148 0.6472560167312622
vt 0.2231680005788803 0.6376960277557373
vt 0.23383499681949615 0.642208993434906
vt 0.8328700065612793 0.33702701330184937
vt 0.8300939798355103 0.33379700779914856
vt 0.8367279767990112 0.3293299973011017
vt 0.8395040035247803 0.3325600028038025
vt 0.13402700424194336 0.6717060208320618
vt 0.12883199751377106 0.6714149713516235
vt 0.1288820058107376 0.6621270179748535
vt 0.13318200409412384 0.6622939705848694
vt 0.2159619927406311 0.3723840117454529
vt 0.18290400505065918 0.389490008354187
vt 0.21400099992752075 0.36988401412963867
vt 0.3738439977169037 0.3321790099143982
vt 0.38022100925445557 0.3363339900970459
vt 0.37476998567581177 0.33847901225090027
vt 0.36805298924446106 0.3344939947128296
vt 0.7244229912757874 0.7735850214958191
vt 0.7344149947166443 0.7745479941368103
vt 0.7304800152778625 0.7819650173187256
vt 0.7216569781303406 0.780115008354187
vt 0.9476040005683899 0.5788559913635254
vt 0.9417819976806641 0.5750560164451599
vt 0.9476240277290344 0.5618839859962463
vt 0.952347993850708 0.5632460117340088
vt 0.928816020488739 0.6497200131416321
vt 0.9287289977073669 0.6600080132484436
vt 0.9218840003013611 0.6603220105171204
vt 0.9217659831047058 0.6494619846343994
vt 0.6870830059051514 0.538457989692688
vt 0.684535026550293 0.5461099743843079
vt 0.6804599761962891 0.544389009475708
vt 0.683007001876831 0.5367370247840881
vt 0.5589950084686279 0.1265379935503006
vt 0.5640980005264282 0.10618499666452408
vt 0.5727090239524841 0.1084270030260086
vt 0.5666400194168091 0.13111400604248047
vt 0.23248900473117828 0.6508769989013672
vt 0.5437780022621155 0.3229750096797943
vt 0.5431839823722839 0.3268910050392151
vt 0.5339699983596802 0.32601600885391235
vt 0.5338649749755859 0.3212670087814331
vt 0.5291500091552734 0.6826969981193542
vt 0.519353985786438 0.6848589777946472
vt 0.5188500285148621 0.6829749941825867
vt 0.52851402759552 0.6814619898796082
vt 0.39923301339149475 0.4492500126361847
vt 0.4081229865550995 0.45125100016593933
vt 0.020380999892950058 0.4803900122642517
vt 0.020999999716877937 0.48324498534202576
vt 0.0142639996483922 0.4837949872016907
vt 0.012388999573886395 0.47996899485588074
vt 0.7740389704704285 0.7706769704818726
vt 0.7809500098228455 0.7737759947776794
vt 0.08218500018119812 0.08116599917411804
vt 0.08122599869966507 0.11075299978256226
vt 0.07415299862623215 0.11059600114822388
vt 0.0751120001077652 0.08100900053977966
vt 0.9103249907493591 0.8777999877929688
vt 0.9254930019378662 0.8671420216560364
vt 0.10014999657869339 0.8430789709091187
vt 0.09211300313472748 0.8555409908294678
vt 0.09085100144147873 0.8431640267372131
vt 0.3287299871444702 0.5603569746017456
vt 0.32904401421546936 0.5569170117378235
vt 0.3319219946861267 0.5571140050888062
vt 0.33160799741744995 0.5605549812316895
vt 0.757847011089325 0.33078500628471375
vt 0.7562450170516968 0.340472012758255
vt 0.7506759762763977 0.34032800793647766
vt 0.7519469857215881 0.3312149941921234
vt 0.7294269800186157 0.6735320091247559
vt 0.74863201379776 0.6774610280990601
vt 0.7418910264968872 0.6934120059013367
vt 0.7244200110435486 0.691091001033783
vt 0.5851209759712219 0.8845769762992859
vt 0.5810409784317017 0.8832460045814514
vt 0.5835660099983215 0.8702369928359985
vt 0.5878790020942688 0.8720790147781372
vt 0.11610700190067291 0.622963011264801
vt 0.1091189980506897 0.622422993183136
vt 0.09610900282859802 0.6098020076751709
vt 0.11853300034999847 0.6038500070571899
vt 0.29342401027679443 0.0029239999130368233
vt 0.2946380078792572 0.004497000016272068
vt 0.2800140082836151 0.0037819999270141125
vt 0.49962401390075684 0.4162589907646179
vt 0.5000429749488831 0.40370500087738037
vt 0.5053250193595886 0.40233099460601807
vt 0.6719340085983276 0.10012699663639069
vt 0.6722130179405212 0.10808700323104858
vt 0.6675620079040527 0.10558299720287323
vt 0.667281985282898 0.09762399643659592
vt 0.15997500717639923 0.6381589770317078
vt 0.8274840116500854 0.11471900343894958
vt 0.8491269946098328 0.11541499942541122
vt 0.845287024974823 0.1278029978275299
vt 0.527209997177124 0.1949869990348816
vt 0.535269021987915 0.19795599579811096
vt 0.5306670069694519 0.20390599966049194
vt 0.5200290083885193 0.1998700052499771
vt 0.6627489924430847 0.574517011642456
vt 0.6656280159950256 0.5762829780578613
vt 0.6619210243225098 0.5793120265007019
vt 0.6590409874916077 0.5775460004806519
vt 0.675586998462677 0.5346149802207947
vt 0.6678410172462463 0.11354299634695053
vt 0.6622220277786255 0.11076100170612335
vt 0.7835540175437927 0.14600799977779388
vt 0.7904520034790039 0.1483359932899475
vt 0.7991589903831482 0.16438999772071838
vt 0.7873629927635193 0.16629000008106232
vt 0.12418600171804428 0.6437559723854065
vt 0.12588100135326385 0.6515550017356873
vt 0.12057100236415863 0.6501669883728027
vt 0.11959099769592285 0.6420360207557678
vt 0.5074679851531982 0.11657500267028809
vt 0.5118839740753174 0.10651499778032303
vt 0.5223889946937561 0.12272900342941284
vt 0.5185719728469849 0.1326809972524643
vt 0.09401199966669083 0.9158269762992859
vt 0.0943870022892952 0.9296630024909973
vt 0.0835689976811409 0.9299280047416687
vt 0.08417399972677231 0.9154989719390869
vt 0.07195600122213364 0.36089199781417847
vt 0.07274000346660614 0.3287839889526367
vt 0.3329539895057678 0.8410009741783142
vt 0.3327910006046295 0.8503400087356567
vt 0.3250170052051544 0.8499749898910522
vt 0.32569000124931335 0.8416190147399902
vt 0.5783870220184326 0.7119560241699219
vt 0.7160210013389587 0.9478510022163391
vt 0.72182297706604 0.9446290135383606
vt 0.7266110181808472 0.9518489837646484
vt 0.540690004825592 0.824114978313446
vt 0.5423200130462646 0.8313570022583008
vt 0.5285390019416809 0.83269202709198
vt 0.5280249714851379 0.825314998626709
vt 0.9217150211334229 0.4606029987335205
vt 0.9299730062484741 0.4620470106601715
vt 0.9321169853210449 0.4749169945716858
vt 0.9240750074386597 0.47315898537635803
vt 0.7587550282478333 0.8158529996871948
vt 0.7666550278663635 0.8170560002326965
vt 0.7552080154418945 0.8243860006332397
vt 0.17578500509262085 0.7270470261573792
vt 0.16653800010681152 0.7264040112495422
vt 0.16693000495433807 0.7204049825668335
vt 0.17606300115585327 0.7199519872665405
vt 0.16415899991989136 0.8945720195770264
vt 0.15592199563980103 0.9164900183677673
vt 0.14973600208759308 0.9130020141601562
vt 0.9828000068664551 0.48452600836753845
vt 0.9841690063476562 0.4949609935283661
vt 0.9818189740180969 0.49738800525665283
vt 0.9808390140533447 0.48562800884246826
vt 0.25827300548553467 0.2745339870452881
vt 0.26496100425720215 0.27483099699020386
vt 0.3291679918766022 0.41457799077033997
vt 0.3300800025463104 0.44115498661994934
vt 0.324972003698349 0.44130098819732666
vt 0.32368001341819763 0.4147050082683563
vt 0.10728000104427338 0.8052639961242676
vt 0.1060900017619133 0.8130189776420593
vt 0.09857600182294846 0.8131300210952759
vt 0.09878700226545334 0.8059679865837097
vt 0.6168699860572815 0.11720799654722214
vt 0.6188910007476807 0.10496799647808075
vt 0.6251530051231384 0.10564900189638138
vt 0.6231319904327393 0.11788900196552277
vt 0.5254709720611572 0.11461599916219711
vt 0.5331630110740662 0.1224220022559166
vt 0.4699229896068573 0.5726280212402344
vt 0.4608609974384308 0.5744699835777283
vt 0.46300798654556274 0.5638229846954346
vt 0.47411400079727173 0.5626620054244995
vt 0.5025349855422974 0.7003380060195923
vt 0.504272997379303 0.7114120125770569
vt 0.49616000056266785 0.712647020816803
vt 0.4945540130138397 0.7009239792823792
vt 0.023845000192523003 0.6384469866752625
vt 0.037898000329732895 0.6388350129127502
vt 0.03518100082874298 0.7661200165748596
vt 0.02112800069153309 0.765733003616333
vt 0.6594300270080566 0.1487019956111908
vt 0.6624659895896912 0.1425819993019104
vt 0.3285300135612488 0.5984640121459961
vt 0.32922399044036865 0.578881025314331
vt 0.33210301399230957 0.5790789723396301
vt 0.6560429930686951 0.5293959975242615
vt 0.6546080112457275 0.5344550013542175
vt 0.6475499868392944 0.5289030075073242
vt 0.6489840149879456 0.523842990398407
vt 0.503790020942688 0.7205169796943665
vt 0.49567699432373047 0.7217519879341125
vt 0.32754799723625183 0.9227799773216248
vt 0.3358989953994751 0.9248700141906738
vt 0.32617199420928955 0.9483019709587097
vt 0.31927499175071716 0.9460390210151672
vt 0.8912699818611145 0.7665839791297913
vt 0.8887349963188171 0.7781720161437988
vt 0.8778179883956909 0.7781929969787598
vt 0.8867329955101013 0.7854670286178589
vt 0.8746880292892456 0.7854920029640198
vt 0.8905019760131836 0.6372730135917664
vt 0.9004830121994019 0.6359620094299316
vt 0.9021700024604797 0.6409540176391602
vt 0.8919839859008789 0.6416929960250854
vt 0.15828099846839905 0.7008150219917297
vt 0.15807299315929413 0.696245014667511
vt 0.6735960245132446 0.4773319959640503
vt 0.6761559844017029 0.48603999614715576
vt 0.6621479988098145 0.4851810038089752
vt 0.6617169976234436 0.4774009883403778
vt 0.8836989998817444 0.4762369990348816
vt 0.8903700113296509 0.48399901390075684
vt 0.8805279731750488 0.4868920147418976
vt 0.5035319924354553 0.1700419932603836
vt 0.5029280185699463 0.15709300339221954
vt 0.5111719965934753 0.1641719937324524
vt 0.5125129818916321 0.17528200149536133
vt 0.6450750231742859 0.8355939984321594
vt 0.6511690020561218 0.8380990028381348
vt 0.6470919847488403 0.8428660035133362
vt 0.6422380208969116 0.8407989740371704
vt 0.2769179940223694 0.8632450103759766
vt 0.27586498856544495 0.8520079851150513
vt 0.2789880037307739 0.8511880040168762
vt 0.27891701459884644 0.8625310063362122
vt 0.1127920001745224 0.8233940005302429
vt 0.11572500318288803 0.832718014717102
vt 0.10831499844789505 0.8348010182380676
vt 0.10707099735736847 0.8240829706192017
vt 0.5153160095214844 0.44144999980926514
vt 0.14412300288677216 0.6707360148429871
vt 0.13904200494289398 0.6715409755706787
vt 0.13819600641727448 0.6621289849281311
vt 0.0717419981956482 0.3939509987831116
vt 0.07091200351715088 0.4037019908428192
vt 0.06454800069332123 0.40327998995780945
vt 0.06537900120019913 0.393528014421463
vt 0.7373539805412292 0.16966700553894043
vt 0.7299349904060364 0.1670680046081543
vt 0.7516899704933167 0.141417995095253
vt 0.7614420056343079 0.16512200236320496
vt 0.08738300204277039 0.42245998978614807
vt 0.08764799684286118 0.44072601199150085
vt 0.8934879899024963 0.6716979742050171
vt 0.9033550024032593 0.6713870167732239
vt 0.9032899737358093 0.6791020035743713
vt 0.8934230208396912 0.6794139742851257
vt 0.884306013584137 0.026305999606847763
vt 0.8864920139312744 0.020501000806689262
vt 0.8881210088729858 0.0219310000538826
vt 0.8880720138549805 0.028929999098181725
vt 0.13479800522327423 0.5914400219917297
vt 0.1339389979839325 0.5975840091705322
vt 0.12452399730682373 0.5809289813041687
vt 0.6643469929695129 0.8496840000152588
vt 0.6683170199394226 0.8537009954452515
vt 0.6619719862937927 0.8573300242424011
vt 0.6589239835739136 0.8539590239524841
vt 0.03690500184893608 0.27430298924446106
vt 0.029812999069690704 0.27393001317977905
vt 0.9771720170974731 0.6033620238304138
vt 0.9781569838523865 0.5948989987373352
vt 0.9817919731140137 0.5941389799118042
vt 0.9805430173873901 0.6036339998245239
vt 0.7438759803771973 0.7759810090065002
vt 0.7600700259208679 0.7749009728431702
vt 0.7373539805412292 0.7867029905319214
vt 0.6469209790229797 0.5539010167121887
vt 0.11497599631547928 0.8738870024681091
vt 0.11709800362586975 0.8936970233917236
vt 0.11012300103902817 0.8942210078239441
vt 0.9148179888725281 0.2814280092716217
vt 0.9099479913711548 0.2821809947490692
vt 0.9119579792022705 0.27180999517440796
vt 0.9148719906806946 0.27273300290107727
vt 0.33467501401901245 0.5550619959831238
vt 0.3352360129356384 0.5608839988708496
vt 0.13194100558757782 0.5683709979057312
vt 0.13401800394058228 0.5747029781341553
vt 0.11292299628257751 0.5633389949798584
vt 0.4617060124874115 0.1806199997663498
vt 0.4689269959926605 0.18552200496196747
vt 0.45524001121520996 0.21313999593257904
vt 0.44802001118659973 0.20823900401592255
vt 0.4217739999294281 0.13868699967861176
vt 0.4237160086631775 0.13759499788284302
vt 0.433553010225296 0.1571670025587082
vt 0.4316120147705078 0.15825900435447693
vt 0.903668999671936 0.6928139925003052
vt 0.8950440287590027 0.6921210289001465
vt 0.5624510049819946 0.5041009783744812
vt 0.5417370200157166 0.5001009702682495
vt 0.5449879765510559 0.49075400829315186
vt 0.5638909935951233 0.49535900354385376
vt 0.32164299488067627 0.32729101181030273
vt 0.32857298851013184 0.32712599635124207
vt 0.32851099967956543 0.36103901267051697
vt 0.3212139904499054 0.3596549928188324
vt 0.28260600566864014 0.852403998374939
vt 0.28253498673439026 0.8637470006942749
vt 0.5261260271072388 0.7387679815292358
vt 0.5338090062141418 0.7384679913520813
vt 0.5367820262908936 0.75873202085495
vt 0.1319199949502945 0.7075110077857971
vt 0.126009002327919 0.7075510025024414
vt 0.12783199548721313 0.7008900046348572
vt 0.13302700221538544 0.7011809945106506
vt 0.2503030002117157 0.427280992269516
vt 0.2504439949989319 0.43299901485443115
vt 0.7004259824752808 0.5689849853515625
vt 0.7038210034370422 0.5803070068359375
vt 0.6969879865646362 0.5784029960632324
vt 0.6931080222129822 0.5689280033111572
vt 0.28306901454925537 0.8770710229873657
vt 0.28415900468826294 0.8646460175514221
vt 0.2858180105686188 0.8778650164604187
vt 0.8181350231170654 0.18828000128269196
vt 0.814303994178772 0.18503600358963013
vt 0.8236799836158752 0.17845000326633453
vt 0.8265569806098938 0.1827860027551651
vt 0.5251669883728027 0.30961498618125916
vt 0.5096690058708191 0.3154410123825073
vt 0.5187550187110901 0.29669201374053955
vt 0.5280179977416992 0.29857900738716125
vt 0.13791699707508087 0.9366790056228638
vt 0.1398019939661026 0.9319130182266235
vt 0.14554600417613983 0.940447986125946
vt 0.14038200676441193 0.9467800259590149
vt 0.401964008808136 0.5338940024375916
vt 0.39149099588394165 0.5353109836578369
vt 0.3926129937171936 0.5250869989395142
vt 0.40174001455307007 0.5268459916114807
vt 0.6654080152511597 0.8618159890174866
vt 0.6665779948234558 0.8651649951934814
vt 0.6555209755897522 0.8693749904632568
vt 0.6543520092964172 0.8660269975662231
vt 0.5994840264320374 0.6337400078773499
vt 0.6664289832115173 0.6597809791564941
vt 0.5993419885635376 0.6353260278701782
vt 0.1757490038871765 0.8708209991455078
vt 0.18941199779510498 0.5815820097923279
vt 0.1883620023727417 0.5918020009994507
vt 0.18150800466537476 0.5899789929389954
vt 0.18255800008773804 0.5797600150108337
vt 0.28876999020576477 0.05521100014448166
vt 0.28891798853874207 0.08622000366449356
vt 0.27880600094795227 0.08550799638032913
vt 0.2785409986972809 0.05549800023436546
vt 0.8485580086708069 0.3168160021305084
vt 0.8447340130805969 0.31612899899482727
vt 0.8448349833488464 0.3084059953689575
vt 0.849931001663208 0.3080829977989197
vt 0.49720099568367004 0.44207799434661865
vt 0.49526000022888184 0.4300670027732849
vt 0.5040850043296814 0.4284670054912567
vt 0.506259024143219 0.4417639970779419
vt 0.09421300143003464 0.2973009943962097
vt 0.0879639983177185 0.29774200916290283
vt 0.5773169994354248 0.6924890279769897
vt 0.29152798652648926 0.014062999747693539
vt 0.28879401087760925 0.027348000556230545
vt 0.2784790098667145 0.026061000302433968
vt 0.09227699786424637 0.8765379786491394
vt 0.0931439995765686 0.8961820006370544
vt 0.08330599963665009 0.8958539962768555
vt 0.08368699997663498 0.8758220076560974
vt 0.9669820070266724 0.8264170289039612
vt 0.971455991268158 0.8259419798851013
vt 0.9702320098876953 0.8356009721755981
vt 0.965520977973938 0.8351309895515442
vt 0.21148499846458435 0.6606969833374023
vt 0.19455599784851074 0.6574659943580627
vt 0.6483319997787476 0.5698710083961487
vt 0.6410809755325317 0.5765479803085327
vt 0.6388289928436279 0.5740360021591187
vt 0.6467080116271973 0.5666130185127258
vt 0.5584880113601685 0.516880989074707
vt 0.5354729890823364 0.5212590098381042
vt 0.5419560074806213 0.5086770057678223
vt 0.5599920153617859 0.5117390155792236
vt 0.6392629742622375 0.9274160265922546
vt 0.6317459940910339 0.9224870204925537
vt 0.6353570222854614 0.9174829721450806
vt 0.6442520022392273 0.9227970242500305
vt 0.8940920233726501 0.7334210276603699
vt 0.9028310179710388 0.7331140041351318
vt 0.9030900001525879 0.7522619962692261
vt 0.893222987651825 0.7525730133056641
vt 0.8423929810523987 0.9506289958953857
vt 0.8452010154724121 0.9437069892883301
vt 0.8493549823760986 0.942924976348877
vt 0.8465200066566467 0.9508780241012573
vt 0.5084620118141174 0.9202280044555664
vt 0.5048980116844177 0.91628098487854
vt 0.5148869752883911 0.9129019975662231
vt 0.5160160064697266 0.918254017829895
vt 0.5170620083808899 0.7405030131340027
vt 0.4348210096359253 0.41497600078582764
vt 0.43261900544166565 0.41355299949645996
vt 0.43570101261138916 0.40922799706459045
vt 0.4379050135612488 0.41065099835395813
vt 0.1953980028629303 0.6426759958267212
vt 0.19726799428462982 0.6377519965171814
vt 0.03799600154161453 0.398375004529953
vt 0.04643699899315834 0.3987089991569519
vt 0.046658001840114594 0.4156610071659088
vt 0.03800399973988533 0.41595399379730225
vt 0.16348299384117126 0.36321601271629333
vt 0.15196000039577484 0.37438100576400757
vt 0.1498579978942871 0.3730970025062561
vt 0.16138100624084473 0.36193299293518066
vt 0.4076330065727234 0.1029530018568039
vt 0.40947601199150085 0.10179699957370758
vt 0.4280819892883301 0.1349399983882904
vt 0.426239013671875 0.13609600067138672
vt 0.08059599995613098 0.29683300852775574
vt 0.08098500221967697 0.2662949860095978
vt 0.17436400055885315 0.9000809788703918
vt 0.18231000006198883 0.9051089882850647
vt 0.16750900447368622 0.9230210185050964
vt 0.16210700571537018 0.9199780225753784
vt 0.6379560232162476 0.571615993976593
vt 0.6438490152359009 0.564365029335022
vt 0.15252600610256195 0.6023449897766113
vt 0.15095199644565582 0.6088209748268127
vt 0.14230599999427795 0.6067500114440918
vt 0.1438799947500229 0.6002749800682068
vt 0.03112499974668026 0.6093379855155945
vt 0.03028300032019615 0.6179779767990112
vt 0.02164199948310852 0.6188549995422363
vt 0.022353999316692352 0.6092489957809448
vt 0.16807100176811218 0.5460100173950195
vt 0.17479099333286285 0.5557979941368103
vt 0.15992900729179382 0.5567460060119629
vt 0.15564900636672974 0.5475170016288757
vt 0.8171179890632629 0.01709599979221821
vt 0.8181459903717041 0.01001800037920475
vt 0.9015190005302429 0.6343870162963867
vt 0.9142439961433411 0.6339200139045715
vt 0.9143360257148743 0.6354920268058777
vt 0.33103498816490173 0.11198099702596664
vt 0.3237380087375641 0.11059699952602386
vt 0.6520119905471802 0.8635640144348145
vt 0.17494499683380127 0.667041003704071
vt 0.16628900170326233 0.669501006603241
vt 0.16441300511360168 0.6612460017204285
vt 0.17347800731658936 0.66143399477005
vt 0.5655620098114014 0.19001899659633636
vt 0.5653730034828186 0.18068599700927734
vt 0.5761020183563232 0.18237200379371643
vt 0.576291024684906 0.19170500338077545
vt 0.1643819957971573 0.5398849844932556
vt 0.15106399357318878 0.5412669777870178
vt 0.6128389835357666 0.0564659982919693
vt 0.618503987789154 0.059866998344659805
vt 0.614683985710144 0.06459599733352661
vt 0.6080520153045654 0.06091799959540367
vt 0.15108099579811096 0.706728994846344
vt 0.14445599913597107 0.707099974155426
vt 0.09581000357866287 0.13956999778747559
vt 0.09599000215530396 0.1710589975118637
vt 0.08877699822187424 0.17211900651454926
vt 0.08859799802303314 0.14063000679016113
vt 0.10053499788045883 0.05244499817490578
vt 0.09439300000667572 0.32879000902175903
vt 0.9029170274734497 0.6033459901809692
vt 0.8863049745559692 0.605705976486206
vt 0.03596699982881546 0.026545999571681023
vt 0.03617599979043007 0.054363999515771866
vt 0.1735049933195114 0.7007780075073242
vt 0.16598400473594666 0.7010239958763123
vt 0.16577599942684174 0.6964529752731323
vt 0.17258299887180328 0.696537971496582
vt 0.23592600226402283 0.6196159720420837
vt 0.2437800019979477 0.6271899938583374
vt 0.2409670054912567 0.6302509903907776
vt 0.23168300092220306 0.6233389973640442
vt 0.24547100067138672 0.5529710054397583
vt 0.2509329915046692 0.561722993850708
vt 0.23534899950027466 0.5565090179443359
vt 0.23333899676799774 0.5495359897613525
vt 0.2088250070810318 0.6996679902076721
vt 0.19520799815654755 0.7105230093002319
vt 0.19315999746322632 0.7039660215377808
vt 0.20599499344825745 0.6940820217132568
vt 0.6859480142593384 0.5128049850463867
vt 0.18554100394248962 0.7117630243301392
vt 0.18438999354839325 0.7053300142288208
vt 0.5446439981460571 0.3129110038280487
vt 0.5436729788780212 0.31822600960731506
vt 0.5342980027198792 0.3162350058555603
vt 0.535269021987915 0.31091898679733276
vt 0.955253005027771 0.07892200350761414
vt 0.955253005027771 0.0879179984331131
vt 0.9509400129318237 0.0884540006518364
vt 0.9509410262107849 0.07945899665355682
vt 0.5581250190734863 0.030195999890565872
vt 0.559686005115509 0.019920000806450844
vt 0.5628169775009155 0.020261000841856003
vt 0.5630049705505371 0.029594000428915024
vt 0.5052689909934998 0.3902600109577179
vt 0.14851899445056915 0.6214399933815002
vt 0.14076900482177734 0.6194940209388733
vt 0.6034960150718689 0.06748700141906738
vt 0.6101289987564087 0.07116500288248062
vt 0.32945701479911804 0.4539659917354584
vt 0.3228819966316223 0.45413899421691895
vt 0.5402460098266602 0.862932026386261
vt 0.5287089943885803 0.8694900274276733
vt 0.5305560231208801 0.8487550020217896
vt 0.5326809883117676 0.844651997089386
vt 0.6897249817848206 0.495961993932724
vt 0.6801549792289734 0.49339398741722107
vt 0.8500120043754578 0.14546999335289001
vt 0.8530799746513367 0.15358200669288635
vt 0.6468049883842468 0.5604979991912842
vt 0.4744719862937927 0.15357999503612518
vt 0.48169198632240295 0.15848100185394287
vt 0.477649986743927 0.1664540022611618
vt 0.2795740067958832 0.3071399927139282
vt 0.6592410206794739 0.5734959840774536
vt 0.6561610102653503 0.5757790207862854
vt 0.6545370221138 0.5725209712982178
vt 0.6582440137863159 0.569491982460022
vt 0.5289009809494019 0.060541000217199326
vt 0.5364490151405334 0.053433001041412354
vt 0.02232999913394451 0.24221299588680267
vt 0.022508999332785606 0.2741850018501282
vt 0.01577400043606758 0.2747350037097931
vt 0.015807000920176506 0.24213600158691406
vt 0.5303270220756531 0.5337200164794922
vt 0.522284984588623 0.536666989326477
vt 0.5275099873542786 0.523222029209137
vt 0.28906500339508057 0.11722899973392487
vt 0.27895399928092957 0.11651699990034103
vt 0.6935930252075195 0.6888790130615234
vt 0.7144290208816528 0.6901280283927917
vt 0.7122629880905151 0.6978790163993835
vt 0.6940129995346069 0.6975610256195068
vt 0.30816200375556946 0.5267689824104309
vt 0.3100399971008301 0.5271160006523132
vt 0.30969899892807007 0.5488259792327881
vt 0.30782100558280945 0.5484780073165894
vt 0.60030198097229 0.13771499693393707
vt 0.6092349886894226 0.13711300492286682
vt 0.8806560039520264 0.03344300016760826
vt 0.8860509991645813 0.03749600052833557
vt 0.22222299873828888 0.5671839714050293
vt 0.22524400055408478 0.5753790140151978
vt 0.21720899641513824 0.5740330219268799
vt 0.21418799459934235 0.5658400058746338
vt 0.1130409985780716 0.437391996383667
vt 0.05340899899601936 0.3986999988555908
vt 0.05341799929738045 0.41628000140190125
vt 0.33350399136543274 0.684535026550293
vt 0.33827099204063416 0.6478809714317322
vt 0.3408550024032593 0.6482329964637756
vt 0.3357129991054535 0.6848210096359253
vt 0.7072280049324036 0.5594850182533264
vt 0.7013260126113892 0.5548509955406189
vt 0.7221130132675171 0.542218029499054
vt 0.04701000079512596 0.004912999924272299
vt 0.04714199900627136 0.005878999829292297
vt 0.17203399538993835 0.35169801115989685
vt 0.1683640033006668 0.3463450074195862
vt 0.17923299968242645 0.3397369980812073
vt 0.51569002866745 0.8148049712181091
vt 0.5159620046615601 0.8267350196838379
vt 0.5052319765090942 0.8279500007629395
vt 0.5064600110054016 0.8161759972572327
vt 0.022610999643802643 0.3822219967842102
vt 0.020887000486254692 0.3860749900341034
vt 0.016481999307870865 0.3850420117378235
vt 0.01587500050663948 0.3827719986438751
vt 0.5762979984283447 0.8830029964447021
vt 0.5720199942588806 0.8837829828262329
vt 0.5709310173988342 0.870464026927948
vt 0.5774629712104797 0.8695499897003174
vt 0.4408870041370392 0.8146790266036987
vt 0.4475480020046234 0.8127250075340271
vt 0.4485889971256256 0.8298310041427612
vt 0.44144898653030396 0.8331339955329895
vt 0.012401999905705452 0.7798709869384766
vt 0.020212000235915184 0.7802969813346863
vt 0.22826999425888062 0.6278280019760132
vt 0.23743900656700134 0.6336439847946167
vt 0.23563699424266815 0.6379259824752808
vt 0.22485600411891937 0.6323170065879822
vt 0.23314400017261505 0.6643639802932739
vt 0.23348699510097504 0.6676539778709412
vt 0.22023600339889526 0.66839599609375
vt 0.21989299356937408 0.6651059985160828
vt 0.09597499668598175 0.41204801201820374
vt 0.09612900018692017 0.42173200845718384
vt 0.5163739919662476 0.05395499989390373
vt 0.5137919783592224 0.04505399987101555
vt 0.5172899961471558 0.04316899925470352
vt 0.5228189826011658 0.050912998616695404
vt 0.8786919713020325 0.01937899924814701
vt 0.8836920261383057 0.017291000112891197
vt 0.8853849768638611 0.01934099942445755
vt 0.8809840083122253 0.022825999185442924
vt 0.13833999633789062 0.6915439963340759
vt 0.13404099643230438 0.6913769841194153
vt 0.13353699445724487 0.6852539777755737
vt 0.13944800198078156 0.6852139830589294
vt 0.11410299688577652 0.8536890149116516
vt 0.13822300732135773 0.7014719843864441
vt 0.1387300044298172 0.6965709924697876
vt 0.6284710168838501 0.7760729789733887
vt 0.6351659893989563 0.7798010110855103
vt 0.6310870051383972 0.793038010597229
vt 0.6237559914588928 0.789726972579956
vt 0.24970099329948425 0.8543130159378052
vt 0.23652300238609314 0.8446289896965027
vt 0.25973498821258545 0.840457022190094
vt 0.26678499579429626 0.8513050079345703
vt 0.5501819849014282 0.18844099342823029
vt 0.5490270256996155 0.17882999777793884
vt 0.5577759742736816 0.17934100329875946
vt 0.5589309930801392 0.1889519989490509
vt 0.048478998243808746 0.6283079981803894
vt 0.049003999680280685 0.6321719884872437
vt 0.040219999849796295 0.6314989924430847
vt 0.5433269739151001 0.20092499256134033
vt 0.5414419770240784 0.20621100068092346
vt 0.23382900655269623 0.670943021774292
vt 0.23488600552082062 0.6739010214805603
vt 0.2225780040025711 0.6765050292015076
vt 0.2214069962501526 0.6724500060081482
vt 0.5447350144386292 0.34168699383735657
vt 0.5356820225715637 0.3419269919395447
vt 0.4379189908504486 0.15451200306415558
vt 0.43607598543167114 0.1556680053472519
vt 0.3272840082645416 0.012337000109255314
vt 0.33517301082611084 0.012810000218451023
vt 0.3333339989185333 0.026012999936938286
vt 0.32640400528907776 0.026177000254392624
vt 0.49127501249313354 0.41737401485443115
vt 0.4939810037612915 0.4037320017814636
vt 0.2644270062446594 0.08577899634838104
vt 0.2645750045776367 0.11678799986839294
vt 0.6165549755096436 0.8325139880180359
vt 0.6236389875411987 0.8331230282783508
vt 0.6223620176315308 0.8427929878234863
vt 0.6166229844093323 0.842674970626831
vt 0.4744360148906708 0.5132660269737244
vt 0.48471400141716003 0.49292701482772827
vt 0.2643040120601654 0.026906000450253487
vt 0.9549829959869385 0.37121498584747314
vt 0.9597979784011841 0.3574190139770508
vt 0.9575510025024414 0.37139999866485596
vt 0.03962400183081627 0.6183620095252991
vt 0.048277001827955246 0.6180689930915833
vt 0.0500589981675148 0.6229050159454346
vt 0.5370500087738037 0.682325005531311
vt 0.5350450277328491 0.6880199909210205
vt 0.528128981590271 0.6889050006866455
vt 0.6357229948043823 0.5686209797859192
vt 0.6408659815788269 0.5605329871177673
vt 0.739870011806488 0.9604979753494263
vt 0.13796000182628632 0.6048460006713867
vt 0.13875199854373932 0.5993430018424988
vt 0.2403710037469864 0.5762069821357727
vt 0.24509699642658234 0.5943530201911926
vt 0.239206001162529 0.5920150279998779
vt 0.2338789999485016 0.5752959847450256
vt 0.5507519841194153 0.12206999957561493
vt 0.5543360114097595 0.10477700084447861
vt 0.5090540051460266 0.685139000415802
vt 0.5085510015487671 0.6832540035247803
vt 0.7516630291938782 0.8329179883003235
vt 0.7560719847679138 0.6804580092430115
vt 0.7500050067901611 0.6943539977073669
vt 0.9132949709892273 0.3480739891529083
vt 0.9232000112533569 0.3491469919681549
vt 0.18306699395179749 0.6653670072555542
vt 0.1817139983177185 0.6608570218086243
vt 0.2890099883079529 0.14766499400138855
vt 0.278984010219574 0.14852400124073029
vt 0.07352299988269806 0.29667600989341736
vt 0.9210770130157471 0.37390899658203125
vt 0.35309499502182007 0.9312999844551086
vt 0.41914400458335876 0.8670639991760254
vt 0.43317899107933044 0.8866320252418518
vt 0.3541620075702667 0.9324970245361328
vt 0.9249969720840454 0.6337400078773499
vt 0.9250890016555786 0.635312020778656
vt 0.8124200105667114 0.17921200394630432
vt 0.8217960000038147 0.17262400686740875
vt 0.0196749996393919 0.004437999799847603
vt 0.021095000207424164 0.013673000037670135
vt 0.0131029998883605 0.013251000083982944
vt 0.010347000323235989 0.004637999925762415
vt 0.036531999707221985 0.14675399661064148
vt 0.04293600097298622 0.1464499980211258
vt 0.043115001171827316 0.1784210056066513
vt 0.03658000007271767 0.17775900661945343
vt 0.09052299708127975 0.8355900049209595
vt 0.39708900451660156 0.9422600269317627
vt 0.41050800681114197 0.9387159943580627
vt 0.4086889922618866 0.9464430212974548
vt 0.3885140120983124 0.9514750242233276
vt 0.5136209726333618 0.7193670272827148
vt 0.5146039724349976 0.727616012096405
vt 0.5047730207443237 0.7287650108337402
vt 0.26225200295448303 0.004050999879837036
vt 0.6790390014648438 0.6692389845848083
vt 0.6794549822807312 0.6867570281028748
vt 0.46209800243377686 0.7954620122909546
vt 0.4775390028953552 0.7902820110321045
vt 0.4803830087184906 0.798101007938385
vt 0.4634290039539337 0.8050680160522461
vt 0.3316819965839386 0.4687109887599945
vt 0.3295080065727234 0.4688040018081665
vt 0.528997004032135 0.17638400197029114
vt 0.5366830229759216 0.17113199830055237
vt 0.5366420149803162 0.18095900118350983
vt 0.03799299895763397 0.4268200099468231
vt 0.04643400013446808 0.4271549880504608
vt 0.04653500020503998 0.4322749972343445
vt 0.03809399902820587 0.4319399893283844
vt 0.3120209872722626 0.4463219940662384
vt 0.31687799096107483 0.44714099168777466
vt 0.3122589886188507 0.46097201108932495
vt 0.31038200855255127 0.4606249928474426
vt 0.028651999309659004 0.42643600702285767
vt 0.028795000165700912 0.41653600335121155
vt 0.4320850074291229 0.47089600563049316
vt 0.4185529947280884 0.46629199385643005
vt 0.42841100692749023 0.46121299266815186
vt 0.44124001264572144 0.46348801255226135
vt 0.8513479828834534 0.056113000959157944
vt 0.8468700051307678 0.05847100168466568
vt 0.19940400123596191 0.3224489986896515
vt 0.21208100020885468 0.31637200713157654
vt 0.9896010160446167 0.9004409909248352
vt 0.9902009963989258 0.9146850109100342
vt 0.9837530255317688 0.9164339900016785
vt 0.9853860139846802 0.9019219875335693
vt 0.47536298632621765 0.5253499746322632
vt 0.46260300278663635 0.5251489877700806
vt 0.48349401354789734 0.5129520297050476
vt 0.7895269989967346 0.007780999876558781
vt 0.7896770238876343 0.0029239999130368233
vt 0.022540999576449394 0.3729490041732788
vt 0.015805000439286232 0.3734990060329437
vt 0.6300240159034729 0.5636429786682129
vt 0.6336640119552612 0.5538790225982666
vt 0.555400013923645 0.5254390239715576
vt 0.4211530089378357 0.5356150269508362
vt 0.40818899869918823 0.5249599814414978
vt 0.42403098940849304 0.5181300044059753
vt 0.43377798795700073 0.5247290134429932
vt 0.6695610284805298 0.4496249854564667
vt 0.6594489812850952 0.45405301451683044
vt 0.020966000854969025 0.7750189900398254
vt 0.035346999764442444 0.7749860286712646
vt 0.03552699834108353 0.7797070145606995
vt 0.26451900601387024 0.14722399413585663
vt 0.2789289951324463 0.17895999550819397
vt 0.26454898715019226 0.17923200130462646
vt 0.2641029953956604 0.5838630199432373
vt 0.2635599970817566 0.5891799926757812
vt 0.25309500098228455 0.5827450156211853
vt 0.25161799788475037 0.5749859809875488
vt 0.2809560000896454 0.4267520010471344
vt 0.2810420095920563 0.42832401394844055
vt 0.5201810002326965 0.6982390284538269
vt 0.5219190120697021 0.7093129754066467
vt 0.5126039981842041 0.7101060152053833
vt 0.5109969973564148 0.6983820199966431
vt 0.5815439820289612 0.9109879732131958
vt 0.5788229703903198 0.910099983215332
vt 0.5792840123176575 0.8987669944763184
vt 0.5833650231361389 0.9000980257987976
vt 0.7076460123062134 0.6548680067062378
vt 0.7311050295829773 0.6511729955673218
vt 0.889627993106842 0.490215003490448
vt 0.57532799243927 0.09607899934053421
vt 0.5819590091705322 0.09714599698781967
vt 0.5783730149269104 0.10921599715948105
vt 0.09448499977588654 0.9427390098571777
vt 0.08312399685382843 0.9420390129089355
vt 0.7337560057640076 0.658394992351532
vt 0.7513309717178345 0.6650040149688721
vt 0.474918007850647 0.134226992726326
vt 0.4831579923629761 0.1386139988899231
vt 0.467754989862442 0.14959600567817688
vt 0.10217499732971191 0.895891010761261
vt 0.6737130284309387 0.5487380027770996
vt 0.665153980255127 0.5415099859237671
vt 0.5433210134506226 0.1852560043334961
vt 0.5427629947662354 0.17553700506687164
vt 0.9774180054664612 0.8940590023994446
vt 0.9774180054664612 0.8808289766311646
vt 0.9796169996261597 0.8806869983673096
vt 0.9827579855918884 0.8945940136909485
vt 0.4514560103416443 0.2153880000114441
vt 0.4562099874019623 0.2190759927034378
vt 0.39873600006103516 0.3271830081939697
vt 0.393981009721756 0.323496013879776
vt 0.3150689899921417 0.3268420100212097
vt 0.3091990053653717 0.0042420001700520515
vt 0.31850799918174744 0.0029239999130368233
vt 0.31915798783302307 0.01216300018131733
vt 0.3112829923629761 0.013520999811589718
vt 0.32272499799728394 0.6256129741668701
vt 0.3296090066432953 0.6147609949111938
vt 0.32956498861312866 0.6260960102081299
vt 0.5411249995231628 0.21950100362300873
vt 0.5174109935760498 0.2148289978504181
vt 0.5360490083694458 0.19151300191879272
vt 0.5435090065002441 0.19458900392055511
vt 0.21182799339294434 0.6639860272407532
vt 0.21217000484466553 0.6672760248184204
vt 0.19604000449180603 0.671720027923584
vt 0.19558300077915192 0.6673340201377869
vt 0.07391300052404404 0.2661379873752594
vt 0.2656230032444 0.3844349980354309
vt 0.28000199794769287 0.3841629922389984
vt 0.2807849943637848 0.3890269994735718
vt 0.2650749981403351 0.38872501254081726
vt 0.13783100247383118 0.7074710130691528
vt 0.38031500577926636 0.05352599918842316
vt 0.3840009868144989 0.05121299996972084
vt 0.3919059932231903 0.06265000253915787
vt 0.8871690034866333 0.6614170074462891
vt 0.8939729928970337 0.6606889963150024
vt 0.8851460218429565 0.6712849736213684
vt 0.04897800087928772 0.9755899906158447
vt 0.04433400183916092 0.9748110175132751
vt 0.0435819998383522 0.9626160264015198
vt 0.047717999666929245 0.9641429781913757
vt 0.23806500434875488 0.5676820278167725
vt 0.23175500333309174 0.567225992679596
vt 0.019543999806046486 0.0034719998948276043
vt 0.6557949781417847 0.1549299955368042
vt 0.6492090225219727 0.151870995759964
vt 0.5488060116767883 0.8593140244483948
vt 0.5419960021972656 0.8438590168952942
vt 0.8029320240020752 0.4895620048046112
vt 0.8072540163993835 0.4944489896297455
vt 0.7970280051231384 0.5099499821662903
vt 0.7910900115966797 0.5099850296974182
vt 0.626783013343811 0.1491979956626892
vt 0.636227011680603 0.1586730033159256
vt 0.4457170069217682 0.4352949857711792
vt 0.18245700001716614 0.6998689770698547
vt 0.17454199492931366 0.7061139941215515
vt 0.5540850162506104 0.8302220106124878
vt 0.5492960214614868 0.8432660102844238
vt 0.2890399992465973 0.1796730011701584
vt 0.2890700101852417 0.2116820067167282
vt 0.2789590060710907 0.2109690010547638
vt 0.49195700883865356 0.9303169846534729
vt 0.49679699540138245 0.9317479729652405
vt 0.49462300539016724 0.9401479959487915
vt 0.48887699842453003 0.9398519992828369
vt 0.9155300259590149 0.9074249863624573
vt 0.9304410219192505 0.9244850277900696
vt 0.8850970268249512 0.35058099031448364
vt 0.8939800262451172 0.34926700592041016
vt 0.8949630260467529 0.35445600748062134
vt 0.8870810270309448 0.35634100437164307
vt 0.9254400134086609 0.7516189813613892
vt 0.927075982093811 0.7661920189857483
vt 0.9146869778633118 0.7517989873886108
vt 0.5171809792518616 0.5766080021858215
vt 0.5090770125389099 0.5690129995346069
vt 0.5173580050468445 0.5658239722251892
vt 0.5234159827232361 0.5700309872627258
vt 0.7415220141410828 0.5294939875602722
vt 0.7166759967803955 0.5362190008163452
vt 0.5503730177879333 0.20299699902534485
vt 0.549822986125946 0.20894700288772583
vt 0.13374899327754974 0.6788010001182556
vt 0.13894499838352203 0.6790919899940491
vt 0.761089026927948 0.31570300459861755
vt 0.7566210031509399 0.31578099727630615
vt 0.3338940143585205 0.6474189758300781
vt 0.33021101355552673 0.6841610074043274
vt 0.028752999380230904 0.43155598640441895
vt 0.028843000531196594 0.4475420117378235
vt 0.020200999453663826 0.4484190046787262
vt 0.02011200040578842 0.43243300914764404
vt 0.4921349883079529 0.45355600118637085
vt 0.5232340097427368 0.846094012260437
vt 0.5153589844703674 0.8342490196228027
vt 0.8406839966773987 0.13603200018405914
vt 0.8416540026664734 0.1515830010175705
vt 0.8343870043754578 0.14221200346946716
vt 0.4931600093841553 0.6731039881706238
vt 0.4740619957447052 0.5902959704399109
vt 0.4996660053730011 0.5881879925727844
vt 0.49489301443099976 0.6734830141067505
vt 0.6144629716873169 0.968845009803772
vt 0.6112440228462219 0.9728429913520813
vt 0.44793999195098877 0.15357699990272522
vt 0.4554150104522705 0.15589499473571777
vt 0.45293399691581726 0.16017000377178192
vt 0.4454590082168579 0.15785300731658936
vt 0.385917991399765 0.3408310115337372
vt 0.38172799348831177 0.3422270119190216
vt 0.2785769999027252 0.8764640092849731
vt 0.28057000041007996 0.8767799735069275
vt 0.304874986410141 0.4152190089225769
vt 0.3080520033836365 0.41517800092697144
vt 0.30775800347328186 0.4324190020561218
vt 0.30347898602485657 0.4323349893093109
vt 0.06779000163078308 0.11017300188541412
vt 0.06817899644374847 0.07963500171899796
vt 0.7462800145149231 0.7018759846687317
vt 0.7388740181922913 0.7018420100212097
vt 0.6683899760246277 0.4036180078983307
vt 0.6785439848899841 0.426952987909317
vt 0.6711859703063965 0.42785999178886414
vt 0.6632019877433777 0.40448999404907227
vt 0.17947499454021454 0.6097790002822876
vt 0.1779009997844696 0.6162539720535278
vt 0.16401199996471405 0.6121540069580078
vt 0.16469000279903412 0.60555499792099
vt 0.5012869834899902 0.9255689978599548
vt 0.49772199988365173 0.9216219782829285
vt 0.5442389845848083 0.7971779704093933
vt 0.5521389842033386 0.7968069911003113
vt 0.5556169748306274 0.8112199902534485
vt 0.5477169752120972 0.8115919828414917
vt 0.9878990054130554 0.46855801343917847
vt 0.9959509968757629 0.46824198961257935
vt 0.9967300295829773 0.47438299655914307
vt 0.9865520000457764 0.47867900133132935
vt 0.8513500094413757 0.10210400074720383
vt 0.8619109988212585 0.10683099925518036
vt 0.41865599155426025 0.4576700031757355
vt 0.4137060046195984 0.453235000371933
vt 0.4171049892902374 0.44768598675727844
vt 0.5240520238876343 0.718438982963562
vt 0.52503502368927 0.726688027381897
vt 0.9818180203437805 0.8805450201034546
vt 0.9882739782333374 0.891730010509491
vt 0.4505549967288971 0.8606569766998291
vt 0.7514529824256897 0.8158730268478394
vt 0.7467380166053772 0.8252909779548645
vt 0.2642729878425598 0.448170006275177
vt 0.25633999705314636 0.44887199997901917
vt 0.2581169903278351 0.6024429798126221
vt 0.2588120102882385 0.611175000667572
vt 0.2502230107784271 0.6129950284957886
vt 0.45455899834632874 0.4579879939556122
vt 0.46764901280403137 0.44967401027679443
vt 0.6333799958229065 0.06801299750804901
vt 0.6419919729232788 0.0728669986128807
vt 0.6387249827384949 0.07687000185251236
vt 0.6301119923591614 0.07201600074768066
vt 0.029798999428749084 0.21032500267028809
vt 0.02984599955379963 0.24133099615573883
vt 0.022363999858498573 0.20961399376392365
vt 0.31362301111221313 0.6999430060386658
vt 0.3088949918746948 0.6980260014533997
vt 0.31101998686790466 0.6900550127029419
vt 0.31687799096107483 0.6908050179481506
vt 0.7327769994735718 0.8160759806632996
vt 0.7429829835891724 0.8167780041694641
vt 0.7391179800033569 0.8255190253257751
vt 0.7280619740486145 0.8254950046539307
vt 0.9131810069084167 0.6599230170249939
vt 0.9132689833641052 0.6496350169181824
vt 0.038182999938726425 0.44792601466178894
vt 0.3291420042514801 0.7165470123291016
vt 0.3213549852371216 0.716733992099762
vt 0.1071460023522377 0.6921749711036682
vt 0.1144300028681755 0.6942669749259949
vt 0.11249300092458725 0.6998310089111328
vt 0.10210199654102325 0.6992490291595459
vt 0.7969020009040833 0.14440999925136566
vt 0.8078230023384094 0.16278399527072906
vt 0.3292039930820465 0.2648620009422302
vt 0.32840898633003235 0.29567599296569824
vt 0.498106986284256 0.6864240169525146
vt 0.4987199902534485 0.6844040155410767
vt 0.042580001056194305 0.05406000092625618
vt 0.0485600009560585 0.055011000484228134
vt 0.04868900030851364 0.0844229981303215
vt 0.042709000408649445 0.08347199857234955
vt 0.857429027557373 0.9525949954986572
vt 0.8572729825973511 0.9273539781570435
vt 0.8608869910240173 0.9277129769325256
vt 0.8610429763793945 0.9529539942741394
vt 0.47867101430892944 0.45102500915527344
vt 0.9138249754905701 0.6709280014038086
vt 0.9137589931488037 0.678642988204956
vt 0.2664929926395416 0.8383790254592896
vt 0.2700180113315582 0.8505510091781616
vt 0.2487110048532486 0.4892989993095398
vt 0.25306200981140137 0.4881710112094879
vt 0.2530609965324402 0.49434199929237366
vt 0.2487110048532486 0.49546900391578674
vt 0.14056499302387238 0.6391260027885437
vt 0.7165520191192627 0.7884169816970825
vt 0.7248430252075195 0.7907360196113586
vt 0.7177180051803589 0.8006020188331604
vt 0.709426999092102 0.7982839941978455
vt 0.11701299995183945 0.9413020014762878
vt 0.11885800212621689 0.9486950039863586
vt 0.10758800059556961 0.9488610029220581
vt 0.10601799935102463 0.9422270059585571
vt 0.7522299885749817 0.5614200234413147
vt 0.7548710107803345 0.5682010054588318
vt 0.8052440285682678 0.18952800333499908
vt 0.8122959733009338 0.19411000609397888
vt 0.8066220283508301 0.20270100235939026
vt 0.7980309724807739 0.19832199811935425
vt 0.9139469861984253 0.389384001493454
vt 0.922635018825531 0.3901999890804291
vt 0.9201729893684387 0.40387898683547974
vt 0.30232301354408264 0.1726900041103363
vt 0.3082900047302246 0.17222100496292114
vt 0.3080880045890808 0.20212200284004211
vt 0.3015280067920685 0.20350399613380432
vt 0.805072009563446 0.9267020225524902
vt 0.8088210225105286 0.9200189709663391
vt 0.8260340094566345 0.9172970056533813
vt 0.8259509801864624 0.9344140291213989
vt 0.17967699468135834 0.6497679948806763
vt 0.18036200106143951 0.6563469767570496
vt 0.17279399931430817 0.6548560261726379
vt 0.17282399535179138 0.6479460000991821
vt 0.03774400055408478 0.3855760097503662
vt 0.046185001730918884 0.3859109878540039
vt 0.8337420225143433 0.16586700081825256
vt 0.8447340130805969 0.1602019965648651
vt 0.8461859822273254 0.16739200055599213
vt 0.835116982460022 0.17192800343036652
vt 0.8752740025520325 0.3121800124645233
vt 0.8696330189704895 0.3129650056362152
vt 0.8685960173606873 0.30726200342178345
vt 0.8742370009422302 0.30647799372673035
vt 0.6822479963302612 0.7008640170097351
vt 0.6946470141410828 0.7059810161590576
vt 0.6835899949073792 0.710191011428833
vt 0.6865800023078918 0.4664889872074127
vt 0.7012029886245728 0.4502429962158203
vt 0.1466200053691864 0.9556710124015808
vt 0.15279899537563324 0.9632099866867065
vt 0.6520289778709412 0.9587979912757874
vt 0.6554870009422302 0.9501450061798096
vt 0.6568650007247925 0.9505289793014526
vt 0.6522830128669739 0.9592990279197693
vt 0.17569400370121002 0.7125470042228699
vt 0.10073699802160263 0.03236899897456169
vt 0.09824000298976898 0.04037199914455414
vt 0.0904569998383522 0.040481001138687134
vt 0.09142199903726578 0.03214599937200546
vt 0.690513014793396 0.30242401361465454
vt 0.6868879795074463 0.3022170066833496
vt 0.686240017414093 0.29669201374053955
vt 0.6903780102729797 0.2976990044116974
vt 0.6791260242462158 0.4735110104084015
vt 0.6744639873504639 0.44655001163482666
vt 0.6823059916496277 0.44379499554634094
vt 0.758741021156311 0.1459999978542328
vt 0.7656930088996887 0.1664939969778061
vt 0.1892929971218109 0.6930450201034546
vt 0.1912270039319992 0.6985049843788147
vt 0.18153400719165802 0.6956290006637573
vt 0.029261000454425812 0.11440899968147278
vt 0.029440000653266907 0.14638100564479828
vt 0.6632199883460999 0.8062160015106201
vt 0.6685310006141663 0.8237950205802917
vt 0.6535080075263977 0.8236219882965088
vt 0.6463199853897095 0.806020975112915
vt 0.036614999175071716 0.013795999810099602
vt 0.028398999944329262 0.013418000191450119
vt 0.5884829759597778 0.06107199937105179
vt 0.5793179869651794 0.05694499984383583
vt 0.232915997505188 0.6621720194816589
vt 0.2195509970188141 0.6618170142173767
vt 0.21909399330615997 0.6574310064315796
vt 0.232574000954628 0.6588829755783081
vt 0.32210901379585266 0.2335759997367859
vt 0.32844701409339905 0.23432399332523346
vt 0.11371000111103058 0.8037750124931335
vt 0.11279000341892242 0.811735987663269
vt 0.029619000852108 0.17835299670696259
vt 0.5324680209159851 0.717710018157959
vt 0.5335829854011536 0.7253100275993347
vt 0.6505110263824463 0.5574690103530884
vt 0.7328410148620605 0.9597280025482178
vt 0.9212139844894409 0.44241100549697876
vt 0.9289429783821106 0.4448060095310211
vt 0.4683209955692291 0.4322949945926666
vt 0.4726659953594208 0.4273039996623993
vt 0.47438400983810425 0.4322670102119446
vt 0.24657100439071655 0.9426419734954834
vt 0.23748399317264557 0.9439169764518738
vt 0.24041099846363068 0.9362099766731262
vt 0.25014498829841614 0.934008002281189
vt 0.021043000742793083 0.6227139830589294
vt 0.02171199955046177 0.6281279921531677
vt 0.01497699972242117 0.628678023815155
vt 0.0128389997407794 0.6229190230369568
vt 0.7599610090255737 0.8006240129470825
vt 0.7557070255279541 0.808247983455658
vt 0.7475559711456299 0.8089450001716614
vt 0.4744440019130707 0.4401029944419861
vt 0.4839709997177124 0.4408319890499115
vt 0.06559299677610397 0.3604690134525299
vt 0.06637600064277649 0.32836100459098816
vt 0.17544999718666077 0.3574039936065674
vt 0.4324460029602051 0.42010200023651123
vt 0.42921900749206543 0.4191029965877533
vt 0.14464400708675385 0.6855049729347229
vt 0.1447409987449646 0.6779549717903137
vt 0.9099479913711548 0.33018699288368225
vt 0.9099479913711548 0.30605700612068176
vt 0.9140790104866028 0.3059529960155487
vt 0.9140790104866028 0.3300830125808716
vt 0.5104799866676331 0.05366000160574913
vt 0.5094630122184753 0.04492900148034096
vt 0.020013999193906784 0.39886701107025146
vt 0.01428299956023693 0.38759100437164307
vt 0.6953859925270081 0.7186890244483948
vt 0.6858879923820496 0.7231299877166748
vt 0.5252599716186523 0.7994840145111084
vt 0.526636004447937 0.8135200142860413
vt 0.5154290199279785 0.8006340265274048
vt 0.10995599627494812 0.7068229913711548
vt 0.12139099836349487 0.7259200215339661
vt 0.09979300200939178 0.708433985710144
vt 0.6516469717025757 0.4558440148830414
vt 0.64997398853302 0.4408940076828003
vt 0.6570259928703308 0.4382669925689697
vt 0.7222549915313721 0.6988430023193359
vt 0.6459559798240662 0.08043999969959259
vt 0.6431019902229309 0.0854479968547821
vt 0.6349049806594849 0.08159899711608887
vt 0.16255199909210205 0.6197260022163391
vt 0.1493780016899109 0.6152960062026978
vt 0.4818579852581024 0.5467100143432617
vt 0.46752500534057617 0.5468699932098389
vt 0.4687969982624054 0.5404430031776428
vt 0.48486199975013733 0.5406609773635864
vt 0.9283530116081238 0.6918709874153137
vt 0.9295120239257812 0.7130150198936462
vt 0.9226679801940918 0.7133299708366394
vt 0.9215090274810791 0.6921849846839905
vt 0.7275469899177551 0.3695000112056732
vt 0.7255600094795227 0.3696709871292114
vt 0.010614999569952488 0.3897950053215027
vt 0.012153999879956245 0.39941200613975525
vt 0.005985999945551157 0.4002569913864136
vt 0.006473000161349773 0.3906950056552887
vt 0.15055400133132935 0.6854659914970398
vt 0.6671500205993652 0.5289710164070129
vt 0.6658380031585693 0.5356130003929138
vt 0.6587129831314087 0.5233269929885864
vt 0.029843999072909355 0.3726939857006073
vt 0.7719759941101074 0.48829200863838196
vt 0.7856590151786804 0.48714300990104675
vt 0.7502719759941101 0.7311310172080994
vt 0.7591660022735596 0.7343050241470337
vt 0.7560780048370361 0.7456449866294861
vt 0.7463330030441284 0.7431489825248718
vt 0.5195519924163818 0.4851340055465698
vt 0.5063179731369019 0.4854170083999634
vt 0.5102760195732117 0.4768719971179962
vt 0.5238230228424072 0.47689300775527954
vt 0.6529290080070496 0.1302350014448166
vt 0.6479089856147766 0.1273459941148758
vt 0.65522700548172 0.12073100358247757
vt 0.6594650149345398 0.12223000079393387
vt 0.5242230296134949 0.912900984287262
vt 0.5241960287094116 0.9171440005302429
vt 0.4030439853668213 0.5043100118637085
vt 0.38975000381469727 0.4994640052318573
vt 0.39740100502967834 0.491784006357193
vt 0.41069599986076355 0.4966300129890442
vt 0.8629729747772217 0.5720040202140808
vt 0.7971270084381104 0.5325629711151123
vt 0.8098599910736084 0.5103729963302612
vt 0.8642290234565735 0.5705130100250244
vt 0.6108369827270508 0.11603300273418427
vt 0.61285799741745 0.10379300266504288
vt 0.3361789882183075 0.8640400171279907
vt 0.328914999961853 0.8646590113639832
vt 0.5134410262107849 0.7808830142021179
vt 0.5061990022659302 0.8020049929618835
vt 0.5055789947509766 0.7830600142478943
vt 0.5010769963264465 0.13590599596500397
vt 0.5095049738883972 0.14187200367450714
vt 0.5143929719924927 0.46636199951171875
vt 0.8591570258140564 0.32333800196647644
vt 0.8593469858169556 0.305307000875473
vt 0.8618410229682922 0.3056440055370331
vt 0.8616510033607483 0.3236750066280365
vt 0.6424400210380554 0.742205023765564
vt 0.6674590110778809 0.7345049977302551
vt 0.6682350039482117 0.7413390278816223
vt 0.6447759866714478 0.7492700219154358
vt 0.5082730054855347 0.9693199992179871
vt 0.5163319706916809 0.9718359708786011
vt 0.5137789845466614 0.9768679738044739
vt 0.50559401512146 0.9732300043106079
vt 0.6952419877052307 0.4212610125541687
vt 0.6914799809455872 0.4044190049171448
vt 0.6961830258369446 0.4053939878940582
vt 0.31887099146842957 0.025090999901294708
vt 0.31158700585365295 0.025536999106407166
vt 0.8275759816169739 0.5074340105056763
vt 0.8210989832878113 0.4939189851284027
vt 0.8332239985466003 0.49624601006507874
vt 0.14286400377750397 0.414467990398407
vt 0.5352810025215149 0.42528799176216125
vt 0.6344079971313477 0.8366860151290894
vt 0.6368139982223511 0.8493090271949768
vt 0.6302250027656555 0.8456349968910217
vt 0.644536018371582 0.9336090087890625
vt 0.6506509780883789 0.9299049973487854
vt 0.2530609965324402 0.5005130171775818
vt 0.24966800212860107 0.5013300180435181
vt 0.7982249855995178 0.9423660039901733
vt 0.8009679913520813 0.9353309869766235
vt 0.8260340094566345 0.9524819850921631
vt 0.8131340146064758 0.9628009796142578
vt 0.5744029879570007 0.6890220046043396
vt 0.5779150128364563 0.6868289709091187
vt 0.8886950016021729 0.36520901322364807
vt 0.8963609933853149 0.3636380136013031
vt 0.8956030011177063 0.3744739890098572
vt 0.8884649872779846 0.3750939965248108
vt 0.261790007352829 0.5554749965667725
vt 0.2701469957828522 0.5691729784011841
vt 0.08721199631690979 0.4489069879055023
vt 0.08756300061941147 0.4539490044116974
vt 0.07826799899339676 0.45427799224853516
vt 0.07791800051927567 0.4492360055446625
vt 0.6522629857063293 0.5175110101699829
vt 0.6426770091056824 0.5191289782524109
vt 0.6452040076255798 0.5119580030441284
vt 0.667756974697113 0.5772119760513306
vt 0.6640499830245972 0.5802410244941711
vt 0.5314030051231384 0.39973801374435425
vt 0.5338280200958252 0.4055030047893524
vt 0.6648250222206116 0.5115439891815186
vt 0.6569759845733643 0.5061179995536804
vt 0.895018994808197 0.38284701108932495
vt 0.8861370086669922 0.3841620087623596
vt 0.28614699840545654 0.9588710069656372
vt 0.27094098925590515 0.9527310132980347
vt 0.2715449929237366 0.9443619847297668
vt 0.2859390079975128 0.9497179985046387
vt 0.17970700562000275 0.840067982673645
vt 0.1728069931268692 0.8394119739532471
vt 0.9271820187568665 0.4894010126590729
vt 0.9192100167274475 0.502996027469635
vt 0.5513380169868469 0.8231149911880493
vt 0.5614719986915588 0.8224719762802124
vt 0.5650830268859863 0.8285019993782043
vt 0.6906430125236511 0.5548750162124634
vt 0.6857399940490723 0.5579500198364258
vt 0.6826149821281433 0.5530170202255249
vt 0.6875180006027222 0.5499420166015625
vt 0.9236860275268555 0.5690630078315735
vt 0.9248989820480347 0.5359569787979126
vt 0.9293950200080872 0.5355169773101807
vt 0.92705899477005 0.5687339901924133
vt 0.4946019947528839 0.9491400122642517
vt 0.4895159900188446 0.9502130150794983
vt 0.616424024105072 0.7864159941673279
vt 0.6224439740180969 0.7964329719543457
vt 0.6140850186347961 0.7924230098724365
vt 0.40911099314689636 0.7552890181541443
vt 0.35320600867271423 0.683788001537323
vt 0.6555619835853577 0.8419610261917114
vt 0.6599550247192383 0.8458219766616821
vt 0.6555590033531189 0.8507980108261108
vt 0.6514840126037598 0.8467280268669128
vt 0.04330899938941002 0.2739979922771454
vt 0.04928800091147423 0.2749499976634979
vt 0.049254998564720154 0.30754899978637695
vt 0.7991440296173096 0.060958001762628555
vt 0.7942690253257751 0.05717400088906288
vt 0.8111580014228821 0.03399299830198288
vt 0.8173570036888123 0.04180999845266342
vt 0.509598970413208 0.037973999977111816
vt 0.5117629766464233 0.03803599998354912
vt 0.09982199966907501 0.8355050086975098
vt 0.02921300008893013 0.08340299874544144
vt 0.02191000059247017 0.08365900069475174
vt 0.14936800301074982 0.9352200031280518
vt 0.9081010222434998 0.21957999467849731
vt 0.9062550067901611 0.19595299661159515
vt 0.9098889827728271 0.19672299921512604
vt 0.9127789735794067 0.21991999447345734
vt 0.043129999190568924 0.24202699959278107
vt 0.049320999532938004 0.2423499971628189
vt 0.8318819999694824 0.960690975189209
vt 0.8384889960289001 0.9566019773483276
vt 0.8414589762687683 0.9579629898071289
vt 0.8350909948348999 0.9625599980354309
vt 0.8751959800720215 0.028768999502062798
vt 0.14080500602722168 0.5771660208702087
vt 0.14095599949359894 0.5845299959182739
vt 0.13524700701236725 0.5826470255851746
vt 0.7630199790000916 0.3054409921169281
vt 0.7582229971885681 0.3060939908027649
vt 0.7100819945335388 0.5293009877204895
vt 0.6930680274963379 0.5456389784812927
vt 0.5012500286102295 0.39096999168395996
vt 0.4974690079689026 0.39143699407577515
vt 0.5001649856567383 0.38085100054740906
vt 0.502921998500824 0.3808070123195648
vt 0.5413979887962341 0.473147988319397
vt 0.5273110270500183 0.467303991317749
vt 0.5451189875602722 0.4648450016975403
vt 0.7630079984664917 0.8082290291786194
vt 0.6777880191802979 0.5504580140113831
vt 0.6573709845542908 0.5670710206031799
vt 0.8962060213088989 0.5716210007667542
vt 0.8991889953613281 0.5777509808540344
vt 0.264506995677948 0.48075100779533386
vt 0.25637099146842957 0.480881005525589
vt 0.22367000579833984 0.5885379910469055
vt 0.21890400350093842 0.5885170102119446
vt 0.21322500705718994 0.5730400085449219
vt 0.1184459999203682 0.9564239978790283
vt 0.12098799645900726 0.9560059905052185
vt 0.7165110111236572 0.8158320188522339
vt 0.7117959856987 0.8252500295639038
vt 0.5308719873428345 0.0398470014333725
vt 0.5400369763374329 0.043974000960588455
vt 0.5278350114822388 0.04596700146794319
vt 0.3940480053424835 0.5151659846305847
vt 0.3834260106086731 0.5127859711647034
vt 0.38572201132774353 0.5059360265731812
vt 0.3985460102558136 0.509738028049469
vt 0.28306901454925537 0.8188790082931519
vt 0.2858180105686188 0.8196730017662048
vt 0.28535500168800354 0.8531979918479919
vt 0.09857899695634842 0.8247870206832886
vt 0.09080199897289276 0.8252440094947815
vt 0.721534013748169 0.9676600098609924
vt 0.7280589938163757 0.9650989770889282
vt 0.14389899373054504 0.7212899923324585
vt 0.13745500147342682 0.7221159934997559
vt 0.13755199313163757 0.7145659923553467
vt 0.14388200640678406 0.712643027305603
vt 0.5047010183334351 0.5049430131912231
vt 0.5232210159301758 0.5017579793930054
vt 0.8378779888153076 0.9230499863624573
vt 0.8318819999694824 0.918317973613739
vt 0.8336020112037659 0.9151300191879272
vt 0.840723991394043 0.9197800159454346
vt 0.235943004488945 0.6768590211868286
vt 0.2244649976491928 0.6802279949188232
vt 0.3633750081062317 0.043469998985528946
vt 0.3675000071525574 0.04104999825358391
vt 0.3759489953517914 0.05618099868297577
vt 0.37274599075317383 0.05802199989557266
vt 0.5505549907684326 0.19666099548339844
vt 0.5591199994087219 0.19828499853610992
vt 0.7035459876060486 0.929390013217926
vt 0.7093480229377747 0.9261680245399475
vt 0.7106879949569702 0.9338380098342896
vt 0.7043060064315796 0.9361230134963989
vt 0.3708289861679077 0.32039201259613037
vt 0.37700599431991577 0.3275600075721741
vt 0.36842599511146545 0.32334399223327637
vt 0.541483998298645 0.7249379754066467
vt 0.5407249927520752 0.7375820279121399
vt 0.5405009984970093 0.7166900038719177
vt 0.6626160144805908 0.5853009819984436
vt 0.6656380295753479 0.5881680250167847
vt 0.6567429900169373 0.5920699834823608
vt 0.6544700264930725 0.5900390148162842
vt 0.878786027431488 0.4925380051136017
vt 0.8917760252952576 0.5045689940452576
vt 0.8838930130004883 0.5064539909362793
vt 0.42513400316238403 0.20314699411392212
vt 0.4322679936885834 0.20563499629497528
vt 0.37479299306869507 0.313742995262146
vt 0.36858001351356506 0.3106760084629059
vt 0.8786460161209106 0.6273049712181091
vt 0.8708270192146301 0.6278929710388184
vt 0.8708270192146301 0.6134200096130371
vt 0.8774160146713257 0.613860011100769
vt 0.6341919898986816 0.3079249858856201
vt 0.6373130083084106 0.303396999835968
vt 0.6428520083427429 0.30772900581359863
vt 0.6391429901123047 0.3137170076370239
vt 0.6865220069885254 0.7315499782562256
vt 0.6862339973449707 0.7393230199813843
vt 0.6702150106430054 0.750249981880188
vt 0.8764240145683289 0.2877179980278015
vt 0.8678159713745117 0.2909089922904968
vt 0.8679440021514893 0.2855840027332306
vt 0.8765519857406616 0.2823930084705353
vt 0.8082810044288635 0.029656000435352325
vt 0.4467700123786926 0.42299801111221313
vt 0.6315709948539734 0.03504500165581703
vt 0.6444169878959656 0.033562999218702316
vt 0.6428120136260986 0.05039700120687485
vt 0.6289479732513428 0.03955899924039841
vt 0.08898700028657913 0.11009199917316437
vt 0.2642279863357544 0.40015798807144165
vt 0.2807460129261017 0.40088701248168945
vt 0.2808470129966736 0.41846299171447754
vt 0.2640079855918884 0.418161004781723
vt 0.25609099864959717 0.4002859890460968
vt 0.25619301199913025 0.41786301136016846
vt 0.2943579852581024 0.4006020128726959
vt 0.2943420112133026 0.4191780090332031
vt 0.9502159953117371 0.3953529894351959
vt 0.9502019882202148 0.38391798734664917
vt 0.9532210230827332 0.3852669894695282
vt 0.9522280097007751 0.39625200629234314
vt 0.8837659955024719 0.895700991153717
vt 0.8957189917564392 0.8869640231132507
vt 0.9076650142669678 0.9109150171279907
vt 0.31278300285339355 0.41558098793029785
vt 0.31138700246810913 0.43269699811935425
vt 0.44310399889945984 0.5438820123672485
vt 0.4525910019874573 0.5279589891433716
vt 0.8639619946479797 0.9269459843635559
vt 0.8641179800033569 0.9521870017051697
vt 0.5533829927444458 0.029066000133752823
vt 0.5569239854812622 0.01996600069105625
vt 0.04922199994325638 0.3401489853858948
vt 0.049187999218702316 0.3727479875087738
vt 0.04334000125527382 0.3727630078792572
vt 0.5322549939155579 0.9196599721908569
vt 0.5338119864463806 0.915145993232727
vt 0.5422509908676147 0.9210299849510193
vt 0.5395359992980957 0.9244340062141418
vt 0.03693599998950958 0.3730669915676117
vt 0.26106899976730347 0.9310129880905151
vt 0.25416299700737 0.9265679717063904
vt 0.2633860111236572 0.926891028881073
vt 0.04662400111556053 0.44826099276542664
vt 0.05359699949622154 0.44825199246406555
vt 0.05377599969506264 0.48022300004959106
vt 0.04680300131440163 0.48023200035095215
vt 0.90420001745224 0.3546540141105652
vt 0.5416550040245056 0.1691569983959198
vt 0.5486540198326111 0.1706099957227707
vt 0.7268959879875183 0.8006049990653992
vt 0.7373499870300293 0.8082429766654968
vt 0.7207649946212769 0.8082079887390137
vt 0.7402840256690979 0.7128610014915466
vt 0.748045027256012 0.7152829766273499
vt 0.7432559728622437 0.7279790043830872
vt 0.7363449931144714 0.7248799800872803
vt 0.15748800337314606 0.4077039957046509
vt 0.15814299881458282 0.7131220102310181
vt 0.15050800144672394 0.7122719883918762
vt 0.1586029976606369 0.706483006477356
vt 0.2243099957704544 0.9062910079956055
vt 0.8747090101242065 0.5806459784507751
vt 0.8773959875106812 0.5771880149841309
vt 0.3179349899291992 0.05189400166273117
vt 0.31677401065826416 0.08115799725055695
vt 0.5952010154724121 0.16067899763584137
vt 0.585752010345459 0.1381469964981079
vt 0.5929350256919861 0.13848699629306793
vt 0.601967990398407 0.15479199588298798
vt 0.11777299642562866 0.7081279754638672
vt 0.12031000107526779 0.7011370062828064
vt 0.5209720134735107 0.040171001106500626
vt 0.20782800018787384 0.5813559889793396
vt 0.20492100715637207 0.574258029460907
vt 0.3843039870262146 0.3311370015144348
vt 0.3906030058860779 0.33661699295043945
vt 0.9046120047569275 0.389508992433548
vt 0.9137669801712036 0.6404920220375061
vt 0.1583009958267212 0.726980984210968
vt 0.1585790067911148 0.7198860049247742
vt 0.7930740118026733 0.764024019241333
vt 0.798354983329773 0.7655689716339111
vt 0.7934600114822388 0.7782120108604431
vt 0.7881799936294556 0.7766669988632202
vt 0.621770977973938 0.05325299873948097
vt 0.6284480094909668 0.05754999816417694
vt 0.6257339715957642 0.06343799829483032
vt 0.19911499321460724 0.8524169921875
vt 0.18959499895572662 0.8778349757194519
vt 0.1940000057220459 0.8508750200271606
vt 0.30410200357437134 0.4889729917049408
vt 0.30727899074554443 0.4889320135116577
vt 0.305635005235672 0.5266159772872925
vt 0.3024570047855377 0.526656985282898
vt 0.45406800508499146 0.17721399664878845
vt 0.4403820037841797 0.2048330008983612
vt 0.6951389908790588 0.6542999744415283
vt 0.7638739943504333 0.7467949986457825
vt 0.7677050232887268 0.735090970993042
vt 0.7752150297164917 0.7436469793319702
vt 0.772059977054596 0.7490609884262085
vt 0.19895599782466888 0.6323739886283875
vt 0.18261699378490448 0.6322469711303711
vt 0.18430499732494354 0.6268680095672607
vt 0.6961939930915833 0.5505719780921936
vt 0.917838990688324 0.5999839901924133
vt 0.6541939973831177 0.9404249787330627
vt 0.6520289778709412 0.9302899837493896
vt 0.6555690169334412 0.9397779703140259
vt 0.13638600707054138 0.611320972442627
vt 0.13552699983119965 0.6174650192260742
vt 0.13046500086784363 0.6158919930458069
vt 0.13311700522899628 0.6099969744682312
vt 0.12209700047969818 0.9271230101585388
vt 0.12540799379348755 0.9391779899597168
vt 0.11441200226545334 0.9284459948539734
vt 0.09154199808835983 0.030376000329852104
vt 0.08212800323963165 0.03247499838471413
vt 0.08128400146961212 0.031325001269578934
vt 0.6766089797019958 0.8263760209083557
vt 0.9148210287094116 0.8418809771537781
vt 0.9384289979934692 0.8602870106697083
vt 0.9094690084457397 0.8457229733467102
vt 0.2487110048532486 0.014450999908149242
vt 0.2559239864349365 0.014894999563694
vt 0.2578189969062805 0.02718299999833107
vt 0.25193700194358826 0.027312999591231346
vt 0.3172850012779236 0.8546630144119263
vt 0.317315012216568 0.8602690100669861
vt 0.31000399589538574 0.8594650030136108
vt 0.3089750111103058 0.8544179797172546
vt 0.5657539963722229 0.2071859985589981
vt 0.565750002861023 0.19935199618339539
vt 0.5755119919776917 0.20075899362564087
vt 0.5758839845657349 0.20636899769306183
vt 0.4669399857521057 0.13099199533462524
vt 0.45977699756622314 0.14636099338531494
vt 0.12153200060129166 0.695904016494751
vt 0.1951269954442978 0.6629490256309509
vt 0.19489899277687073 0.66075599193573
vt 0.23956699669361115 0.6173200011253357
vt 0.247420996427536 0.6248940229415894
vt 0.19992800056934357 0.8843899965286255
vt 0.2165360003709793 0.8916119933128357
vt 0.19003300368785858 0.9082390069961548
vt 0.6418399810791016 0.1474210023880005
vt 0.6370030045509338 0.14341899752616882
vt 0.6402699947357178 0.13941599428653717
vt 0.6553339958190918 0.5805749893188477
vt 0.6582139730453491 0.5823410153388977
vt 0.6500899791717529 0.5865979790687561
vt 0.6485880017280579 0.5849230289459229
vt 0.775924026966095 0.7487900257110596
vt 0.7824450135231018 0.750773012638092
vt 0.7784720063209534 0.7598279714584351
vt 0.7719510197639465 0.7578449845314026
vt 0.08406800031661987 0.8557909727096558
vt 0.02274700067937374 0.41776299476623535
vt 0.021460000425577164 0.4209449887275696
vt 0.8871650099754333 0.6495569944381714
vt 0.8940600156784058 0.6504020094871521
vt 0.49932798743247986 0.476065993309021
vt 0.48980098962783813 0.4753369987010956
vt 0.5381839871406555 0.8124549984931946
vt 0.16746799647808075 0.5785149931907654
vt 0.16700099408626556 0.5719770193099976
vt 0.04945199936628342 0.6393129825592041
vt 0.0467349998652935 0.7665989995002747
vt 0.18167799711227417 0.9752449989318848
vt 0.180185005068779 0.9895250201225281
vt 0.17766399681568146 0.9900450110435486
vt 0.17544099688529968 0.9754649996757507
vt 0.7901359796524048 0.7518699765205383
vt 0.7865530252456665 0.7620409727096558
vt 0.13397599756717682 0.6038529872894287
vt 0.6849709749221802 0.8173149824142456
vt 0.7031710147857666 0.9502099752426147
vt 0.6938390135765076 0.9404079914093018
vt 0.6995030045509338 0.9381260275840759
vt 0.7097769975662231 0.9491959810256958
vt 0.08948799967765808 0.8060529828071594
vt 0.08982100337743759 0.8141800165176392
vt 0.08177600055932999 0.8144310116767883
vt 0.08117300271987915 0.8060979843139648
vt 0.07990200072526932 0.003992999903857708
vt 0.08205699920654297 0.02500000037252903
vt 0.07374600321054459 0.025262000039219856
vt 0.06854800134897232 0.004143999889492989
vt 0.6387209892272949 0.9720889925956726
vt 0.6299930214881897 0.9755799770355225
vt 0.6284599900245667 0.97051602602005
vt 0.6349409818649292 0.9672560095787048
vt 0.27944499254226685 0.818693995475769
vt 0.2792789936065674 0.8047869801521301
vt 0.2828829884529114 0.8080660104751587
vt 0.5084800124168396 0.740867018699646
vt 0.6700289845466614 0.579243004322052
vt 0.6663230061531067 0.5822719931602478
vt 0.8869069814682007 0.6922810077667236
vt 0.8939470052719116 0.7132729887962341
vt 0.8869389891624451 0.7134289741516113
vt 0.3649030029773712 0.027767999097704887
vt 0.36858901381492615 0.02545499987900257
vt 0.37463098764419556 0.036660000681877136
vt 0.37186598777770996 0.038394998759031296
vt 0.030793000012636185 0.9376789927482605
vt 0.005665000062435865 0.9438740015029907
vt 0.0029239999130368233 0.9326050281524658
vt 0.02506900019943714 0.9217410087585449
vt 0.03700599819421768 0.3823400139808655
vt 0.029913999140262604 0.3819670081138611
vt 0.012210000306367874 0.44799700379371643
vt 0.4721910059452057 0.5803580284118652
vt 0.4913350045681 0.5777789950370789
vt 0.15996800363063812 0.3598310053348541
vt 0.5615739822387695 0.3289639949798584
vt 0.5642160177230835 0.3109720051288605
vt 0.5705069899559021 0.3119649887084961
vt 0.5710170269012451 0.3335449993610382
vt 0.5054460167884827 0.37947699427604675
vt 0.5082030296325684 0.37943199276924133
vt 0.4529930055141449 0.8725889921188354
vt 0.458732008934021 0.8749679923057556
vt 0.45482298731803894 0.8840050101280212
vt 0.049389999359846115 0.38298699259757996
vt 0.04340999945998192 0.3820360004901886
vt 0.8245670199394226 0.2823930084705353
vt 0.833253026008606 0.2833319902420044
vt 0.8308169841766357 0.28717198967933655
vt 0.823403000831604 0.28522300720214844
vt 0.5132690072059631 0.5590479969978333
vt 0.49775201082229614 0.5588899850845337
vt 0.5066750049591064 0.5447829961776733
vt 0.523061990737915 0.542248010635376
vt 0.8244230151176453 0.19773100316524506
vt 0.8171989917755127 0.2150450050830841
vt 0.1993809938430786 0.5950719714164734
vt 0.20278100669384003 0.612824022769928
vt 0.18801599740982056 0.6062219738960266
vt 0.6857579946517944 0.7934039831161499
vt 0.6980180144309998 0.7955049872398376
vt 0.6940820217132568 0.8029209971427917
vt 0.7906370162963867 0.5277100205421448
vt 0.7830380201339722 0.7866079807281494
vt 0.7900909781455994 0.7838870286941528
vt 0.7897689938545227 0.7886970043182373
vt 0.7820069789886475 0.7905110120773315
vt 0.6713089942932129 0.7611110210418701
vt 0.6928160190582275 0.7649070024490356
vt 0.6856570243835449 0.771809995174408
vt 0.6707050204277039 0.7687270045280457
vt 0.5583189725875854 0.04997500032186508
vt 0.5672969818115234 0.049991998821496964
vt 0.5702490210533142 0.06189100071787834
vt 0.3050270080566406 0.02691899985074997
vt 0.3106519877910614 0.05234000086784363
vt 0.3040919899940491 0.053720999509096146
vt 0.43926501274108887 0.40289101004600525
vt 0.4356510043144226 0.3983359932899475
vt 0.43817999958992004 0.3954789936542511
vt 0.44155600666999817 0.40027499198913574
vt 0.28561899065971375 0.8109210133552551
vt 0.5699620246887207 0.03565099835395813
vt 0.5647600293159485 0.039096999913454056
vt 0.5666880011558533 0.026597000658512115
vt 0.042757000774145126 0.11447799950838089
vt 0.04873599857091904 0.11542899906635284
vt 0.04912799969315529 0.14677299559116364
vt 0.6267070174217224 0.07775100320577621
vt 0.519150972366333 0.19201800227165222
vt 0.5213099718093872 0.18163399398326874
vt 0.5287719964981079 0.18732300400733948
vt 0.42161399126052856 0.4392020106315613
vt 0.690513014793396 0.3411700129508972
vt 0.6868870258331299 0.3409619927406311
vt 0.6867300271987915 0.3160780072212219
vt 0.6903560161590576 0.3162840008735657
vt 0.39906901121139526 0.09324699640274048
vt 0.4003300070762634 0.09249799698591232
vt 0.4051100015640259 0.10445199906826019
vt 0.8057010173797607 0.07339499890804291
vt 0.8110319972038269 0.06780199706554413
vt 0.8307510018348694 0.06306800246238708
vt 0.8324080109596252 0.07262299954891205
vt 0.32975301146507263 0.40061599016189575
vt 0.3257319927215576 0.40071600675582886
vt 0.30532601475715637 0.46031901240348816
vt 0.3078539967536926 0.4604719877243042
vt 0.30765300989151 0.47657299041748047
vt 0.3059009909629822 0.47664201259613037
vt 0.3154670000076294 0.43329399824142456
vt 0.5767719745635986 0.13551899790763855
vt 0.5844050049781799 0.11039099842309952
vt 0.2936829924583435 0.8913440108299255
vt 0.3085089921951294 0.893235981464386
vt 0.3064430058002472 0.9214699864387512
vt 0.2958950102329254 0.9215750098228455
vt 0.9490839838981628 0.4107069969177246
vt 0.17637400329113007 0.5447909832000732
vt 0.1867460012435913 0.5544360280036926
vt 0.10151100158691406 0.1387310028076172
vt 0.17429600656032562 0.5384590029716492
vt 0.9038140177726746 0.7129619717597961
vt 0.9141700267791748 0.7135030031204224
vt 0.9144290089607239 0.7326509952545166
vt 0.5736500024795532 0.0457100011408329
vt 0.5794039964675903 0.041537001729011536
vt 0.3082520067691803 0.23357300460338593
vt 0.3155359923839569 0.23312699794769287
vt 0.3074580132961273 0.26438599824905396
vt 0.02819100022315979 0.3858189880847931
vt 0.028655000030994415 0.39799100160598755
vt 0.5205680131912231 0.17041699588298798
vt 0.731374979019165 0.7535039782524109
vt 0.7452660202980042 0.7529249787330627
vt 0.7377129793167114 0.7675489783287048
vt 0.7270129919052124 0.7656779885292053
vt 0.02218399941921234 0.17764200270175934
vt 0.5410100221633911 0.3994860053062439
vt 0.5419449806213379 0.40310099720954895
vt 0.7643319964408875 0.5605239868164062
vt 0.7730739712715149 0.5678889751434326
vt 0.7548980116844177 0.5758990049362183
vt 0.7603129744529724 0.5536519885063171
vt 0.4199160039424896 0.4901160001754761
vt 0.007170000113546848 0.785485029220581
vt 0.0029239999130368233 0.7898370027542114
vt 0.6038380265235901 0.11457999795675278
vt 0.6058589816093445 0.10233999788761139
vt 0.2581250071525574 0.24352499842643738
vt 0.26481398940086365 0.24382199347019196
vt 0.3021160066127777 0.5483660101890564
vt 0.3041920065879822 0.5482000112533569
vt 0.3049210011959076 0.5528900027275085
vt 0.3017440140247345 0.5529299974441528
vt 0.36335501074790955 0.3180750012397766
vt 0.8763110041618347 0.3178830146789551
vt 0.869625985622406 0.3190380036830902
vt 0.03635299950838089 0.11478199809789658
vt 0.26458001136779785 0.2112410068511963
vt 0.06716000288724899 0.2962540090084076
vt 0.06754899770021439 0.26571598649024963
vt 0.5195810198783875 0.6902819871902466
vt 0.5102660059928894 0.6910750269889832
vt 0.29432499408721924 0.49261200428009033
vt 0.2913129925727844 0.49157699942588806
vt 0.29249000549316406 0.48704400658607483
vt 0.29432499408721924 0.48889198899269104
vt 0.14163899421691895 0.38138800859451294
vt 0.1104229986667633 0.4027639925479889
vt 0.1395370066165924 0.38010498881340027
vt 0.5874230265617371 0.16828100383281708
vt 0.8534650206565857 0.07242999970912933
vt 0.34265801310539246 0.7164220213890076
vt 0.3386949896812439 0.8405100107192993
vt 0.3369159996509552 0.7169129848480225
vt 0.873199999332428 0.3007749915122986
vt 0.8682249784469604 0.3023959994316101
vt 0.867688000202179 0.29623401165008545
vt 0.8752509951591492 0.2934130132198334
vt 0.5879909992218018 0.2015029937028885
vt 0.5895130038261414 0.206276997923851
vt 0.16462799906730652 0.5640929937362671
vt 0.15066200494766235 0.5651659965515137
vt 0.14768800139427185 0.5587090253829956
vt 0.09264600276947021 0.3615170121192932
vt 0.09243199974298477 0.3945760130882263
vt 0.216170996427536 0.6769149899482727
vt 0.21877199411392212 0.6803079843521118
vt 0.20309799909591675 0.6891379952430725
vt 0.2010979950428009 0.6843180060386658
vt 0.6956520080566406 0.5575699806213379
vt 0.6893709897994995 0.560554027557373
vt 0.5879920125007629 0.09832099825143814
vt 0.803138017654419 0.09681499749422073
vt 0.8234660029411316 0.12383799999952316
vt 0.7992460131645203 0.10006300359964371
vt 0.5868319869041443 0.18405799567699432
vt 0.5870199799537659 0.19339099526405334
vt 0.7902669906616211 0.9434580206871033
vt 0.7931370139122009 0.9626849889755249
vt 0.6214609742164612 0.9696800112724304
vt 0.6207470297813416 0.9749770164489746
vt 0.9233919978141785 0.6403149962425232
vt 0.17733900249004364 0.9685270190238953
vt 0.17048899829387665 0.9319130182266235
vt 0.19341500103473663 0.9580190181732178
vt 0.18602199852466583 0.969398021697998
vt 0.9234499931335449 0.6707509756088257
vt 0.9609689712524414 0.5494930148124695
vt 0.9569100141525269 0.5499110221862793
vt 0.9599810242652893 0.5371000170707703
vt 0.9629729986190796 0.5369579792022705
vt 0.4024749994277954 0.4429590106010437
vt 0.41136398911476135 0.4449610114097595
vt 0.601419985294342 0.057238999754190445
vt 0.5966799855232239 0.06492099910974503
vt 0.11251399666070938 0.9142379760742188
vt 0.10493999719619751 0.9297440052032471
vt 0.10304199904203415 0.9155349731445312
vt 0.1287350058555603 0.6789649724960327
vt 0.12363599985837936 0.6711230278015137
vt 0.12368600070476532 0.6618360280990601
vt 0.2502099871635437 0.4004170000553131
vt 0.2503109872341156 0.4179930090904236
vt 0.9047070145606995 0.1838179975748062
vt 0.9100670218467712 0.18555299937725067
vt 0.2526249885559082 0.3072449862957001
vt 0.2528589963912964 0.3398270010948181
vt 0.04329400137066841 0.2103929966688156
vt 0.03675900027155876 0.20973099768161774
vt 0.09024199843406677 0.7998579740524292
vt 0.09007599949836731 0.8016229867935181
vt 0.522674024105072 0.03599800169467926
vt 0.5220289826393127 0.03287599980831146
vt 0.531561017036438 0.03477700054645538
vt 0.9303640127182007 0.39259499311447144
vt 0.9271159768104553 0.4053890109062195
vt 0.9693729877471924 0.43606001138687134
vt 0.9680770039558411 0.4507499933242798
vt 0.962215006351471 0.44869300723075867
vt 0.9619280099868774 0.43233001232147217
vt 0.930122971534729 0.6410009860992432
vt 0.9148719906806946 0.2910209894180298
vt 0.9105029702186584 0.29238200187683105
vt 0.43312498927116394 0.432778000831604
vt 0.43985599279403687 0.16952499747276306
vt 0.43671101331710815 0.1686529964208603
vt 0.16868999600410461 0.8347039818763733
vt 0.16612499952316284 0.8388170003890991
vt 0.1596910059452057 0.8358579874038696
vt 0.1652030050754547 0.831820011138916
vt 0.09463699907064438 0.2022159993648529
vt 0.08838800340890884 0.20265600085258484
vt 0.22121499478816986 0.6279289722442627
vt 0.20210400223731995 0.619422972202301
vt 0.22552399337291718 0.6235650181770325
vt 0.544376015663147 0.4073379933834076
vt 0.5480129718780518 0.401544988155365
vt 0.5497410297393799 0.4034520089626312
vt 0.23589399456977844 0.8657879829406738
vt 0.25973498821258545 0.8618260025978088
vt 0.23757700622081757 0.8921759724617004
vt 0.2243099957704544 0.8820430040359497
vt 0.6619430184364319 0.10280200093984604
vt 0.10033900290727615 0.20137600600719452
vt 0.10051800310611725 0.23286500573158264
vt 0.5349239706993103 0.47996699810028076
vt 0.5354390144348145 0.7976139783859253
vt 0.015706999227404594 0.33993300795555115
vt 0.4436739981174469 0.7343069911003113
vt 0.43276500701904297 0.747497022151947
vt 0.2447420060634613 0.6133049726486206
vt 0.24027100205421448 0.6148359775543213
vt 0.23099100589752197 0.5902140140533447
vt 0.5931839942932129 0.18075400590896606
vt 0.5943310260772705 0.1720850020647049
vt 0.6096180081367493 0.17340199649333954
vt 0.6014770269393921 0.1936749964952469
vt 0.7091580033302307 0.5644639730453491
vt 0.07240399718284607 0.030635999515652657
vt 0.31716400384902954 0.11014699935913086
vt 0.3163689970970154 0.14096100628376007
vt 0.14796799421310425 0.4224739968776703
vt 0.13102400302886963 0.43204501271247864
vt 0.5667470097541809 0.44969499111175537
vt 0.5584009885787964 0.4465770125389099
vt 0.5674880146980286 0.4370949864387512
vt 0.5755950212478638 0.44045600295066833
vt 0.41411200165748596 0.7815260291099548
vt 0.41067901253700256 0.7711619734764099
vt 0.4217270016670227 0.7588220238685608
vt 0.42857998609542847 0.7625120282173157
vt 0.0815889984369278 0.20269900560379028
vt 0.08080600202083588 0.23480600118637085
vt 0.07469599694013596 0.23403100669384003
vt 0.07451599836349487 0.2025420069694519
vt 0.9233840107917786 0.6784669756889343
vt 0.9130110144615173 0.6923580169677734
vt 0.5451719760894775 0.10326199978590012
vt 0.5466409921646118 0.09174799919128418
vt 0.5564029812812805 0.09315600246191025
vt 0.20052899420261383 0.625898003578186
vt 0.18576399981975555 0.6192960143089294
vt 0.08179900050163269 0.1406719982624054
vt 0.0814099982380867 0.17121000587940216
vt 0.07433699816465378 0.17105300724506378
vt 0.07472699880599976 0.14051499962806702
vt 0.6227989792823792 0.301470011472702
vt 0.6263909935951233 0.29669201374053955
vt 0.6303200125694275 0.3020060062408447
vt 0.6267279982566833 0.306782990694046
vt 0.04783499985933304 0.7749080061912537
vt 0.0493369996547699 0.7802240252494812
vt 0.5583140254020691 0.03952899947762489
vt 0.14162799715995789 0.6133490204811096
vt 0.03899800032377243 0.6093779802322388
vt 0.04652699828147888 0.6090800166130066
vt 0.8810830116271973 0.6609969735145569
vt 0.8790599703788757 0.670864999294281
vt 0.047697000205516815 0.9022520184516907
vt 0.047697000205516815 0.8663920164108276
vt 0.05459899827837944 0.8701140284538269
vt 0.05313099920749664 0.9124330282211304
vt 0.3280310034751892 0.5356780290603638
vt 0.32495298981666565 0.49770501255989075
vt 0.4463610053062439 0.21187199652194977
vt 0.43906301259994507 0.20829500257968903
vt 0.08743000030517578 0.4448170065879822
vt 0.07813599705696106 0.44514599442481995
vt 0.3357299864292145 0.5794079899787903
vt 0.9637020230293274 0.1779700070619583
vt 0.9637020230293274 0.16936799883842468
vt 0.9661409854888916 0.16912099719047546
vt 0.9683579802513123 0.1740349978208542
vt 0.7969759702682495 0.7536450028419495
vt 0.8014060258865356 0.7558680176734924
vt 0.653082013130188 0.5780619978904724
vt 0.646336019039154 0.582410991191864
vt 0.6448349952697754 0.580735981464386
vt 0.6508299708366394 0.5755500197410583
vt 0.4669339954853058 0.4215239882469177
vt 0.09499400109052658 0.4487980008125305
vt 0.09534499794244766 0.4538399875164032
vt 0.15292100608348846 0.5719540119171143
vt 0.15410299599170685 0.5781610012054443
vt 0.1458660066127777 0.5787379741668701
vt 0.14468400180339813 0.57253098487854
vt 0.5488330125808716 0.04771500080823898
vt 0.3357259929180145 0.4154520034790039
vt 0.335550993680954 0.4420740008354187
vt 0.6181679964065552 0.1365099996328354
vt 0.013349000364542007 0.7751680016517639
vt 0.3876520097255707 0.45360100269317627
vt 0.3921549916267395 0.44664499163627625
vt 0.7121440172195435 0.7204689979553223
vt 0.7092689871788025 0.731548011302948
vt 0.6941379904747009 0.9187080264091492
vt 0.7003830075263977 0.9173629879951477
vt 0.7021459937095642 0.9235420227050781
vt 0.6950410008430481 0.9251660108566284
vt 0.8488360047340393 0.042681001126766205
vt 0.8411070108413696 0.028463000431656837
vt 0.8605539798736572 0.041568998247385025
vt 0.5117040276527405 0.7620739936828613
vt 0.6616629958152771 0.09484200179576874
vt 0.6553570032119751 0.09974200278520584
vt 0.6560450196266174 0.09206099808216095
vt 0.07505299896001816 0.9149230122566223
vt 0.07543300092220306 0.8948919773101807
vt 0.9039610028266907 0.3481990098953247
vt 0.5436980128288269 0.757847011089325
vt 0.3155739903450012 0.1717739999294281
vt 0.2152169942855835 0.6376720070838928
vt 0.21780100464820862 0.6324179768562317
vt 0.1288450062274933 0.6910859942436218
vt 0.12834200263023376 0.6849629878997803
vt 0.8250730037689209 0.3384999930858612
vt 0.823403000831604 0.3354960083961487
vt 0.13460099697113037 0.6242499947547913
vt 0.9305170178413391 0.8357139825820923
vt 0.9515159726142883 0.851019024848938
vt 0.923878014087677 0.8373289704322815
vt 0.4368410110473633 0.7728800177574158
vt 0.4344640076160431 0.7518609762191772
vt 0.44255098700523376 0.7468760013580322
vt 0.444133996963501 0.7740920186042786
vt 0.4108949899673462 0.514024019241333
vt 0.41783401370048523 0.5097770094871521
vt 0.42952099442481995 0.4251680076122284
vt 0.4262939989566803 0.42416900396347046
vt 0.1008559986948967 0.03060000017285347
vt 0.27980801463127136 0.33972200751304626
vt 0.2798070013523102 0.3743019998073578
vt 0.26542800664901733 0.3745740056037903
vt 0.5525220036506653 0.5510439872741699
vt 0.5513529777526855 0.5434359908103943
vt 0.5851860046386719 0.5272480249404907
vt 0.5877799987792969 0.5306980013847351
vt 0.6886919736862183 0.8398039937019348
vt 0.706125020980835 0.8352940082550049
vt 0.7106249928474426 0.8388410210609436
vt 0.6947150230407715 0.8494539856910706
vt 0.3029699921607971 0.9461709856987
vt 0.2954150140285492 0.9462900161743164
vt 0.1603499948978424 0.5304700136184692
vt 0.14399200677871704 0.5327209830284119
vt 0.11544399708509445 0.7969859838485718
vt 0.11680199950933456 0.799124002456665
vt 0.8581569790840149 0.33886998891830444
vt 0.8606510162353516 0.3392069935798645
vt 0.3823460042476654 0.9439589977264404
vt 0.3821429908275604 0.9507899880409241
vt 0.37466099858283997 0.9522539973258972
vt 0.37373700737953186 0.9448999762535095
vt 0.3527959883213043 0.3190520107746124
vt 0.36034899950027466 0.32004499435424805
vt 0.3587310016155243 0.3264549970626831
vt 0.3521000146865845 0.32488399744033813
vt 0.7038419842720032 0.7488960027694702
vt 0.7116379737854004 0.7500450015068054
vt 0.7057160139083862 0.7619879841804504
vt 0.08221299946308136 0.8245289921760559
vt 0.07434000074863434 0.8235669732093811
vt 0.26119500398635864 0.6145280003547668
vt 0.264396995306015 0.6231769919395447
vt 0.25808700919151306 0.6227220296859741
vt 0.25327399373054504 0.6142789721488953
vt 0.7209929823875427 0.75142502784729
vt 0.7166299819946289 0.7635989785194397
vt 0.31463998556137085 0.3592050075531006
vt 0.0674000009894371 0.1407109946012497
vt 0.21738199889659882 0.5479419827461243
vt 0.21950699388980865 0.5560110211372375
vt 0.21075700223445892 0.5549970269203186
vt 0.20679299533367157 0.5449420213699341
vt 0.7617080211639404 0.7545469999313354
vt 0.7539119720458984 0.7533969879150391
vt 0.3658660054206848 0.32894399762153625
vt 0.3606570065021515 0.3308529853820801
vt 0.3541029989719391 0.32795798778533936
vt 0.3135319948196411 0.7149459719657898
vt 0.3037540018558502 0.8392080068588257
vt 0.30720698833465576 0.714136004447937
vt 0.5806159973144531 0.7452269792556763
vt 0.5817720293998718 0.711821973323822
vt 0.8708270192146301 0.4965609908103943
vt 0.8793259859085083 0.5094119906425476
vt 0.438616007566452 0.17166300117969513
vt 0.4470120072364807 0.17340099811553955
vt 0.43240299820899963 0.20159800350666046
vt 0.4249289929866791 0.1992810070514679
vt 0.048962999135255814 0.1784069985151291
vt 0.6998540163040161 0.5645790100097656
vt 0.6986749768257141 0.5604379773139954
vt 0.01562800072133541 0.21016399562358856
vt 0.015448999591171741 0.17819200456142426
vt 0.15105800330638885 0.7201330065727234
vt 0.9138579964637756 0.47272199392318726
vt 0.8113880157470703 0.1701519936323166
vt 0.8028129935264587 0.17339099943637848
vt 0.6219149827957153 0.06816700100898743
vt 0.6185100078582764 0.07390099763870239
vt 0.06797400116920471 0.17062999308109283
vt 0.9099439978599548 0.23270399868488312
vt 0.9131919741630554 0.23306599259376526
vt 0.2945370078086853 0.42904001474380493
vt 0.2945919930934906 0.4331839978694916
vt 0.2809790074825287 0.4334680140018463
vt 0.9803310036659241 0.30689701437950134
vt 0.9813299775123596 0.3162820041179657
vt 0.9753559827804565 0.3123829960823059
vt 0.9750750064849854 0.3001619875431061
vt 0.1748339980840683 0.9915220141410828
vt 0.17048899829387665 0.9789950251579285
vt 0.32186201214790344 0.36922600865364075
vt 0.31432801485061646 0.36813899874687195
vt 0.5015419721603394 0.9058550000190735
vt 0.48887699842453003 0.9070540070533752
vt 0.5052739977836609 0.8778340220451355
vt 0.513592004776001 0.8787670135498047
vt 0.6360939741134644 0.062125999480485916
vt 0.644523024559021 0.06809200346469879
vt 0.7177019715309143 0.7322819828987122
vt 0.715008020401001 0.7401360273361206
vt 0.7067509889602661 0.7407799959182739
vt 0.8869649767875671 0.3921459913253784
vt 0.8958470225334167 0.39083200693130493
vt 0.8954430222511292 0.40317898988723755
vt 0.8877760171890259 0.4047490060329437
vt 0.7571979761123657 0.6946489810943604
vt 0.76555997133255 0.6940569877624512
vt 0.7540040016174316 0.7017009854316711
vt 0.6689659953117371 0.7801899909973145
vt 0.6809409856796265 0.7812280058860779
vt 0.6536639928817749 0.5701000094413757
vt 0.1764409989118576 0.6238250136375427
vt 0.3378030061721802 0.553076982498169
vt 0.33815398812294006 0.561191976070404
vt 0.712224006652832 0.8077890276908875
vt 0.8446570038795471 0.9359989762306213
vt 0.8429570198059082 0.9294019937515259
vt 0.8457750082015991 0.9271630048751831
vt 0.8485720157623291 0.9347090125083923
vt 0.6414219737052917 0.9639970064163208
vt 0.6460679769515991 0.9671819806098938
vt 0.9576249718666077 0.5763440132141113
vt 0.9589750170707703 0.5629330277442932
vt 0.19721099734306335 0.6757739782333374
vt 0.18818299472332 0.6818550229072571
vt 0.1860010027885437 0.676580011844635
vt 0.8693000078201294 0.018347999081015587
vt 0.8712109923362732 0.02327200025320053
vt 0.2946000099182129 0.423895001411438
vt 0.10069800168275833 0.26435399055480957
vt 0.2899189889431 0.3404349982738495
vt 0.29003599286079407 0.3740150034427643
vt 0.24940399825572968 0.6143820285797119
vt 0.2549329996109009 0.6224939823150635
vt 0.25117701292037964 0.6236940026283264
vt 0.24403800070285797 0.615788996219635
vt 0.8994510173797607 0.2220340073108673
vt 0.8961740136146545 0.19842900335788727
vt 0.8999649882316589 0.19630099833011627
vt 0.9028559923171997 0.21949799358844757
vt 0.5365359783172607 0.5004929900169373
vt 0.5278130173683167 0.49076399207115173
vt 0.540103018283844 0.4899210035800934
vt 0.41960299015045166 0.4224120080471039
vt 0.42378899455070496 0.4166800081729889
vt 0.25767698884010315 0.056046001613140106
vt 0.26416200399398804 0.055769000202417374
vt 0.25773900747299194 0.08548200130462646
vt 0.0695900022983551 0.4096289873123169
vt 0.06200199946761131 0.42052799463272095
vt 0.06198899820446968 0.4096260070800781
vt 0.06898199766874313 0.4442580044269562
vt 0.06933300197124481 0.44929999113082886
vt 0.06143699958920479 0.44854500889778137
vt 0.06108599901199341 0.4435029923915863
vt 0.3989729881286621 0.421314001083374
vt 0.41704699397087097 0.40403300523757935
vt 0.8203319907188416 0.16492900252342224
vt 0.8322010040283203 0.15704399347305298
vt 0.43669700622558594 0.4206790030002594
vt 0.3775460124015808 0.07136499881744385
vt 0.388698011636734 0.08059599995613098
vt 0.06226800009608269 0.43879300355911255
vt 0.0983470007777214 0.36067700386047363
vt 0.09813299775123596 0.39373600482940674
vt 0.17982099950313568 0.6439549922943115
vt 0.18086199462413788 0.6382660269737244
vt 0.6452339887619019 0.4991089999675751
vt 0.005390999838709831 0.7798839807510376
vt 0.5981720089912415 0.6362119913101196
vt 0.44514399766921997 0.1662909984588623
vt 0.44449999928474426 0.1625320017337799
vt 0.07635799795389175 0.8758260011672974
vt 0.07619400322437286 0.8548290133476257
vt 0.08212599903345108 0.040192000567913055
vt 0.08121699839830399 0.05281699821352959
vt 0.07414499670267105 0.05265999957919121
vt 0.0738150030374527 0.04045400023460388
vt 0.012121000327169895 0.4320110082626343
vt 0.25806498527526855 0.1795080006122589
vt 0.2521829903125763 0.17963899672031403
vt 0.9314219951629639 0.670432984828949
vt 0.39432498812675476 0.07719200104475021
vt 0.4021730124950409 0.09134099632501602
vt 0.5144379734992981 0.9782379865646362
vt 0.5047240257263184 0.9748700261116028
vt 0.9885820150375366 0.45735400915145874
vt 0.9967300295829773 0.45862799882888794
vt 0.9674689769744873 0.37392500042915344
vt 0.9669809937477112 0.361395001411438
vt 0.9801819920539856 0.3682459890842438
vt 0.9816439747810364 0.3772589862346649
vt 0.8556209802627563 0.05138799920678139
vt 0.8694120049476624 0.050850000232458115
vt 0.06833299994468689 0.23360800743103027
vt 0.9665039777755737 0.2898379862308502
vt 0.9519069790840149 0.298550009727478
vt 0.9478819966316223 0.28929200768470764
vt 0.9602779746055603 0.27925199270248413
vt 0.9789869785308838 0.5561220049858093
vt 0.9740030169487 0.5569189786911011
vt 0.9787610173225403 0.5489979982376099
vt 0.9810469746589661 0.5477129817008972
vt 0.6670339703559875 0.43177199363708496
vt 0.9611340165138245 0.3480739891529083
vt 0.3172520101070404 0.9210860133171082
vt 0.31119200587272644 0.9451919794082642
vt 0.9696699976921082 0.8883339762687683
vt 0.9671090245246887 0.8978000283241272
vt 0.9652079939842224 0.8946210145950317
vt 0.9683499932289124 0.8833609819412231
vt 0.9240540266036987 0.7324749827384949
vt 0.5005679726600647 0.6915760040283203
vt 0.06762000173330307 0.9129549860954285
vt 0.06854499876499176 0.8938890099525452
vt 0.1232059970498085 0.6356250047683716
vt 0.01884699985384941 0.41388198733329773
vt 0.014917000196874142 0.4141539931297302
vt 0.045173000544309616 0.4830760061740875
vt 0.39529600739479065 0.3361380100250244
vt 0.3908810019493103 0.3322800099849701
vt 0.9276580214500427 0.42572999000549316
vt 0.9209290146827698 0.42390498518943787
vt 0.13785000145435333 0.3778040111064911
vt 0.5349090099334717 0.11364500224590302
vt 0.5344430208206177 0.10157600045204163
vt 0.5446709990501404 0.11505299806594849
vt 0.4470059871673584 0.4558669924736023
vt 0.29023098945617676 0.3838770091533661
vt 0.49715501070022583 0.9673460125923157
vt 0.49628499150276184 0.9689859747886658
vt 0.6233360171318054 0.7725759744644165
vt 0.5035920143127441 0.7633090019226074
vt 0.5006189942359924 0.7430440187454224
vt 0.7075799703598022 0.8142970204353333
vt 0.2641110122203827 0.6104090213775635
vt 0.8945389986038208 0.6214560270309448
vt 0.8958629965782166 0.6257550120353699
vt 0.8855969905853271 0.6278929710388184
vt 0.8844929933547974 0.6210299730300903
vt 0.03101000003516674 0.6320809721946716
vt 0.9047840237617493 0.38209500908851624
vt 0.9141190052032471 0.38196900486946106
vt 0.6485990285873413 0.9492539763450623
vt 0.6475639939308167 0.9410650134086609
vt 0.04777999967336655 0.44411298632621765
vt 0.04456799849867821 0.4409089982509613
vt 0.02002199925482273 0.4164470136165619
vt 0.8937389850616455 0.44183599948883057
vt 0.9029759764671326 0.4420340061187744
vt 0.09826499968767166 0.40286898612976074
vt 0.09256500005722046 0.40370801091194153
vt 0.6710140109062195 0.4941279888153076
vt 0.9027119874954224 0.6603819727897644
vt 0.658486008644104 0.7561500072479248
vt 0.6556490063667297 0.7655900120735168
vt 0.45844998955726624 0.4142589867115021
vt 0.4489409923553467 0.40741801261901855
vt 0.45785000920295715 0.4033069908618927
vt 0.4661009907722473 0.4092859923839569
vt 0.4595009982585907 0.5382919907569885
vt 0.45117899775505066 0.5633519887924194
vt 0.8275169730186462 0.14800900220870972
vt 0.5512170195579529 0.4128910005092621
vt 0.54728102684021 0.4110899865627289
vt 0.5506809949874878 0.40553998947143555
vt 0.5524140000343323 0.40591898560523987
vt 0.22565299272537231 0.6862450242042542
vt 0.23076100647449493 0.6895560026168823
vt 0.20914599299430847 0.7053350210189819
vt 0.08765199780464172 0.46969398856163025
vt 0.8774440288543701 0.016472000628709793
vt 0.20983900129795074 0.588329017162323
vt 0.21373599767684937 0.5990260243415833
vt 0.19881999492645264 0.5850589871406555
vt 0.32562899589538574 0.4849979877471924
vt 0.3265739977359772 0.468858003616333
vt 0.7340229749679565 0.9193429946899414
vt 0.7293450236320496 0.9408490061759949
vt 0.3806990087032318 0.4651379883289337
vt 0.37338900566101074 0.4612469971179962
vt 0.3801040053367615 0.44995200634002686
vt 0.11894500255584717 0.9127479791641235
vt 0.07750699669122696 0.41093599796295166
vt 0.7449309825897217 0.7059860229492188
vt 0.7359650135040283 0.705722987651825
vt 0.036726001650094986 0.24233099818229675
vt 0.05340699851512909 0.42714598774909973
vt 0.053507000207901 0.4322659969329834
vt 0.6438220143318176 0.5566660165786743
vt 0.2809939980506897 0.44947201013565063
vt 0.6919289827346802 0.5647860169410706
vt 0.5130699872970581 0.18500100076198578
vt 0.9692280292510986 0.30197998881340027
vt 0.9527900218963623 0.30778199434280396
vt 0.5988770127296448 0.3181540071964264
vt 0.5863710045814514 0.31461501121520996
vt 0.5962160229682922 0.3069930076599121
vt 0.6061490178108215 0.3098660111427307
vt 0.57566899061203 0.8984569907188416
vt 0.5713919997215271 0.8992369771003723
vt 0.7432180047035217 0.44464099407196045
vt 0.7505639791488647 0.4273729920387268
vt 0.6724439859390259 0.5823739767074585
vt 0.6693450212478638 0.5851389765739441
vt 0.1670210063457489 0.7063609957695007
vt 0.7054920196533203 0.8057000041007996
vt 0.700314998626709 0.8126770257949829
vt 0.7910040020942688 0.17478400468826294
vt 0.9516329765319824 0.6098669767379761
vt 0.9535160064697266 0.6249399781227112
vt 0.9417819976806641 0.6249399781227112
vt 0.9433519840240479 0.6104710102081299
vt 0.6108199954032898 0.3228929936885834
vt 0.603738009929657 0.33542999625205994
vt 0.4874989986419678 0.12769199907779694
vt 0.4931960105895996 0.13219000399112701
vt 0.4888550043106079 0.14311200380325317
vt 0.0681530013680458 0.20211899280548096
vt 0.04215800017118454 0.026869000867009163
vt 0.19826500117778778 0.718300998210907
vt 0.7337279915809631 0.712149977684021
vt 0.5074719786643982 0.1244100034236908
vt 0.05102099850773811 0.4830609858036041
vt 0.05237499997019768 0.6090649962425232
vt 0.9304310083389282 0.5152590274810791
vt 0.9359350204467773 0.5168259739875793
vt 0.9332690238952637 0.5372220277786255
vt 0.18104900419712067 0.6033040285110474
vt 0.16626299917697906 0.5990800261497498
vt 0.16701899468898773 0.5873079895973206
vt 0.3125689923763275 0.8638330101966858
vt 0.304733008146286 0.8625980019569397
vt 0.30316799879074097 0.8576719760894775
vt 0.1509609967470169 0.7276830077171326
vt 0.3386490046977997 0.5797160267829895
vt 0.33795401453971863 0.5992990136146545
vt 0.08783300220966339 0.5011820197105408
vt 0.07853800058364868 0.5015109777450562
vt 0.07835900038480759 0.4700219929218292
vt 0.3030819892883301 0.8475639820098877
vt 0.13961100578308105 0.5931980013847351
vt 0.6904659867286682 0.8101279735565186
vt 0.6434749960899353 0.8543090224266052
vt 0.6397910118103027 0.8513550162315369
vt 0.5292040109634399 0.8860509991645813
vt 0.6490389704704285 0.07755099982023239
vt 0.6533219814300537 0.07966800034046173
vt 0.6498249769210815 0.08416400104761124
vt 0.4471519887447357 0.4280799925327301
vt 0.43558499217033386 0.42514100670814514
vt 0.7672619819641113 0.8006049990653992
vt 0.7301040291786194 0.7327960133552551
vt 0.7253900170326233 0.7422149777412415
vt 0.1872429996728897 0.7260559797286987
vt 0.18680700659751892 0.7192919850349426
vt 0.50382399559021 0.1009339988231659
vt 0.5191980004310608 0.0894550010561943
vt 0.7546719908714294 0.7173190116882324
vt 0.5241389870643616 0.9721069931983948
vt 0.5241460204124451 0.976855993270874
vt 0.5476869940757751 0.9508050084114075
vt 0.5479540228843689 0.9393090009689331
vt 0.5525760054588318 0.9390010237693787
vt 0.5524359941482544 0.951619029045105
vt 0.09991399943828583 0.29646098613739014
vt 0.09913100302219391 0.32857000827789307
vt 0.9597659707069397 0.7844910025596619
vt 0.9374099969863892 0.7247800230979919
vt 0.960470974445343 0.7158669829368591
vt 0.960470974445343 0.7848439812660217
vt 0.6360129714012146 0.5502769947052002
vt 0.8684139847755432 0.11204399913549423
vt 0.7806749939918518 0.1914920061826706
vt 0.7766640186309814 0.17595399916172028
vt 0.7935879826545715 0.18414799869060516
vt 0.8765519857406616 0.32372599840164185
vt 0.8704959750175476 0.3234440088272095
vt 0.553409993648529 0.42007601261138916
vt 0.5482079982757568 0.4204680025577545
vt 0.5544490218162537 0.4123629927635193
vt 0.46123799681663513 0.4312170147895813
vt 0.8592709898948669 0.28779900074005127
vt 0.8593469858169556 0.2847059965133667
vt 0.8618410229682922 0.28504300117492676
vt 0.8617650270462036 0.28813600540161133
vt 0.18733899295330048 0.6128209829330444
vt 0.1614529937505722 0.41380900144577026
vt 0.6474459767341614 0.9675670266151428
vt 0.638975977897644 0.9725900292396545
vt 0.42635899782180786 0.43047600984573364
vt 0.5543349981307983 0.4652720093727112
vt 0.548291027545929 0.4564819931983948
vt 0.5571900010108948 0.4581330120563507
vt 0.188167005777359 0.3524320125579834
vt 0.1784369945526123 0.3609429895877838
vt 0.6469539999961853 0.1567710041999817
vt 0.6394010186195374 0.15343299508094788
vt 0.2525950074195862 0.27523699402809143
vt 0.875033974647522 0.042146001011133194
vt 0.8825680017471313 0.04739300161600113
vt 0.3396179974079132 0.8593990206718445
vt 0.34265801310539246 0.8627750277519226
vt 0.27984800934791565 0.9724820256233215
vt 0.27094098925590515 0.9760109782218933
vt 0.9236860275268555 0.5159180164337158
vt 0.91252601146698 0.4415949881076813
vt 0.9128109812736511 0.46010100841522217
vt 0.4757699966430664 0.1717119961977005
vt 0.2511729896068573 0.3879849910736084
vt 0.2572590112686157 0.3884269893169403
vt 0.8156599998474121 0.15639999508857727
vt 0.053376998752355576 0.9431489706039429
vt 0.05137699842453003 0.955187976360321
vt 0.3868190050125122 0.4386560022830963
vt 0.3805280029773712 0.4358699917793274
vt 0.38203200697898865 0.4307279884815216
vt 0.3880859911441803 0.4337570071220398
vt 0.9519630074501038 0.3698660135269165
vt 0.4473789930343628 0.8963289856910706
vt 0.5237749814987183 0.9782379865646362
vt 0.7970020174980164 0.7827510237693787
vt 0.7970700263977051 0.788677990436554
vt 0.30619001388549805 0.4457939863204956
vt 0.2518570125102997 0.08561299741268158
vt 0.9572139978408813 0.5385860204696655
vt 0.9529240131378174 0.5378819704055786
vt 0.9579730033874512 0.5297279953956604
vt 0.9596830010414124 0.5294229984283447
vt 0.294607013463974 0.4491879940032959
vt 0.5864589810371399 0.17583699524402618
vt 0.590785026550293 0.17073899507522583
vt 0.589821994304657 0.17829500138759613
vt 0.6529170274734497 0.7793179750442505
vt 0.4370410144329071 0.9398660063743591
vt 0.44169801473617554 0.9502180218696594
vt 0.3262310028076172 0.8917419910430908
vt 0.34265801310539246 0.8931570053100586
vt 0.922806978225708 0.38278600573539734
vt 0.48536598682403564 0.48436498641967773
vt 0.5337589979171753 0.5093550086021423
vt 0.678167998790741 0.5905759930610657
vt 0.6816189885139465 0.5967479944229126
vt 0.6770190000534058 0.5978379845619202
vt 0.6743180155754089 0.5925040245056152
vt 0.6498159766197205 0.859516978263855
vt 0.6471589803695679 0.8572630286216736
vt 0.7874169945716858 0.31724101305007935
vt 0.774062991142273 0.31070899963378906
vt 0.7888450026512146 0.2979840040206909
vt 0.7967339754104614 0.30092498660087585
vt 0.8647189736366272 0.0944100022315979
vt 0.8752880096435547 0.33267301321029663
vt 0.8707749843597412 0.33156099915504456
vt 0.98329097032547 0.9889450073242188
vt 0.9791439771652222 0.985256016254425
vt 0.9907100200653076 0.9772890210151672
vt 0.9928060173988342 0.9796969890594482
vt 0.41634199023246765 0.4375210106372833
vt 0.6384860277175903 0.8234490156173706
vt 0.6299520134925842 0.8053569793701172
vt 0.38436999917030334 0.4432379901409149
vt 0.3793399930000305 0.43978700041770935
vt 0.931456983089447 0.3505910038948059
vt 0.9377539753913879 0.3530440032482147
vt 0.9336779713630676 0.3578540086746216
vt 0.16727599501609802 0.7126690149307251
vt 0.9027990102767944 0.6500939726829529
vt 0.2763209939002991 0.8195149898529053
vt 0.27616798877716064 0.8035449981689453
vt 0.7124810218811035 0.771274983882904
vt 0.7024180293083191 0.7689880132675171
vt 0.7816349864006042 0.5500940084457397
vt 0.7823389768600464 0.5437150001525879
vt 0.1415500044822693 0.7352309823036194
vt 0.12850700318813324 0.7405440211296082
vt 0.14290599524974823 0.7287160158157349
vt 0.862201988697052 0.15162700414657593
vt 0.8550410270690918 0.16053399443626404
vt 0.2290389984846115 0.5560529828071594
vt 0.3811059892177582 0.5326889753341675
vt 0.3730050027370453 0.5305070281028748
vt 0.37262699007987976 0.5211899876594543
vt 0.3822290003299713 0.5224649906158447
vt 0.7831379771232605 0.4782409965991974
vt 0.7816640138626099 0.45924198627471924
vt 0.15568600594997406 0.6753730177879333
vt 0.14982299506664276 0.6771500110626221
vt 0.14909100532531738 0.6688339710235596
vt 0.9677420258522034 0.31382399797439575
vt 0.951537013053894 0.31647101044654846
vt 0.4271889925003052 0.41113099455833435
vt 0.10864300280809402 0.8423749804496765
vt 0.6492249965667725 0.46955499053001404
vt 0.10195299983024597 0.4480920135974884
vt 0.9589139819145203 0.9378290176391602
vt 0.9655489921569824 0.9328669905662537
vt 0.9684110283851624 0.9404659867286682
vt 0.9631770253181458 0.9438689947128296
vt 0.06938400119543076 0.5006240010261536
vt 0.32272499799728394 0.4976930022239685
vt 0.44589999318122864 0.9701359868049622
vt 0.6306899785995483 0.8307690024375916
vt 0.6370319724082947 0.831741988658905
vt 0.6289169788360596 0.8350350260734558
vt 0.5410029888153076 0.7782120108604431
vt 0.25809499621391296 0.21151700615882874
vt 0.1178710013628006 0.9669319987297058
vt 0.11519599705934525 0.9558150172233582
vt 0.30914101004600525 0.5556719899177551
vt 0.30735498666763306 0.5541840195655823
vt 0.8106399774551392 0.0777989998459816
vt 0.8074219822883606 0.08357100188732147
vt 0.1406490057706833 0.6471310257911682
vt 0.020011000335216522 0.4273129999637604
vt 0.012151000089943409 0.42785799503326416
vt 0.1609250009059906 0.6531990170478821
vt 0.14857999980449677 0.6495329737663269
vt 0.2522439956665039 0.2436549961566925
vt 0.5459570288658142 0.4782620072364807
vt 0.5759230256080627 0.951682984828949
vt 0.5754849910736084 0.9457100033760071
vt 0.5878790020942688 0.9419649839401245
vt 0.5862150192260742 0.9488970041275024
vt 0.4750550091266632 0.41759398579597473
vt 0.4748559892177582 0.40290600061416626
vt 0.4823150038719177 0.41059398651123047
vt 0.422107994556427 0.42989999055862427
vt 0.16787000000476837 0.6762040257453918
vt 0.5518670082092285 0.47867199778556824
vt 0.5710020065307617 0.4845620095729828
vt 0.508184015750885 0.538112998008728
vt 0.3370650112628937 0.45364201068878174
vt 0.20509900152683258 0.7225019931793213
vt 0.21935300529003143 0.6527150273323059
vt 0.23211699724197388 0.6544970273971558
vt 0.9436020255088806 0.40729600191116333
vt 0.8043649792671204 0.18272100389003754
vt 0.791172981262207 0.1955990046262741
vt 0.8699650168418884 0.9037060141563416
vt 0.9015889763832092 0.9156680107116699
vt 0.8720999956130981 0.09740299731492996
vt 0.04393099993467331 0.014125999994575977
vt 0.7352539896965027 0.8342599868774414
vt 0.7241979837417603 0.8342350125312805
vt 0.03630499914288521 0.08377599716186523
vt 0.7061989903450012 0.5881080031394958
vt 0.7001169919967651 0.5870410203933716
vt 0.4943450093269348 0.4850339889526367
vt 0.8559049963951111 0.33904001116752625
vt 0.8557779788970947 0.32359400391578674
vt 0.4429819881916046 0.16900700330734253
vt 0.5661640167236328 0.09456399828195572
vt 0.44286900758743286 0.41050100326538086
vt 0.4394089877605438 0.4082149863243103
vt 0.4417000114917755 0.4055989980697632
vt 0.44539299607276917 0.4091709852218628
vt 0.44446098804473877 0.40402698516845703
vt 0.07144100219011307 0.031254999339580536
vt 0.18659299612045288 0.9782559871673584
vt 0.18217800557613373 0.9915220141410828
vt 0.4065769910812378 0.4370329976081848
vt 0.41439101099967957 0.42856600880622864
vt 0.6826769709587097 0.33965298533439636
vt 0.6825190186500549 0.3147689998149872
vt 0.5709310173988342 0.7707549929618835
vt 0.07220999896526337 0.9408860206604004
vt 0.07390400022268295 0.9283869862556458
vt 0.08246699720621109 0.9496539831161499
vt 0.07155200093984604 0.9484999775886536
vt 0.8958629965782166 0.6159129738807678
vt 0.8858169913291931 0.6154869794845581
vt 0.5332300066947937 0.9746109843254089
vt 0.5338900089263916 0.9759809970855713
vt 0.8859559893608093 0.7335799932479858
vt 0.8837530016899109 0.7521629929542542
vt 0.4921810030937195 0.9600440263748169
vt 0.4966430068016052 0.9581069946289062
vt 0.5014899969100952 0.9642869830131531
vt 0.8817999958992004 0.7661749720573425
vt 0.8559679985046387 0.3055630028247833
vt 0.7775350213050842 0.9617739915847778
vt 0.7832189798355103 0.9587969779968262
vt 0.7844200134277344 0.9636009931564331
vt 0.7774940133094788 0.9666230082511902
vt 0.25214898586273193 0.0063240001909434795
vt 0.3153719902038574 0.20167599618434906
vt 0.6071739792823792 0.05306600034236908
vt 0.6704679727554321 0.59443199634552
vt 0.8376389741897583 0.1787559986114502
vt 0.44617700576782227 0.8019899725914001
vt 0.0654980018734932 0.9275649785995483
vt 0.9708669781684875 0.4580099880695343
vt 0.9708669781684875 0.4895620048046112
vt 0.9619269967079163 0.4859899878501892
vt 0.963487982749939 0.4565980136394501
vt 0.25179600715637207 0.05617599934339523
vt 0.8988010287284851 0.8520539999008179
vt 0.9050869941711426 0.8489900231361389
vt 0.5983999967575073 0.20864500105381012
vt 0.5947570204734802 0.1992039978504181
vt 0.6113389730453491 0.21101200580596924
vt 0.1025179997086525 0.4200739860534668
vt 0.4901539981365204 0.9605739712715149
vt 0.11519599705934525 0.9799990057945251
vt 0.8708270192146301 0.6074169874191284
vt 0.029803000390529633 0.9689390063285828
vt 0.0029239999130368233 0.9650560021400452
vt 0.006858000066131353 0.9554769992828369
vt 0.037505000829696655 0.9548079967498779
vt 0.8777440190315247 0.9696469902992249
vt 0.8718870282173157 0.977196991443634
vt 0.8699650168418884 0.9741809964179993
vt 0.8747990131378174 0.9605309963226318
vt 0.3765299916267395 0.4951620101928711
vt 0.3891400098800659 0.48886099457740784
vt 0.10173500329256058 0.45218199491500854
vt 0.5419350266456604 0.9689990282058716
vt 0.5425940155982971 0.9703680276870728
vt 0.9771720170974731 0.5862489938735962
vt 0.9801390171051025 0.5847030282020569
vt 0.6609990000724792 0.1567070037126541
vt 0.6636670231819153 0.1501999944448471
vt 0.043352000415325165 0.9312210083007812
vt 0.043428998440504074 0.9217420220375061
vt 0.046900998800992966 0.9226909875869751
vt 0.04782300069928169 0.9325379729270935
vt 0.6333240270614624 0.29868799448013306
vt 0.5514050126075745 0.4718649983406067
vt 0.06585100293159485 0.02450699917972088
vt 0.06108599901199341 0.0029239999130368233
vt 0.7732089757919312 0.14607000350952148
vt 0.7778329849243164 0.17062300443649292
vt 0.1293569952249527 0.6222220063209534
vt 0.49403199553489685 0.5698990225791931
vt 0.770147979259491 0.11330000311136246
vt 0.7748309969902039 0.11330799758434296
vt 0.7079870104789734 0.9151300191879272
vt 0.7085270285606384 0.9212570190429688
vt 0.7421860098838806 0.5725839734077454
vt 0.8610219955444336 0.9174720048904419
vt 0.8641179800033569 0.9151290059089661
vt 0.052143000066280365 0.9329010248184204
vt 0.2150000035762787 0.6728600263595581
vt 0.19909699261188507 0.679498016834259
vt 0.22155499458312988 0.6841560006141663
vt 0.8683900237083435 0.03518600016832352
vt 0.06148799881339073 0.4998689889907837
vt 0.9792670011520386 0.4977149963378906
vt 0.9802590012550354 0.506197988986969
vt 0.9771149754524231 0.5057500004768372
vt 0.976714015007019 0.4980419874191284
vt 0.06341499835252762 0.7985450029373169
vt 0.06385000050067902 0.7969859838485718
vt 0.23580099642276764 0.6163660287857056
vt 0.231330007314682 0.6178969740867615
vt 0.24206699430942535 0.8074920177459717
vt 0.2616659998893738 0.819940984249115
vt 0.3110109865665436 0.8705059885978699
vt 0.3200890123844147 0.8739460110664368
vt 0.46604400873184204 0.5828959941864014
vt 0.4550909996032715 0.589031994342804
vt 0.4535309970378876 0.5821030139923096
vt 0.46400898694992065 0.5764520168304443
vt 0.17296800017356873 0.6421329975128174
vt 0.15994499623775482 0.6450679898262024
vt 0.2305629998445511 0.6871370077133179
vt 0.22706599533557892 0.6836209893226624
vt 0.23771600425243378 0.6794859766960144
vt 0.24031700193881989 0.6828789710998535
vt 0.7377579808235168 0.7397670149803162
vt 0.015045000240206718 0.05479700118303299
vt 0.014835000038146973 0.02697799913585186
vt 0.4596549868583679 0.21699899435043335
vt 0.022450000047683716 0.6313639879226685
vt 0.5420709848403931 0.41724398732185364
vt 0.6504340171813965 0.31301701068878174
vt 0.6493560075759888 0.3185020089149475
vt 0.8836150169372559 0.01616399921476841
vt 0.6265019774436951 0.13601599633693695
vt 0.6323990225791931 0.14675700664520264
vt 0.7956159710884094 0.9385309815406799
vt 0.7969980239868164 0.9330899715423584
vt 0.8235309720039368 0.04861399903893471
vt 0.12323600053787231 0.628715991973877
vt 0.9046990275382996 0.2326209992170334
vt 0.6603429913520813 0.5832700133323669
vt 0.9654510021209717 0.5488269925117493
vt 0.9655309915542603 0.53615802526474
vt 0.40158799290657043 0.48334598541259766
vt 0.25874000787734985 0.3742769956588745
vt 0.2530609965324402 0.37498000264167786
vt 0.85589200258255 0.2880550026893616
vt 0.8557779788970947 0.2823930084705353
vt 0.7444279789924622 0.9441140294075012
vt 0.7500420212745667 0.9334549903869629
vt 0.4966599941253662 0.7300009727478027
vt 0.3084700107574463 0.7082160115242004
vt 0.30409398674964905 0.7055929899215698
vt 0.44102299213409424 0.8026639819145203
vt 0.440079003572464 0.7909730076789856
vt 0.4457879960536957 0.791208028793335
vt 0.8606579899787903 0.013856000266969204
vt 0.8694509863853455 0.013489999808371067
vt 0.4298020005226135 0.4057619869709015
vt 0.11447499692440033 0.4400460124015808
vt 0.74372398853302 0.8333539962768555
vt 0.9261800050735474 0.4838789999485016
vt 0.8873170018196106 0.42451998591423035
vt 0.8944550156593323 0.4239000082015991
vt 0.8860729932785034 0.44340598583221436
vt 0.557403028011322 0.1711210012435913
vt 0.20156799256801605 0.8553850054740906
vt 0.30087798833847046 0.8529679775238037
vt 0.9521970152854919 0.5494539737701416
vt 0.6673020124435425 0.1439729928970337
vt 0.6695550084114075 0.13646200299263
vt 0.6177459955215454 0.9197850227355957
vt 0.6179860234260559 0.9151300191879272
vt 0.9631519913673401 0.8904479742050171
vt 0.9659439921379089 0.8786919713020325
vt 0.660959005355835 0.4934059977531433
vt 0.147599995136261 0.6414030194282532
vt 0.48125800490379333 0.42441898584365845
vt 0.43312200903892517 0.4011949896812439
vt 0.43775999546051025 0.4053260087966919
vt 0.06201300024986267 0.9394850134849548
vt 0.49904298782348633 0.11844299733638763
vt 0.1845339983701706 0.670973002910614
vt 0.7902849912643433 0.5430259704589844
vt 0.7834060192108154 0.5339059829711914
vt 0.785647988319397 0.5245329737663269
vt 0.2746419906616211 0.48704400658607483
vt 0.2746419906616211 0.49981099367141724
vt 0.27239400148391724 0.4999940097332001
vt 0.26789799332618713 0.48759201169013977
vt 0.33834901452064514 0.003955999854952097
vt 0.34625300765037537 0.006258999928832054
vt 0.34152498841285706 0.015387999825179577
vt 0.9840970039367676 0.9469059705734253
vt 0.9773539900779724 0.9463629722595215
vt 0.9785119891166687 0.9309269785881042
vt 0.9840970039367676 0.9303320050239563
vt 0.010218000039458275 0.02657400071620941
vt 0.007147999946027994 0.013469000346958637
vt 0.25893500447273254 0.38413798809051514
vt 0.9557899832725525 0.385452002286911
vt 0.14817099273204803 0.3707970082759857
vt 0.289685994386673 0.30785301327705383
vt 0.48887699842453003 0.6877949833869934
vt 0.48949000239372253 0.6857749819755554
vt 0.8014870285987854 0.06451699882745743
vt 0.09507600218057632 0.9499679803848267
vt 0.8206930160522461 0.12875300645828247
vt 0.8848289847373962 0.46229299902915955
vt 0.067781001329422 0.052237000316381454
vt 0.7382709980010986 0.17607900500297546
vt 0.7576919794082642 0.1791439950466156
vt 0.5156289935112 0.03392599895596504
vt 0.5152140259742737 0.03292100131511688
vt 0.6627659797668457 0.0881659984588623
vt 0.6683850288391113 0.09094700217247009
vt 0.04834999889135361 0.02719300054013729
vt 0.87431800365448 0.3375900089740753
vt 0.8708500266075134 0.3361090123653412
vt 0.3974669873714447 0.09416799992322922
vt 0.4031679928302765 0.10554400086402893
vt 0.05037299916148186 0.9236400127410889
vt 0.1759919971227646 0.674530029296875
vt 0.6750249862670898 0.5420950055122375
vt 0.9309350252151489 0.5694079995155334
vt 0.2660749852657318 0.6156449913978577
vt 0.2676660120487213 0.6245009899139404
vt 0.6963599920272827 0.32688501477241516
vt 0.6972740292549133 0.30000001192092896
vt 0.7036849856376648 0.3008610010147095
vt 0.7036849856376648 0.34119799733161926
vt 0.25741198658943176 0.48704400658607483
vt 0.25741198658943176 0.4932140111923218
vt 0.9656360149383545 0.9069629907608032
vt 0.9631519913673401 0.9055780172348022
vt 0.649957001209259 0.5731289982795715
vt 0.8785750269889832 0.05752599984407425
vt 0.8004869818687439 0.926904022693634
vt 0.01477499958127737 0.6184390187263489
vt 0.01561800017952919 0.6097999811172485
vt 0.14352299273014069 0.5505759716033936
vt 0.138823002576828 0.5432299971580505
vt 0.28102800250053406 0.499330997467041
vt 0.2804889976978302 0.48704400658607483
vt 0.2854650020599365 0.4878009855747223
vt 0.2854650020599365 0.5009670257568359
vt 0.011339999735355377 0.0036780000664293766
vt 0.0029239999130368233 0.004511999897658825
vt 0.004129000008106232 0.0029239999130368233
vt 0.33413800597190857 0.4015820026397705
vt 0.9476869702339172 0.8860179781913757
vt 0.9573050141334534 0.9063889980316162
vt 0.11507400125265121 0.8408859968185425
vt 0.38188400864601135 0.5382699966430664
vt 0.37425199151039124 0.5371320247650146
vt 0.05203299969434738 0.3858959972858429
vt 0.11636599898338318 0.6887030005455017
vt 0.12275400012731552 0.6906710267066956
vt 0.05391300097107887 0.6186820268630981
vt 0.5781469941139221 0.7715190052986145
vt 0.5803729891777039 0.7575799822807312
vt 0.5477809906005859 0.40025898814201355
vt 0.2664929926395416 0.8619970083236694
vt 0.2588149905204773 0.879056990146637
vt 0.7095590233802795 0.40329399704933167
vt 0.6975100040435791 0.41958698630332947
vt 0.699953019618988 0.4053939878940582
vt 0.3004849851131439 0.44568198919296265
vt 0.2946380078792572 0.4811969995498657
vt 0.281141996383667 0.48048099875450134
vt 0.6591249704360962 0.08133599907159805
vt 0.6559960246086121 0.08621899783611298
vt 0.48344099521636963 0.4319530129432678
vt 0.7449520230293274 0.33783799409866333
vt 0.7475969791412354 0.32934799790382385
vt 0.06108599901199341 0.9468929767608643
vt 0.704105019569397 0.8241530060768127
vt 0.6525369882583618 0.0730540007352829
vt 0.5040889978408813 0.17976100742816925
vt 0.6425830125808716 0.5782240033149719
vt 0.547918975353241 0.7773270010948181
vt 0.6266120076179504 0.8440049886703491
vt 0.5541459918022156 0.4062969982624054
vt 0.6337530016899109 0.7649139761924744
vt 0.39539700746536255 0.44035398960113525
vt 0.9278050065040588 0.37573298811912537
vt 0.3004849851131439 0.004648000001907349
vt 0.30352699756622314 0.014564000070095062
vt 0.3168630003929138 0.41617798805236816
vt 0.31668299436569214 0.6804770231246948
vt 0.31124600768089294 0.6812170147895813
vt 0.3095729947090149 0.671513020992279
vt 0.31423598527908325 0.6699879765510559
vt 0.5444819927215576 0.9592170119285583
vt 0.5478280186653137 0.9614250063896179
vt 0.46532899141311646 0.11815600097179413
vt 0.4728040099143982 0.12047400325536728
vt 0.45946499705314636 0.12867499887943268
vt 0.541038990020752 0.1291159987449646
vt 0.06947000324726105 0.8748229742050171
vt 0.8852859735488892 0.6795729994773865
vt 0.9413579702377319 0.28107500076293945
vt 0.9494159817695618 0.2691670060157776
vt 0.5371999740600586 0.4118269979953766
vt 0.9695150256156921 0.9024699926376343
vt 0.9692050218582153 0.9080460071563721
vt 0.5495179891586304 0.9627820253372192
vt 0.5142940282821655 0.03587299957871437
vt 0.8039770126342773 0.21077099442481995
vt 0.7970020174980164 0.20731499791145325
vt 0.9440289735794067 0.1779700070619583
vt 0.9389510154724121 0.17771600186824799
vt 0.939287006855011 0.16958999633789062
vt 0.9440289735794067 0.16833199560642242
vt 0.751999020576477 0.3135159909725189
vt 0.7549750208854675 0.30445000529289246
vt 0.6305999755859375 0.312703013420105
vt 0.6250939965248108 0.8290659785270691
vt 0.9837920069694519 0.5053200125694275
vt 0.5597209930419922 0.20601099729537964
vt 0.27136701345443726 0.5816490054130554
vt 0.270222008228302 0.5883939862251282
vt 0.265065997838974 0.576662003993988
vt 0.2321700006723404 0.969202995300293
vt 0.2243099957704544 0.9723449945449829
vt 0.23135599493980408 0.9561370015144348
vt 0.24044300615787506 0.9548619985580444
vt 0.7411019802093506 0.13759200274944305
vt 0.7569010257720947 0.10801199823617935
vt 0.7611770033836365 0.11039800196886063
vt 0.728305995464325 0.1656379997730255
vt 0.6523410081863403 0.5891100168228149
vt 0.6463789939880371 0.7259520292282104
vt 0.6627510190010071 0.7220150232315063
vt 0.01573999971151352 0.3073349893093109
vt 0.6478679776191711 0.41893601417541504
vt 0.6401619911193848 0.43886399269104004
vt 0.6310650110244751 0.4180870056152344
vt 0.5151200294494629 0.8473290205001831
vt 0.5044980049133301 0.8361129760742188
vt 0.635608971118927 0.9169530272483826
vt 0.6453729867935181 0.9216499924659729
vt 0.6476579904556274 0.46037501096725464
vt 0.6383370161056519 0.46467798948287964
vt 0.6387330293655396 0.45210298895835876
vt 0.6459649801254272 0.4459080100059509
vt 0.629705011844635 0.5455610156059265
vt 0.521826982498169 0.10158699750900269
vt 0.013318000361323357 0.7653059959411621
vt 0.8913329839706421 0.6351249814033508
vt 0.6658949851989746 0.08328299969434738
vt 0.6720659732818604 0.08533799648284912
vt 0.709185004234314 0.595645010471344
vt 0.7024959921836853 0.5948420166969299
vt 0.12779800593852997 0.9475380182266235
vt 0.2504589855670929 0.4490019977092743
vt 0.2504889965057373 0.4810110032558441
vt 0.5461919903755188 0.8794639706611633
vt 0.7969580292701721 0.8020640015602112
vt 0.9315620064735413 0.6787220239639282
vt 0.8681020140647888 0.1393059939146042
vt 0.3395319879055023 0.8492910265922546
vt 0.34109699726104736 0.854216992855072
vt 0.015173999592661858 0.08420900255441666
vt 0.6383749842643738 0.5137590169906616
vt 0.9614440202713013 0.088189996778965
vt 0.9610999822616577 0.08015000075101852
vt 0.9645400047302246 0.07944200187921524
vt 0.9645400047302246 0.0884540006518364
vt 0.04914199933409691 0.2103780061006546
vt 0.8417890071868896 0.18701499700546265
vt 0.3579939901828766 0.030533000826835632
vt 0.3608570098876953 0.028862999752163887
vt 0.8573769927024841 0.9194769859313965
vt 0.8734539747238159 0.11858899891376495
vt 0.32914501428604126 0.0034600000362843275
vt 0.29315298795700073 0.3897410035133362
vt 0.25741198658943176 0.4993849992752075
vt 0.6395649909973145 0.757519006729126
vt 0.0552389994263649 0.005876000039279461
vt 0.05103499814867973 0.01508300006389618
vt 0.7419139742851257 0.585972011089325
vt 0.7295870184898376 0.5832189917564392
vt 0.726656973361969 0.5705320239067078
vt 0.7753360271453857 0.8204910159111023
vt 0.9711459875106812 0.90973299741745
vt 0.9669950008392334 0.9104440212249756
vt 0.007466999813914299 0.7752019762992859
vt 0.17291000485420227 0.9260650277137756
vt 0.6975029706954956 0.4364289939403534
vt 0.5135499835014343 0.4929969906806946
vt 0.5443840026855469 0.9306139945983887
vt 0.548753023147583 0.9280610084533691
vt 0.7340229749679565 0.9649710059165955
vt 0.7271109819412231 0.17187100648880005
vt 0.7683349847793579 0.7565829753875732
vt 0.40191298723220825 0.5175899863243103
vt 0.8823990225791931 0.3393529951572418
vt 0.8823990225791931 0.31979700922966003
vt 0.8868560194969177 0.3213160037994385
vt 0.8876240253448486 0.3394399881362915
vt 0.31270501017570496 0.4029029905796051
vt 0.31687799096107483 0.4023590087890625
vt 0.3208790123462677 0.8640769720077515
vt 0.9520450234413147 0.16920000314712524
vt 0.954600989818573 0.1694989949464798
vt 0.9535170197486877 0.1779700070619583
vt 0.9498760104179382 0.1779700070619583
vt 0.6300939917564392 0.7995359897613525
vt 0.4645040035247803 0.9662230014801025
vt 0.45961201190948486 0.9670559763908386
vt 0.4535039961338043 0.9387159943580627
vt 0.4630500078201294 0.939503014087677
vt 0.06592000275850296 0.039698999375104904
vt 0.2530530095100403 0.38426798582077026
vt 0.8455449938774109 0.2929689884185791
vt 0.8405069708824158 0.2960599958896637
vt 0.3429119884967804 0.3765600025653839
vt 0.3454129993915558 0.37582099437713623
vt 0.34606900811195374 0.41340601444244385
vt 0.3429119884967804 0.41441699862480164
vt 0.5544949769973755 0.432900995016098
vt 0.3740580081939697 0.9396569728851318
vt 0.3826659917831421 0.9387159943580627
vt 0.4830299913883209 0.8007829785346985
vt 0.4653890132904053 0.8183490037918091
vt 0.4523020088672638 0.14404399693012238
vt 0.7579820156097412 0.9453160166740417
vt 0.6433069705963135 0.1332949995994568
vt 0.2190839946269989 0.3773390054702759
vt 0.21857699751853943 0.3259269893169403
vt 0.803879976272583 0.9221659898757935
vt 0.9321619868278503 0.6272310018539429
vt 0.9236860275268555 0.6256290078163147
vt 0.9259399771690369 0.6170809864997864
vt 0.934349000453949 0.6171349883079529
vt 0.6837289929389954 0.30123499035835266
vt 0.21322700381278992 0.6702340245246887
vt 0.21632200479507446 0.8602169752120972
vt 0.2184620052576065 0.864109992980957
vt 0.8411999940872192 0.32346099615097046
vt 0.8452479839324951 0.32568100094795227
vt 0.48800599575042725 0.3997209966182709
vt 0.4932219982147217 0.38933300971984863
vt 0.7932549715042114 0.7353910207748413
vt 0.6451380252838135 0.9568759799003601
vt 0.49904298782348633 0.3051919937133789
vt 0.5056689977645874 0.29708799719810486
vt 0.11861100047826767 0.6339070200920105
vt 0.11792600154876709 0.6273279786109924
vt 0.8486430048942566 0.1735990047454834
vt 0.01603499986231327 0.6380199790000916
vt 0.4222959876060486 0.8524870276451111
vt 0.4304260015487671 0.8481240272521973
vt 0.5641210079193115 0.16036799550056458
vt 0.8850880265235901 0.6408489942550659
vt 0.30409398674964905 0.662572979927063
vt 0.30798301100730896 0.6602630019187927
vt 0.5442320108413696 0.29790401458740234
vt 0.5447350144386292 0.30344998836517334
vt 0.5363659858703613 0.30143100023269653
vt 0.5375679731369019 0.29669201374053955
vt 0.955365002155304 0.8811209797859192
vt 0.627623975276947 0.763679027557373
vt 0.8742660284042358 0.766185998916626
vt 0.8699650168418884 0.7786319851875305
vt 0.6964300274848938 0.4380579888820648
vt 0.5135120153427124 0.03709400072693825
vt 0.5321919918060303 0.9698749780654907
vt 0.539493978023529 0.9656559824943542
vt 0.5440710186958313 0.30790600180625916
vt 0.5352339744567871 0.30563101172447205
vt 0.2522130012512207 0.21164700388908386
vt 0.18747399747371674 0.6886799931526184
vt 0.5833179950714111 0.7461689710617065
vt 0.5757309794425964 0.17415200173854828
vt 0.3090749979019165 0.4026249945163727
vt 0.2931489944458008 0.49714499711990356
vt 0.2914780080318451 0.4968920052051544
vt 0.6339889764785767 0.4771150052547455
vt 0.6253100037574768 0.47200900316238403
vt 0.628525972366333 0.4626469910144806
vt 0.49245399236679077 0.6928110122680664
vt 0.6556360125541687 0.10770200192928314
vt 0.7518050074577332 0.7064899802207947
vt 0.5410929918289185 0.03667899966239929
vt 0.7142670154571533 0.5890020132064819
vt 0.7165030241012573 0.5957019925117493
vt 0.8984180092811584 0.18416599929332733
vt 0.8286749720573425 0.055383000522851944
vt 0.10169100016355515 0.17021900415420532
vt 0.4653629958629608 0.8342580199241638
vt 0.5844749808311462 0.7127640247344971
vt 0.8939679861068726 0.18713200092315674
vt 0.8774960041046143 0.10145600140094757
vt 0.33958399295806885 0.9649710059165955
vt 0.33953601121902466 0.95660001039505
vt 0.34324899315834045 0.9562519788742065
vt 0.345661997795105 0.9655809998512268
vt 0.9302240014076233 0.9598879814147949
vt 0.9445099830627441 0.9495959877967834
vt 0.9394919872283936 0.9648230075836182
vt 0.9254909753799438 0.9735890030860901
vt 0.929535984992981 0.38461101055145264
vt 0.9618170261383057 0.5288699865341187
vt 0.9788780212402344 0.48673000931739807
vt 0.7546650171279907 0.5883229970932007
vt 0.976714015007019 0.48573100566864014
vt 0.8820070028305054 0.08448199927806854
vt 0.5545600056648254 0.34122800827026367
vt 0.550583004951477 0.3186570107936859
vt 0.5677490234375 0.33950701355934143
vt 0.1283389925956726 0.6959879994392395
vt 0.9578549861907959 0.1686049997806549
vt 0.9578549861907959 0.17677900195121765
vt 0.5575529932975769 0.4720340073108673
vt 0.5739259719848633 0.4794960021972656
vt 0.6568199992179871 0.07517199963331223
vt 0.32820001244544983 0.36997300386428833
vt 0.10398600250482559 0.4341830015182495
vt 0.3058980107307434 0.40266600251197815
vt 0.1346849948167801 0.5525810122489929
vt 0.13189199566841125 0.546580970287323
vt 0.06230799853801727 0.0309200007468462
vt 0.06242699921131134 0.02915100008249283
vt 0.049348000437021255 0.43812599778175354
vt 0.05272199958562851 0.4381429851055145
vt 0.05072899907827377 0.44538599252700806
vt 0.3234019875526428 0.48498600721359253
vt 0.03491700068116188 0.7862669825553894
vt 0.13364499807357788 0.8475610017776489
vt 0.623665988445282 0.3107059895992279
vt 0.6269500255584717 0.31808599829673767
vt 0.3302049934864044 0.5355859994888306
vt 0.3315899968147278 0.544746994972229
vt 0.32829201221466064 0.5437340140342712
vt 0.1437699943780899 0.9095749855041504
vt 0.1378049999475479 0.9061480164527893
vt 0.1382250040769577 0.8802480101585388
vt 0.9693729877471924 0.423117995262146
vt 0.9625589847564697 0.41666099429130554
vt 0.3007330000400543 0.23431700468063354
vt 0.3008970022201538 0.26576799154281616
vt 0.9483299851417542 0.5485029816627502
vt 0.0552389994263649 0.6289259791374207
vt 0.05485200136899948 0.632157027721405
vt 0.01571499928832054 0.6319140195846558
vt 0.2100050002336502 0.3368929922580719
vt 0.6818150281906128 0.8354330062866211
vt 0.42664000391960144 0.5142890214920044
vt 0.37517499923706055 0.5041009783744812
vt 0.053376998752355576 0.9839400053024292
vt 0.04926000162959099 0.9842919707298279
vt 0.053095001727342606 0.9752370119094849
vt 0.5741959810256958 0.03192700073122978
vt 0.48020100593566895 0.1241149976849556
vt 0.04753899946808815 0.7851920127868652
vt 0.8042299747467041 0.138264000415802
vt 0.81461101770401 0.13069500029087067
vt 0.7853990197181702 0.8227789998054504
vt 0.053376998752355576 0.963424026966095
vt 0.6360989809036255 0.48454099893569946
vt 0.5061360001564026 0.4950219988822937
vt 0.9377539753913879 0.4913490116596222
vt 0.9266819953918457 0.5035560131072998
vt 0.0029239999130368233 0.8808109760284424
vt 0.02743300050497055 0.8864960074424744
vt 0.015390000306069851 0.8995869755744934
vt 0.0037400000728666782 0.8946570158004761
vt 0.5569850206375122 0.875573992729187
vt 0.2206989973783493 0.32776299118995667
vt 0.7323579788208008 0.13095900416374207
vt 0.7497599720954895 0.1017950028181076
vt 0.7502449750900269 0.10957100242376328
vt 0.733913004398346 0.13837400078773499
vt 0.9832370281219482 0.8786919713020325
vt 0.9920679926872253 0.886335015296936
vt 0.4974130094051361 0.37936800718307495
vt 0.662388026714325 0.0668879970908165
vt 0.4536440074443817 0.415149986743927
vt 0.9800080060958862 0.32576000690460205
vt 0.9750750064849854 0.3222860097885132
vt 0.2243099957704544 0.8258110284805298
vt 0.07390200346708298 0.8134689927101135
vt 0.5650010108947754 0.1724659949541092
vt 0.5647500157356262 0.018206000328063965
vt 0.01904899999499321 0.4241209924221039
vt 0.9653819799423218 0.5624009966850281
vt 0.1636829972267151 0.39525699615478516
vt 0.6264330148696899 0.560073971748352
vt 0.628108024597168 0.5500010251998901
vt 0.2270279973745346 0.549081027507782
vt 0.976714015007019 0.4565980136394501
vt 0.9768670201301575 0.4685940146446228
vt 0.49460700154304504 0.7446579933166504
vt 0.4906480014324188 0.7316139936447144
vt 0.9715700149536133 0.8990769982337952
vt 0.9236860275268555 0.6025410294532776
vt 0.9314560294151306 0.6001049876213074
vt 0.6283910274505615 0.7099279761314392
vt 0.6217910051345825 0.7242940068244934
vt 0.46857500076293945 0.3970640003681183
vt 0.9774180054664612 0.9142810106277466
vt 0.9815340042114258 0.9004409909248352
vt 0.07329899817705154 0.8051360249519348
vt 0.7098720073699951 0.5699710249900818
vt 0.7120320200920105 0.582302987575531
vt 0.9450929760932922 0.08692900091409683
vt 0.9403420090675354 0.0884540006518364
vt 0.9409809708595276 0.08054599910974503
vt 0.9450929760932922 0.0775270015001297
vt 0.35305699706077576 0.9301720261573792
vt 0.40787801146507263 0.8582419753074646
vt 0.1033099964261055 0.4459030032157898
vt 0.9529380202293396 0.06731600314378738
vt 0.9403420090675354 0.0029239999130368233
vt 0.9657130241394043 0.0029239999130368233
vt 0.9539740085601807 0.06764800101518631
vt 0.5740810036659241 0.909857988357544
vt 0.5709310173988342 0.9105700254440308
vt 0.022717999294400215 0.9109370112419128
vt 0.01549800019711256 0.9105740189552307
vt 0.029252000153064728 0.9051949977874756
vt 0.22148099541664124 0.3793739974498749
vt 0.5616599917411804 0.2144020050764084
vt 0.5635510087013245 0.22217300534248352
vt 0.5522750020027161 0.23427200317382812
vt 0.9674469828605652 0.5754219889640808
vt 0.4189000129699707 0.1986909955739975
vt 0.4194439947605133 0.20238499343395233
vt 0.8844529986381531 0.8645510077476501
vt 0.8885170221328735 0.8584820032119751
vt 0.371304988861084 0.5113130211830139
vt 0.6321039795875549 0.4498549997806549
vt 0.6329450011253357 0.436396986246109
vt 0.3633660078048706 0.9573580026626587
vt 0.3658689856529236 0.9481390118598938
vt 0.3826659917831421 0.9740480184555054
vt 0.39155998826026917 0.540090024471283
vt 0.9531390070915222 0.5847030282020569
vt 0.943494975566864 0.589257001876831
vt 0.4518750011920929 0.39929598569869995
vt 0.34265801310539246 0.9289590120315552
vt 0.33164501190185547 0.9504050016403198
vt 0.27011001110076904 0.5011829733848572
vt 0.26325899362564087 0.4919799864292145
vt 0.6383119821548462 0.7053319811820984
vt 0.9713879823684692 0.3480739891529083
vt 0.9816439747810364 0.3582080006599426
vt 0.7875419855117798 0.11070899665355682
vt 0.7840049862861633 0.11146599799394608
vt 0.7647870182991028 0.15156300365924835
vt 0.8644739985466003 0.5736789703369141
vt 0.8649790287017822 0.5713499784469604
vt 0.5103340148925781 0.03352300077676773
vt 0.6166589856147766 0.05173699930310249
vt 0.6107640266418457 0.04883100092411041
vt 0.7633150219917297 0.7223929762840271
vt 0.7669960260391235 0.1287190020084381
vt 0.5657100081443787 0.21178999543190002
vt 0.0535460002720356 0.4456920027732849
vt 0.7728729844093323 0.3372580111026764
vt 0.768867015838623 0.33976298570632935
vt 0.6324629783630371 0.8265029788017273
vt 0.06108599901199341 0.7911390066146851
vt 0.09450999647378922 0.7111619710922241
vt 0.40734100341796875 0.6015790104866028
vt 0.4048210084438324 0.6013810038566589
vt 0.8861929774284363 0.31053298711776733
vt 0.8823990225791931 0.3139500021934509
vt 0.8823990225791931 0.2954869866371155
vt 0.8857309818267822 0.29520899057388306
vt 0.8939679861068726 0.1779700070619583
vt 0.8939679861068726 0.09430199861526489
vt 0.9135439991950989 0.10175199806690216
vt 0.8964849710464478 0.17786100506782532
vt 0.05052800104022026 0.4351469874382019
vt 0.04757799953222275 0.4338740110397339
vt 0.13110800087451935 0.7153930068016052
vt 0.12351399660110474 0.6216210126876831
vt 0.9248849749565125 0.5942580103874207
vt 0.932811975479126 0.5718340277671814
vt 0.4416539967060089 0.3931800127029419
vt 0.4463709890842438 0.39632898569107056
vt 0.9077550172805786 0.7961159944534302
vt 0.9141250252723694 0.7968149781227112
vt 0.9113029837608337 0.6263350248336792
vt 0.9048169851303101 0.6262189745903015
vt 0.9017099738121033 0.6154869794845581
vt 0.9113029837608337 0.6181939840316772
vt 0.5912269949913025 0.49904298782348633
vt 0.5868070125579834 0.5034880042076111
vt 0.7608180046081543 0.6870740056037903
vt 0.6348819732666016 0.13614100217819214
vt 0.6379600167274475 0.12280499935150146
vt 0.7642530202865601 0.778656005859375
vt 0.7919949889183044 0.10733699798583984
vt 0.3521000146865845 0.0029239999130368233
vt 0.030744999647140503 0.9158939719200134
vt 0.035509999841451645 0.915772020816803
vt 0.8939679861068726 0.2769339978694916
vt 0.8983719944953918 0.2766610085964203
vt 0.8041350245475769 0.11146499961614609
vt 0.4562210142612457 0.3943060040473938
vt 0.46227899193763733 0.3958060145378113
vt 0.8114870190620422 0.05842600017786026
vt 0.40426701307296753 0.6028479933738708
vt 0.40631601214408875 0.6020020246505737
vt 0.4057619869709015 0.6034690141677856
vt 0.7254369854927063 0.3680880069732666
vt 0.7272809743881226 0.3668150007724762
vt 0.6248070001602173 0.04713200032711029
vt 0.6268770098686218 0.04334599897265434
vt 0.8541970252990723 0.19604499638080597
vt 0.8557699918746948 0.1812240034341812
vt 0.6354339718818665 0.319705992937088
vt 0.5978050231933594 0.3504030108451843
vt 0.5970739722251892 0.3490839898586273
vt 0.5983099937438965 0.3480739891529083
vt 0.5990599989891052 0.34891200065612793
vt 0.7604650259017944 0.43936100602149963
vt 0.13255000114440918 0.5423589944839478
vt 0.13682200014591217 0.5317260026931763
vt 0.04044000059366226 0.7977510094642639
vt 0.03849399834871292 0.7964640259742737
vt 0.7638239860534668 0.7668409943580627
vt 0.7288020253181458 0.36800798773765564
vt 0.7281749844551086 0.36875399947166443
vt 0.30935901403427124 0.37582099437713623
vt 0.579770028591156 0.5121229887008667
vt 0.26458799839019775 0.6124169826507568
vt 0.6270580291748047 0.7527160048484802
vt 0.7908200025558472 0.5521000027656555
vt 0.0029239999130368233 0.9809409976005554
vt 0.008422000333666801 0.9762629866600037
vt 0.02358900010585785 0.9747859835624695
vt 0.02358900010585785 0.9970759749412537
vt 0.6100839972496033 0.734624981880188
vt 0.6365969777107239 0.7293300032615662
vt 0.4766809940338135 0.9704620242118835
vt 0.4714280068874359 0.9654920101165771
vt 0.48085400462150574 0.9481589794158936
vt 0.4830299913883209 0.9686020016670227
vt 0.17392200231552124 0.6947450041770935
vt 0.36546000838279724 0.9437040090560913
vt 0.78432297706604 0.7465599775314331
vt 0.041850000619888306 0.7970470190048218
vt 0.041850000619888306 0.8874490261077881
vt 0.6478539705276489 0.11040099710226059
vt 0.20730699598789215 0.559902012348175
vt 0.44589999318122864 0.9387159943580627
vt 0.443338006734848 0.9456760287284851
vt 0.8939679861068726 0.26596298813819885
vt 0.9150320291519165 0.23568400740623474
vt 0.683696985244751 0.4057280123233795
vt 0.6790270209312439 0.39560800790786743
vt 0.6896340250968933 0.4012170135974884
vt 0.8039739727973938 0.5500569939613342
vt 0.552386999130249 0.5345439910888672
vt 0.5744649767875671 0.5265499949455261
vt 0.5544310212135315 0.5379329919815063
vt 0.023432999849319458 0.7896419763565063
vt 0.035036999732255936 0.7894150018692017
vt 0.6426020264625549 0.10082799941301346
vt 0.3964250087738037 0.4356969892978668
vt 0.5635520219802856 0.29669201374053955
vt 0.5710170269012451 0.30431899428367615
vt 0.7606139779090881 0.6735299825668335
vt 0.9802129864692688 0.820592999458313
vt 0.9773030281066895 0.8204579949378967
vt 0.9773030281066895 0.8026620149612427
vt 0.9828799962997437 0.8044989705085754
vt 0.6935700178146362 0.8374660015106201
vt 0.5525019764900208 0.4018799960613251
vt 0.043535999953746796 0.7894139885902405
vt 0.7654269933700562 0.11176999658346176
vt 0.958899974822998 0.7863900065422058
vt 0.9582759737968445 0.7849119901657104
vt 0.5499290227890015 0.13670599460601807
vt 0.16310100257396698 0.6872079968452454
vt 0.15682800114154816 0.6863369941711426
vt 0.04446699842810631 0.43578898906707764
vt 0.2941100001335144 0.6702579855918884
vt 0.9835469722747803 0.7457979917526245
vt 0.9663180112838745 0.7271850109100342
vt 0.975937008857727 0.721189022064209
vt 0.9835469722747803 0.7158669829368591
vt 0.8840600252151489 0.015308000147342682
vt 0.8878139853477478 0.017424000427126884
vt 0.5610600113868713 0.0029239999130368233
vt 0.5569760203361511 0.14138999581336975
vt 0.3440530002117157 0.4754810035228729
vt 0.3443560004234314 0.46773800253868103
vt 0.34620401263237 0.46700501441955566
vt 0.3440530002117157 0.46518099308013916
vt 0.3194209933280945 0.9836469888687134
vt 0.31836000084877014 0.9562519788742065
vt 0.32676398754119873 0.9596459865570068
vt 0.7163479924201965 0.9964579939842224
vt 0.7018870115280151 0.9778469800949097
vt 0.7094519734382629 0.9760919809341431
vt 0.23803800344467163 0.3610230088233948
vt 0.3521000146865845 0.3480739891529083
vt 0.47343501448631287 0.9387159943580627
vt 0.4830299913883209 0.9387199878692627
vt 0.7703260183334351 0.9658470153808594
vt 0.7642170190811157 0.9151300191879272
vt 0.9224669933319092 0.5065410137176514
vt 0.9810469746589661 0.574059009552002
vt 0.9732940196990967 0.5635319948196411
vt 0.9771980047225952 0.5669029951095581
vt 0.5970739722251892 0.9092820286750793
vt 0.3259260058403015 0.7082890272140503
vt 0.9716449975967407 0.8630629777908325
vt 0.9844350218772888 0.8414480090141296
vt 0.9844350218772888 0.8728439807891846
vt 0.5353609919548035 0.538349986076355
vt 0.9070389866828918 0.9640340209007263
vt 0.8985310196876526 0.9525600075721741
vt 0.9131010174751282 0.957207977771759
vt 0.7839319705963135 0.12647700309753418
vt 0.5970739722251892 0.6278929710388184
vt 0.8336250185966492 0.20401400327682495
vt 0.7652739882469177 0.2053299993276596
vt 0.5709310173988342 0.841609001159668
vt 0.5717319846153259 0.7773669958114624
vt 0.5757970213890076 0.8392840027809143
vt 0.5795120000839233 0.8361819982528687
vt 0.906266987323761 0.8454700112342834
vt 0.8990970253944397 0.27180999517440796
vt 0.7583699822425842 0.9151300191879272
vt 0.33953601121902466 0.9751999974250793
vt 0.3426379859447479 0.9703419804573059
vt 0.34351301193237305 0.9716249704360962
vt 0.5081930160522461 0.19343699514865875
vt 0.3521000146865845 0.6814619898796082
vt 0.9631519913673401 0.8605570197105408
vt 0.9715070128440857 0.9303320050239563
vt 0.5475479960441589 0.3989740014076233
vt 0.5807690024375916 0.29669201374053955
vt 0.6972870230674744 0.7439489960670471
vt 0.2811729907989502 0.9364640116691589
vt 0.28614699840545654 0.8837119936943054
vt 0.28614699840545654 0.938513994216919
vt 0.8025810122489929 0.34021899104118347
vt 0.8025810122489929 0.2823930084705353
vt 0.8072620034217834 0.2850939929485321
vt 0.8708270192146301 0.5152590274810791
vt 0.2329300045967102 0.9442660212516785
vt 0.040098000317811966 0.7962089776992798
vt 0.33368799090385437 0.9590830206871033
vt 0.4121060073375702 0.8438490033149719
vt 0.416034996509552 0.8379690051078796
vt 0.7391049861907959 0.34202998876571655
vt 0.7298579812049866 0.2864859998226166
vt 0.7329400181770325 0.28512200713157654
vt 0.589506983757019 0.8623549938201904
vt 0.5853599905967712 0.8553500175476074
vt 0.589506983757019 0.8488109707832336
vt 0.6227989792823792 0.3404510021209717
vt 0.8699650168418884 0.9303320050239563
vt 0.8898680210113525 0.9498289823532104
vt 0.8699650168418884 0.8026620149612427
vt 0.894336998462677 0.8550289869308472
vt 0.31836000084877014 0.9850090146064758
vt 0.5508549809455872 0.5596789717674255
vt 0.8939679861068726 0.3214080035686493
vt 0.5280179977416992 0.34220901131629944
vt 0.14183300733566284 0.5073590278625488
vt 0.5930039882659912 0.18970100581645966
vt 0.7185909748077393 0.9218310117721558
vt 0.913785994052887 0.3001050055027008
vt 0.8962079882621765 0.5062220096588135
vt 0.8641179800033569 0.8556510210037231
vt 0.9748830199241638 0.561214029788971
vt 0.41050800681114197 0.9739919900894165
vt 0.9254909753799438 0.9303320050239563
vt 0.0035359999164938927 0.39000698924064636
vt 0.047697000205516815 0.8605440258979797
vt 0.047697000205516815 0.7962089776992798
vt 0.052129000425338745 0.859732985496521
vt 0.7212949991226196 0.16968800127506256
vt 0.3521000146865845 0.9328680038452148
vt 0.9532849788665771 0.34908801317214966
vt 0.584725022315979 0.520442008972168
vt 0.5891389846801758 0.5175250172615051
vt 0.5883380174636841 0.5249959826469421
vt 0.9505860209465027 0.47945600748062134
vt 0.9560800194740295 0.41666099429130554
vt 0.9560800194740295 0.47947800159454346
vt 0.5909280180931091 0.8429629802703857
vt 0.5853599905967712 0.8420990109443665
vt 0.5909280180931091 0.7773659825325012
vt 0.3450919985771179 0.5100499987602234
vt 0.3444269895553589 0.5086960196495056
vt 0.3450919985771179 0.5079820156097412
vt 0.9054449796676636 0.5064200162887573
vt 0.2428639978170395 0.3116289973258972
vt 0.9555400013923645 0.5071820020675659
vt 0.9436020255088806 0.48803600668907166
vt 0.9555400013923645 0.48532599210739136
vt 0.2815279960632324 0.8045759797096252
vt 0.5056279897689819 0.36445900797843933
vt 0.9883319735527039 0.4412199854850769
vt 0.9752200245857239 0.4224720001220703
vt 0.9883319735527039 0.41666099429130554
vt 0.31251299381256104 0.9850040078163147
vt 0.3003320097923279 0.9644590020179749
vt 0.31251299381256104 0.9562519788742065
vt 0.4114840030670166 0.46063101291656494
vt 0.19926199316978455 0.9583380222320557
vt 0.21707500517368317 0.9319130182266235
vt 0.21707500517368317 0.9675400257110596
vt 0.9757540225982666 0.15831999480724335
vt 0.9705349802970886 0.13266000151634216
vt 0.9757540225982666 0.12904299795627594
vt 0.971455991268158 0.8026620149612427
vt 0.13364499807357788 0.9724270105361938
vt 0.9631519913673401 0.824882984161377
vt 0.5899450182914734 0.5085260272026062
vt 0.04339300096035004 0.43834298849105835
vt 0.012445000000298023 0.42563700675964355
vt 0.9715070128440857 0.9669349789619446
vt 0.9503570199012756 0.9551500082015991
vt 0.8107500076293945 0.2869679927825928
vt 0.18919700384140015 0.8484089970588684
vt 0.1824759989976883 0.8439480066299438
vt 0.2184620052576065 0.7969859838485718
vt 0.4918990135192871 0.6737689971923828
vt 0.7642170190811157 0.9663919806480408
vt 0.8849260210990906 0.9597460031509399
vt 0.7902680039405823 0.992393970489502
vt 0.7902680039405823 0.9686490297317505
vt 0.8123869895935059 0.9754329919815063
vt 0.3450250029563904 0.45933300256729126
vt 0.3440530002117157 0.45181000232696533
vt 0.3450250029563904 0.4461289942264557
vt 0.8061529994010925 0.4648970067501068
vt 0.5737730264663696 0.9361180067062378
vt 0.32272499799728394 0.37582001090049744
vt 0.6938390135765076 0.9798870086669922
vt 0.6606789827346802 0.5963940024375916
vt 0.27586498856544495 0.9332799911499023
vt 0.3521000146865845 0.5006430149078369
vt 0.9208790063858032 0.2614330053329468
vt 0.9450560212135315 0.1838179975748062
vt 0.9450560212135315 0.2633199989795685
vt 0.38308700919151306 0.48583200573921204
vt 0.6562820076942444 0.34061399102211
vt 0.6585260033607483 0.31140801310539246
vt 0.6708920001983643 0.3113290071487427
vt 0.7255759835243225 0.2883720099925995
vt 0.7154480218887329 0.0029239999130368233
vt 0.7971159815788269 0.04627399891614914
vt 0.7757769823074341 0.6027209758758545
vt 0.03798000141978264 0.9065880179405212
vt 0.7268450260162354 0.7169830203056335
vt 0.9674469828605652 0.5152590274810791
vt 0.7135900259017944 0.33751198649406433
vt 0.7095329761505127 0.31414398550987244
vt 0.7135900259017944 0.29669201374053955
vt 0.5507760047912598 0.5579559803009033
vt 0.34531301259994507 0.5178750157356262
vt 0.3444269895553589 0.5171729922294617
vt 0.34531301259994507 0.5158969759941101
vt 0.8881210088729858 0.27654600143432617
vt 0.9331030249595642 0.10089299827814102
vt 0.9610430002212524 0.7100189924240112
vt 0.6237369775772095 0.5584449768066406
vt 0.7497419714927673 0.6360350251197815
vt 0.9648169875144958 0.2633199989795685
vt 0.9648169875144958 0.2548710107803345
vt 0.9682940244674683 0.2575710117816925
vt 0.13364499807357788 0.9321619868278503
vt 0.9344949722290039 0.0884540006518364
vt 0.9150609970092773 0.08072099834680557
vt 0.9344949722290039 0.0029239999130368233
vt 0.08732999861240387 0.9682959914207458
vt 0.09528300166130066 0.9621009826660156
vt 0.10934799909591675 0.9850460290908813
vt 0.9233970046043396 0.7922149896621704
vt 0.49307700991630554 0.6756139993667603
vt 0.2485329955816269 0.7969859838485718
vt 0.5878790020942688 0.9736440181732178
vt 0.5647969841957092 0.9539049863815308
vt 0.9631519913673401 0.9244850277900696
vt 0.9631519913673401 0.9168019890785217
vt 0.9703419804573059 0.9196749925613403
vt 0.9704139828681946 0.7943770289421082
vt 0.9663180112838745 0.7925130128860474
vt 0.9704139828681946 0.7875189781188965
vt 0.7642170190811157 0.9952269792556763
vt 0.766959011554718 0.9724699854850769
vt 0.783955991268158 0.9952269792556763
vt 0.5970739722251892 0.6341879963874817
vt 0.7583699822425842 0.996740996837616
vt 0.7361249923706055 0.996740996837616
vt 0.7551140189170837 0.9871150255203247
vt 0.3429119884967804 0.4402819871902466
vt 0.3429119884967804 0.42026498913764954
vt 0.3450250029563904 0.4399999976158142
vt 0.9389510154724121 0.09430199861526489
vt 0.9646880030632019 0.0982699990272522
vt 0.9389510154724121 0.16216599941253662
vt 0.3521000146865845 0.9543700218200684
vt 0.9915869832038879 0.29431501030921936
vt 0.982807993888855 0.28678300976753235
vt 0.9915869832038879 0.2691670060157776
vt 0.2157749980688095 0.9733870029449463
vt 0.2007479965686798 0.9920510053634644
vt 0.19926199316978455 0.9733870029449463
vt 0.6562820076942444 0.29669201374053955
vt 0.6625030040740967 0.30192598700523376
vt 0.919642984867096 0.9303320050239563
vt 0.9208790063858032 0.3368400037288666
vt 0.9355109930038452 0.2691670060157776
vt 0.9355109930038452 0.3404580056667328
vt 0.9732940196990967 0.5152590274810791
vt 0.9788029789924622 0.5293049812316895
vt 0.9732940196990967 0.5418649911880493
vt 0.012294000014662743 0.41795700788497925
vt 0.17048899829387665 0.9673900008201599
vt 0.9593639969825745 0.6118389964103699
vt 0.9713249802589417 0.5847030282020569
vt 0.9713249802589417 0.6186649799346924
vt 0.9185259938240051 0.8411710262298584
vt 0.6766719818115234 0.3176020085811615
vt 0.02122800052165985 0.41485899686813354
vt 0.19897300004959106 0.5328019857406616
vt 0.8629860281944275 0.7004119753837585
vt 0.3444269895553589 0.5021349787712097
vt 0.3444269895553589 0.4973889887332916
vt 0.34620401263237 0.500669002532959
vt 0.6169509887695312 0.340054988861084
vt 0.8141530156135559 0.2882409989833832
vt 0.29112398624420166 0.5418670177459717
vt 0.8713780045509338 0.5781440138816833
vt 0.919642984867096 0.9760029911994934
vt 0.06108599901199341 0.5687459707260132
vt 0.5076190233230591 0.03679899871349335
vt 0.45174700021743774 0.9563159942626953
vt 0.7253140211105347 0.3665049970149994
vt 0.9436020255088806 0.47662800550460815
vt 0.3060770034790039 0.6243780255317688
vt 0.300123006105423 0.6239179968833923
vt 0.3060770034790039 0.561519980430603
vt 0.004629000090062618 0.9074429869651794
vt 0.7996799945831299 0.47933998703956604
vt 0.10934799909591675 0.9558150172233582
vt 0.18677599728107452 0.5408430099487305
vt 0.5423399806022644 0.16179600358009338
vt 0.30053699016571045 0.6541280150413513
vt 0.9668909907341003 0.6691930294036865
vt 0.9689239859580994 0.6722009778022766
vt 0.9668909907341003 0.6990799903869629
vt 0.343627005815506 0.4915409982204437
vt 0.343627005815506 0.48132801055908203
vt 0.34620401263237 0.48751100897789
vt 0.9729909896850586 0.6734840273857117
vt 0.5884090065956116 0.4885450005531311
vt 0.8939679861068726 0.07773099839687347
vt 0.20379799604415894 0.856456995010376
vt 0.9710670113563538 0.9767630100250244
vt 0.9503570199012756 0.9963759779930115
vt 0.9503570199012756 0.9727820158004761
vt 0.04945199936628342 0.789795994758606
vt 0.8600159883499146 0.9627670049667358
vt 0.8641179800033569 0.9588009715080261
vt 0.8641179800033569 0.9673240184783936
vt 0.6431149840354919 0.3275569975376129
vt 0.9694349765777588 0.41073599457740784
vt 0.9669809937477112 0.383105993270874
vt 0.9868069887161255 0.383105993270874
vt 0.24437899887561798 0.900443971157074
vt 0.5666829943656921 0.016150999814271927
vt 0.043352000415325165 0.9567689895629883
vt 0.31687799096107483 0.6245390176773071
vt 0.311924010515213 0.6240649819374084
vt 0.31687799096107483 0.561519980430603
vt 0.751006007194519 0.9742810130119324
vt 0.9750750064849854 0.28166601061820984
vt 0.17434300482273102 0.8390550017356873
vt 0.17807599902153015 0.8395739793777466
vt 0.5345609784126282 0.1612430065870285
vt 0.7449520230293274 0.2823930084705353
vt 0.7163479924201965 0.9735069870948792
vt 0.697799026966095 0.29669201374053955
vt 0.7856659889221191 0.0522879995405674
vt 0.9839659929275513 0.10602500289678574
vt 0.9705349802970886 0.12319599837064743
vt 0.9705349802970886 0.09430199861526489
vt 0.768867015838623 0.2823930084705353
vt 0.7391049861907959 0.2823930084705353
vt 0.8926839828491211 0.9429460167884827
vt 0.6879919767379761 0.9151300191879272
vt 0.6865299940109253 0.9760800004005432
vt 0.6627129912376404 0.9151300191879272
vt 0.5012789964675903 0.29084500670433044
vt 0.8175550103187561 0.2895129919052124
vt 0.3141520023345947 0.6544150114059448
vt 0.7927219867706299 0.7485650181770325
vt 0.9730830192565918 0.1838179975748062
vt 0.9730830192565918 0.24428699910640717
vt 0.9509029984474182 0.24116399884223938
vt 0.4085899889469147 0.4772869944572449
vt 0.8538650274276733 0.9684069752693176
vt 0.8404830098152161 0.9924250245094299
vt 0.8318819999694824 0.9684069752693176
vt 0.8825100064277649 0.2823930084705353
vt 0.8830839991569519 0.8620319962501526
vt 0.5600699782371521 0.9324809908866882
vt 0.5600699782371521 0.912900984287262
vt 0.5650830268859863 0.9309419989585876
vt 0.8031949996948242 0.9151290059089661
vt 0.25898998975753784 0.9356729984283447
vt 0.5795120000839233 0.8637030124664307
vt 0.9830830097198486 0.663345992565155
vt 0.9668909907341003 0.6442930102348328
vt 0.9830830097198486 0.6337400078773499
vt 0.9715610146522522 0.02984200045466423
vt 0.9715610146522522 0.0029239999130368233
vt 0.9897189736366272 0.014069000259041786
vt 0.7212949991226196 0.2902570068836212
vt 0.2936829924583435 0.9689970016479492
vt 0.9756609797477722 0.08803500235080719
vt 0.9715610146522522 0.08757200092077255
vt 0.9715610146522522 0.06819900125265121
vt 0.06108599901199341 0.9855859875679016
vt 0.06108599901199341 0.9558150172233582
vt 0.08148299902677536 0.9809539914131165
vt 0.7626820206642151 0.4215199947357178
vt 0.5768640041351318 0.340054988861084
vt 0.015250000171363354 0.42535901069641113
vt 0.45174700021743774 0.9719780087471008
vt 0.9783210158348083 0.08595199882984161
vt 0.44167399406433105 0.1601009964942932
vt 0.7710570096969604 0.6865040063858032
vt 0.3336789906024933 0.9563080072402954
vt 0.27969199419021606 0.7969859838485718
o mesh_input
f 679/1 602/2 684/3 755/4
f 293/5 325/6 305/7 262/8
f 1442/9 1320/10 1354/11 1485/12
f 2181/13 2193/14 2194/15 2182/16
f 2403/17 2414/18 2366/19 2343/20
f 2333/21 2281/22 2290/23 2368/24
f 1966/25 1974/26 1957/27 1935/28
f 931/29 840/30 892/31 991/32
f 2471/33 2453/34 2454/35 2472/36
f 1548/37 1593/38 1549/39 1511/40
f 1437/41 1415/42 1382/43 1413/44
f 620/45 607/46 649/47 659/48
f 260/49 221/50 231/51 296/52
f 1500/53 1457/54 1514/55 1538/56
f 2735/57 2709/58 2719/59 2739/60
f 1511/40 1549/39 1489/61 1455/62
f 1182/63 1101/64 1059/65 1100/66
f 889/67 950/68 961/69 858/70
f 686/71 722/72 687/73 647/74
f 2045/75 2028/76 2056/77 2070/78
f 2311/79 2314/80 2308/81 2306/82
f 1034/83 958/84 1011/85 1091/86
f 405/87 390/88 414/89 433/90
f 1461/91 1470/92 1488/93 1481/94
f 672/95 719/96 661/97 600/98
f 2250/99 2226/100 2251/101 2261/102
f 946/103 969/104 1024/105 976/106
f 2348/107 2359/108 2378/109 2365/110
f 2411/111 2413/112 2429/113 2422/114
f 1273/115 1227/116 1270/117 1306/118
f 2266/119 2197/120 2219/121 2273/122
f 1061/123 1070/124 1018/125 1037/126
f 1388/127 1337/128 1420/129 1457/54
f 2205/130 2198/131 2137/132 2136/133
f 2569/134 2571/135 2553/136 2551/137
f 2469/138 2470/139 2452/140 2451/141
f 1868/142 1855/143 1857/144 1872/145
f 1474/146 1417/147 1450/148 1502/149
f 1818/150 1834/151 1801/152 1790/153
f 2121/154 2092/155 2093/156 2102/157
f 1795/158 1797/159 1779/160 1774/161
f 492/162 621/163 542/164 425/165
f 2530/166 2512/167 2514/168 2532/169
f 1200/170 1173/171 1205/172 1222/173
f 1583/174 1639/175 1619/176 1584/177
f 2632/178 2615/179 2616/180 2634/181
f 2135/182 2136/183 2127/184 2116/185
f 2245/186 2262/187 2246/188 2211/189
f 846/190 884/191 825/192 766/193
f 407/194 363/195 529/196 557/197
f 724/198 768/199 748/200 709/201
f 793/202 850/203 838/204 778/205
f 855/206 887/207 848/208 819/209
f 650/210 575/211 541/212 651/213
f 725/214 651/215 801/216 733/217
f 1366/218 1356/219 1408/220 1432/221
f 837/222 839/223 867/224 871/225
f 139/226 94/227 95/228 167/229
f 754/230 790/231 700/232 645/233
f 1015/234 1084/235 1088/236 1066/237
f 1743/238 1749/239 1724/240 1719/241
f 1881/242 1900/243 1867/244 1853/245
f 217/246 281/247 268/248 213/249
f 1673/250 1662/251 1668/252 1676/253
f 617/254 619/255 669/256 667/257
f 2715/258 2710/259 2720/260 2723/261
f 2118/262 2165/263 2144/264 2073/265
f 305/7 327/266 298/267 287/268
f 2082/269 2101/270 2106/271 2084/272
f 2079/273 2072/274 2061/275 2081/276
f 1533/277 1570/278 1541/279 1508/280
f 956/281 1009/282 937/283 883/284
f 1863/285 1881/242 1853/245 1834/151
f 1674/286 1676/253 1668/252 1665/287
f 516/288 517/289 571/290 570/291
f 1705/292 1682/293 1683/294 1707/295
f 1181/296 1089/297 1159/298 1241/299
f 717/300 487/301 642/302 800/303
f 2599/304 2601/305 2583/306 2581/307
f 1036/308 1069/309 1050/310 1006/311
f 496/312 491/313 555/314 563/315
f 1988/316 1986/317 1987/318 1990/319
f 2782/320 2777/321 2784/322 2785/323
f 1412/324 1446/325 1470/326 1459/327
f 2221/328 2243/329 2253/330 2242/331
f 236/332 293/5 262/8 219/333
f 2648/334 2647/335 2649/336 2653/337
f 215/338 216/339 162/340 161/341
f 451/342 467/343 402/344 395/345
f 458/346 509/347 459/348 418/349
f 870/350 929/351 902/352 862/353
f 2638/354 2620/355 2622/356 2645/357
f 204/358 155/359 157/360 211/361
f 1009/282 1125/362 1026/363 937/283
f 1978/364 1964/365 1970/366 1981/367
f 1410/368 1411/369 1373/370 1380/371
f 2354/372 2356/373 2340/374 2338/375
f 1090/376 983/377 1034/83 1135/378
f 2618/379 2600/380 2602/381 2620/355
f 1198/382 1188/383 1229/384 1236/385
f 1911/386 1893/387 1912/388 1930/389
f 488/390 529/196 363/195 355/391
f 214/392 215/338 161/341 160/393
f 2191/394 2201/395 2221/328 2217/396
f 758/397 922/398 921/399 749/400
f 2113/401 2090/402 2156/403 2155/404
f 2744/405 2745/406 2727/407 2724/408
f 375/409 376/410 439/411 438/412
f 1664/413 1672/414 1636/415 1601/416
f 355/391 363/195 301/417 308/418
f 1139/419 1128/420 1153/421 1167/422
f 2212/423 2214/424 2177/425 2187/426
f 1002/427 916/428 968/429 1055/430
f 1495/431 1520/432 1501/433 1463/434
f 1206/435 1201/436 1176/437 1175/438
f 1944/439 1960/440 1937/441 1920/442
f 226/443 195/444 228/445 252/446
f 1499/447 1490/448 1506/449 1513/450
f 2380/451 2363/452 2400/453 2413/112
f 2478/454 2460/455 2462/456 2480/457
f 2483/458 2485/459 2467/460 2465/461
f 2718/462 2726/463 2703/464 2696/465
f 2434/466 2404/467 2416/468 2443/469
f 1802/470 1785/471 1792/472 1811/473
f 1360/474 1349/475 1391/476 1399/477
f 368/478 337/479 390/88 405/87
f 1288/480 1253/481 1202/482 1224/483
f 1921/484 1915/485 1932/486 1938/487
f 2090/488 2157/489 2179/490 2156/491
f 1389/492 1435/493 1372/494 1348/495
f 1599/496 1612/497 1586/498 1589/499
f 360/500 322/501 323/502 361/503
f 2378/109 2386/504 2404/467 2385/505
f 1160/506 1091/86 1151/507 1196/508
f 1553/509 1554/510 1609/511 1608/512
f 958/84 926/513 977/514 1011/85
f 2473/515 2475/516 2457/517 2455/518
f 880/519 913/520 855/521 833/522
f 567/523 613/524 597/525 553/526
f 2551/137 2553/136 2535/527 2533/528
f 2179/529 2191/394 2217/396 2199/530
f 940/531 886/532 927/533 985/534
f 61/535 40/536 46/537 66/538
f 2520/539 2502/540 2504/541 2522/542
f 1423/543 1365/544 1469/545 1467/546
f 2155/404 2156/403 2234/547 2206/548
f 537/549 527/550 584/551 591/552
f 1532/553 1500/554 1538/555 1568/556
f 1739/557 1718/558 1723/559 1748/560
f 836/561 866/562 820/563 777/564
f 1620/565 1604/566 1611/567 1641/568
f 1865/569 1860/570 1878/571 1884/572
f 2623/573 2625/574 2607/575 2605/576
f 395/345 402/344 362/577 360/500
f 2277/578 2286/579 2274/580 2267/581
f 2589/582 2591/583 2573/584 2571/585
f 2683/586 2668/587 2681/588 2687/589
f 2190/590 2200/591 2166/592 2165/263
f 1115/593 1067/594 1126/595 1161/596
f 2495/597 2497/598 2479/599 2477/600
f 2038/601 2086/602 2088/603 2069/604
f 806/605 879/606 911/607 826/608
f 2580/609 2563/610 2564/611 2582/612
f 553/526 597/525 587/613 539/614
f 1688/615 1689/616 1676/253 1674/286
f 2728/617 2687/618 2697/619 2731/620
f 222/621 198/622 205/623 244/624
f 1091/86 1011/85 1092/625 1151/507
f 1399/477 1391/476 1458/626 1464/627
f 2127/184 2117/628 2130/629 2129/630
f 2034/631 1997/632 2001/633 2065/634
f 734/635 759/636 632/637 564/638
f 2581/307 2583/306 2565/639 2562/640
f 85/641 155/359 144/642 83/643
f 2001/644 2000/645 2004/646 2005/647
f 640/648 681/649 670/650 631/651
f 2213/652 2206/548 2233/653 2231/654
f 1903/655 1914/656 1890/657 1874/658
f 625/659 678/660 627/661 580/662
f 1200/663 1222/664 1293/665 1278/666
f 1875/667 1837/668 1848/669 1886/670
f 177/671 133/672 134/673 178/674
f 1311/675 1313/676 1280/677 1279/678
f 87/679 157/360 155/359 85/641
f 210/680 212/681 158/682 156/683
f 1821/684 1814/685 1824/686 1828/687
f 755/4 684/3 737/688 791/689
f 1993/690 1992/691 1996/692 1997/693
f 913/694 948/695 887/207 855/206
f 2624/696 2606/697 2608/698 2626/699
f 2774/700 2778/701 2745/406 2744/405
f 1766/702 1748/560 1753/703 1778/704
f 2247/705 2248/706 2225/707 2223/708
f 2323/709 2305/710 2300/711 2316/712
f 1085/713 1157/714 1043/715 963/716
f 2141/717 2175/718 2189/719 2143/720
f 740/721 789/722 852/723 697/724
f 2720/725 2717/726 2726/463 2725/727
f 1349/475 1329/728 1351/729 1374/730
f 708/731 696/732 739/733 745/734
f 439/411 440/735 517/289 516/288
f 1552/736 1584/177 1555/737 1519/738
f 1283/739 1255/740 1275/741 1307/742
f 44/743 53/744 34/745 27/746
f 178/674 172/747 198/622 222/621
f 731/748 709/201 748/200 773/749
f 1363/750 1396/751 1335/752 1289/753
f 696/754 692/755 731/756 739/757
f 1534/758 1528/759 1465/760 1480/761
f 1685/762 1666/763 1675/764 1693/765
f 2480/457 2462/456 2464/766 2482/767
f 619/255 620/45 659/48 669/256
f 1963/768 1929/769 1950/770 1969/771
f 2129/630 2130/629 2121/154 2120/772
f 867/224 863/773 896/774 908/775
f 1473/776 1416/777 1427/778 1482/779
f 1687/780 1695/781 1677/782 1669/783
f 1929/769 1911/386 1930/389 1950/770
f 702/784 738/785 686/71 656/786
f 485/787 549/788 526/789 471/790
f 2705/791 2671/792 2675/793 2709/58
f 2335/794 2325/795 2317/796 2336/797
f 2501/798 2503/799 2485/459 2483/458
f 2369/800 2362/801 2323/802 2334/803
f 1844/804 1817/805 1833/806 1862/807
f 1063/808 1064/809 1032/810 1031/811
f 1465/760 1466/812 1422/813 1411/369
f 831/814 776/815 824/816 876/817
f 1796/818 1777/819 1782/820 1806/821
f 2016/822 2018/823 1985/824 1984/825
f 747/826 793/202 778/205 730/827
f 2220/828 2237/829 2208/830 2200/591
f 137/831 120/832 127/833 149/834
f 1777/819 1757/835 1763/836 1782/820
f 2734/837 2738/838 2708/839 2699/840
f 1681/841 1688/615 1674/286 1670/842
f 1661/843 1670/842 1660/844 1638/845
f 1933/846 1948/847 1924/848 1910/849
f 513/850 567/523 553/526 495/851
f 315/852 285/853 250/854 297/855
f 1567/856 1601/416 1518/857 1494/858
f 1434/859 1478/860 1421/861 1371/862
f 122/863 151/864 103/865 99/866
f 2373/867 2375/868 2382/869 2381/870
f 1782/871 1763/872 1772/873 1787/874
f 1420/129 1347/875 1360/474 1399/477
f 554/876 598/877 593/878 555/314
f 2446/879 2435/880 2440/881 2448/882
f 1108/883 1075/884 1263/885 1216/886
f 2303/887 2269/888 2281/22 2333/21
f 1812/889 1820/890 1799/891 1793/892
f 1644/893 1650/894 1647/895 1634/896
f 629/897 630/898 697/724 688/899
f 182/900 192/901 129/902 123/903
f 2487/904 2469/138 2471/33 2489/905
f 1895/906 1906/907 1888/908 1871/909
f 721/910 812/911 754/230 654/912
f 127/833 76/913 94/227 139/226
f 1714/914 1692/915 1697/916 1718/558
f 2469/138 2451/141 2453/34 2471/33
f 1076/917 1093/918 1136/919 1116/920
f 2223/708 2225/707 2209/921 2202/922
f 703/923 664/924 688/899 821/925
f 2132/926 2170/927 2012/928 2008/929
f 2039/930 2048/931 2041/932 2031/933
f 1793/892 1799/891 1770/934 1767/935
f 1407/936 1336/937 1366/938 1431/939
f 2461/940 2463/941 2444/942 2439/943
f 2381/870 2382/869 2374/944 2372/945
f 1727/946 1728/947 1708/948 1705/292
f 723/949 763/950 744/951 705/952
f 2270/953 2277/578 2267/581 2263/954
f 147/955 148/956 126/957 118/958
f 2389/959 2372/945 2354/960 2370/961
f 1272/962 1267/963 1298/964 1301/965
f 302/966 240/967 385/968 391/969
f 964/970 992/971 939/972 912/973
f 500/974 432/975 469/976 533/977
f 141/978 142/979 80/980 78/981
f 2156/403 2179/529 2199/530 2234/547
f 482/982 853/983 734/635 474/984
f 2732/985 2705/791 2709/58 2735/57
f 358/986 349/987 393/988 398/989
f 2628/990 2610/991 2612/992 2631/993
f 2015/994 2011/995 2014/996 2019/997
f 1274/998 1284/999 1328/1000 1310/1001
f 2512/167 2494/1002 2496/1003 2514/168
f 2120/772 2121/154 2102/157 2122/1004
f 2695/1005 2670/1006 2680/1007 2703/464
f 1725/1008 1706/1009 1712/1010 1732/1011
f 2053/1012 2052/1013 2035/1014 2044/1015
f 216/1016 280/1017 281/247 217/246
f 24/1018 8/1019 9/1020 29/1021
f 1354/1022 1265/1023 1321/1024 1378/1025
f 2716/1026 2724/1027 2721/1028 2712/1029
f 1717/1030 1721/1031 1701/1032 1699/1033
f 2366/1034 2393/1035 2367/1036 2344/1037
f 1873/1038 1865/1039 1884/1040 1889/1041
f 1727/946 1705/292 1707/295 1729/1042
f 1008/1043 999/1044 1019/1045 1028/1046
f 211/361 267/1047 259/1048 204/358
f 2275/1049 2280/1050 2238/1051 2222/1052
f 2353/1053 2339/1054 2355/1055 2371/1056
f 2080/1057 2099/1058 2091/1059 2074/1060
f 2514/168 2496/1003 2498/1061 2516/1062
f 2704/1063 2706/1064 2672/1065 2667/1066
f 29/1021 9/1020 11/1067 31/1068
f 511/1069 512/1070 586/1071 585/1072
f 1928/1073 1896/1074 1901/1075 1940/1076
f 588/1077 502/1078 602/1079 679/1080
f 1486/1081 1456/1082 1490/448 1499/447
f 1954/1083 1961/1084 1955/1085 1948/847
f 2605/576 2607/575 2589/1086 2587/1087
f 129/902 141/978 78/981 74/1088
f 377/1089 406/1090 416/1091 382/1092
f 1170/1093 1189/1094 1154/1095 1127/1096
f 644/1097 588/1077 679/1080 736/1098
f 1119/1099 1078/1100 1104/1101 1142/1102
f 592/1103 637/1104 613/524 567/523
f 2584/1105 2566/1106 2568/1107 2586/1108
f 2636/1109 2618/379 2620/355 2638/354
f 2494/1002 2476/1110 2478/454 2496/1003
f 2777/321 2748/1111 2755/1112 2784/322
f 2630/1113 2613/1114 2615/179 2632/178
f 423/1115 462/1116 450/1117 415/1118
f 115/1119 65/1120 73/1121 124/1122
f 291/1123 251/1124 292/1125 311/1126
f 265/1127 370/1128 359/1129 266/1130
f 222/621 232/1131 177/671 178/674
f 359/1129 370/1128 408/1132 399/1133
f 208/1134 209/1135 154/1136 153/1137
f 211/1138 157/1139 159/1140 213/1141
f 1447/1142 1472/1143 1454/1144 1425/1145
f 1412/324 1374/730 1414/1146 1446/325
f 515/1147 516/288 570/291 569/1148
f 1163/1149 1131/1150 1176/437 1201/436
f 2704/1063 2667/1066 2671/792 2705/791
f 2362/801 2346/1151 2305/1152 2323/802
f 1251/1153 1233/1154 1369/1155 1384/1156
f 2237/829 2247/705 2223/708 2208/830
f 290/1157 232/1131 269/1158 301/417
f 1477/1159 1495/431 1463/434 1433/1160
f 46/537 29/1021 31/1068 48/1161
f 2276/1162 2288/1163 2270/1164 2262/187
f 2503/799 2504/541 2486/1165 2485/459
f 33/1166 22/1167 28/1168 45/1169
f 1467/546 1509/1170 1487/1171 1423/543
f 2509/1172 2490/1173 2492/1174 2510/1175
f 1217/1176 1186/1177 1240/1178 1265/1023
f 2610/991 2592/1179 2594/1180 2612/992
f 845/1181 923/1182 878/1183 803/1184
f 2075/1185 2049/1186 2042/1187 2063/1188
f 1055/430 1132/1189 1080/1190 1002/427
f 1624/1191 1644/893 1634/896 1606/1192
f 294/1193 255/1194 282/1195 309/1196
f 2201/395 2218/1197 2243/329 2221/328
f 2280/1050 2285/1198 2249/1199 2238/1051
f 361/503 323/502 290/1157 301/417
f 2126/1200 2096/1201 2087/1202 2111/1203
f 231/51 183/1204 170/1205 243/1206
f 2648/334 2654/1207 2650/1208 2647/335
f 2400/453 2402/1209 2425/1210 2423/1211
f 1566/1212 1493/1213 1517/1214 1592/1215
f 2342/1216 2307/1217 2331/1218 2358/1219
f 2188/1220 2176/1221 2198/1222 2205/1223
f 1111/1224 1146/1225 1113/1226 1065/1227
f 1968/1228 1972/1229 1960/440 1944/439
f 130/1230 79/1231 81/1232 143/1233
f 90/1234 89/1235 160/1236 161/1237
f 2332/1238 2294/1239 2303/887 2359/108
f 1578/1240 1616/1241 1600/1242 1559/1243
f 1642/1244 1645/1245 1649/1246 1643/1247
f 638/1248 675/1249 668/1250 618/1251
f 1734/1252 1714/914 1718/558 1739/557
f 613/524 666/1253 648/1254 597/525
f 225/1255 227/1256 190/1257 186/1258
f 962/1259 874/1260 1057/1261 1107/1262
f 1237/1263 1261/1264 1220/1265 1199/1266
f 1855/143 1856/1267 1840/1268 1839/1269
f 1255/740 1228/1270 1235/1271 1275/741
f 88/1272 86/1273 156/1274 158/1275
f 162/340 216/339 217/1276 163/1277
f 2074/1060 2091/1059 2082/1278 2062/1279
f 2677/1280 2686/1281 2658/1282 2646/1283
f 1329/728 1285/1284 1330/1285 1351/729
f 892/31 826/608 911/607 983/377
f 2611/1286 2612/992 2594/1180 2593/1287
f 36/1288 49/1289 20/1290 12/1291
f 1044/1292 991/32 1090/376 1158/1293
f 2696/465 2703/464 2680/1007 2674/1294
f 2160/1295 2182/16 2192/1296 2167/1297
f 1892/1298 1895/1299 1871/1300 1868/142
f 1821/684 1830/1301 1816/1302 1808/1303
f 31/1068 11/1067 13/1304 37/1305
f 1437/41 1459/1306 1470/92 1461/91
f 585/1072 586/1071 603/1307 612/1308
f 228/1309 181/1310 193/1311 241/1312
f 1344/1313 1352/1314 1313/676 1311/675
f 1824/686 1814/685 1822/1315 1827/1316
f 656/786 686/71 647/74 596/1317
f 1157/714 1168/1318 1086/1319 1043/715
f 1879/1320 1899/1321 1881/242 1863/285
f 321/1322 377/1089 382/1092 332/1323
f 2592/1179 2574/1324 2576/1325 2594/1180
f 2498/1061 2480/457 2482/767 2500/1326
f 1834/151 1853/245 1813/1327 1801/152
f 480/1328 844/1329 853/1330 482/1331
f 1953/1332 1947/1333 1955/1085 1961/1084
f 1297/1334 1323/1335 1298/964 1267/963
f 2656/1336 2643/1337 2651/1338 2664/1339
f 2559/1340 2560/1341 2542/1342 2541/1343
f 1788/1344 1778/704 1785/471 1802/470
f 425/1345 431/1346 384/1347 353/1348
f 1754/1349 1745/1350 1746/1351 1757/835
f 2721/1352 2725/727 2726/463 2718/462
f 395/345 360/500 361/503 407/194
f 859/1353 883/284 782/1354 759/636
f 1262/1355 1376/1356 1385/1357 1252/1358
f 2370/1359 2354/372 2338/375 2352/1360
f 1327/1361 1348/495 1316/1362 1291/1363
f 2148/1364 2162/1365 2124/1366 2103/1367
f 2095/1368 2045/1369 2070/1370 2089/1371
f 2222/1052 2148/1364 2161/1372 2224/1373
f 907/1374 847/1375 893/1376 959/1377
f 1609/511 1621/1378 1610/1379 1608/512
f 2422/114 2429/113 2438/1380 2432/1381
f 2096/1382 2073/1383 2059/1384 2087/1385
f 996/1386 938/1387 1044/1292 1099/1388
f 1336/1389 1322/1390 1356/219 1366/218
f 2396/1391 2342/1216 2358/1219 2408/1392
f 37/1305 13/1304 17/1393 41/1394
f 1320/1395 1217/1176 1265/1023 1354/1022
f 698/1396 622/1397 752/1398 805/1399
f 443/1400 315/852 297/855 409/1401
f 1977/1402 1980/1403 1975/1404 1972/1229
f 2575/1405 2576/1325 2558/1406 2557/1407
f 188/1408 167/1409 195/1410 226/1411
f 2286/579 2292/1412 2289/1413 2274/580
f 1789/1414 1771/1415 1775/1416 1794/1417
f 2151/1418 2171/1419 2173/1420 2139/1421
f 1083/1422 1183/1423 1125/362 1009/282
f 1518/857 1548/37 1511/40 1484/1424
f 1280/677 1281/1425 1250/1426 1257/1427
f 1666/763 1630/1428 1659/1429 1675/764
f 1085/713 1156/1430 1203/1431 1157/714
f 2299/1432 2321/1433 2276/1162 2268/1434
f 1199/1266 1220/1265 1189/1094 1170/1093
f 1723/559 1702/1435 1706/1009 1725/1008
f 111/1436 61/535 66/538 119/1437
f 1260/1438 1292/1439 1261/1264 1237/1263
f 438/412 439/411 516/288 515/1147
f 2305/1440 2335/1441 2336/1442 2300/1443
f 2009/1444 2013/1445 1982/1446 1979/1447
f 2477/600 2479/599 2461/940 2459/1448
f 2665/1449 2679/1450 2662/1451 2652/1452
f 2240/1453 2207/1454 2190/590 2178/1455
f 1275/741 1235/1271 1214/1456 1302/1457
f 1255/740 1271/1458 1244/1459 1228/1270
f 215/1460 214/1461 276/1462 277/1463
f 2516/1062 2498/1061 2500/1326 2518/1464
f 2441/1465 2445/1466 2442/1467 2437/1468
f 637/1104 680/1469 666/1253 613/524
f 2094/1470 2141/1471 2143/1472 2086/602
f 1826/1473 1838/1474 1812/889 1803/1475
f 2044/1476 2035/1477 2036/1478 2037/1479
f 252/1480 228/1309 241/1312 263/1481
f 2653/337 2649/336 2656/1336 2659/1482
f 764/1483 814/1484 793/202 747/826
f 1262/1485 1251/1153 1384/1156 1376/1486
f 799/1487 780/1488 660/1489 641/1490
f 953/1491 904/1492 916/428 1002/427
f 1067/594 985/534 1035/1493 1126/595
f 394/1494 399/1133 435/1495 423/1115
f 1416/777 1428/1496 1385/1497 1376/1486
f 2556/1498 2538/1499 2540/1500 2558/1406
f 1835/1501 1849/1502 1841/1503 1827/1504
f 2742/1505 2744/405 2724/408 2716/1506
f 2591/583 2593/1287 2575/1405 2573/584
f 1830/1507 1843/1508 1832/1509 1816/1510
f 1700/1511 1686/1512 1689/616 1703/1513
f 1023/1514 1015/1515 1066/1516 1081/1517
f 322/501 333/1518 243/1206 235/1519
f 1235/1271 1228/1270 1204/1520 1197/1521
f 618/1251 668/1250 658/1522 606/1523
f 2334/1524 2323/709 2316/712 2322/1525
f 2187/426 2177/425 2134/1526 2140/1527
f 2123/1528 2022/1529 2024/1530 2131/1531
f 1270/117 1234/1532 1274/998 1310/1001
f 1427/778 1384/1156 1395/1533 1441/1534
f 1507/1535 1477/1159 1452/1536 1491/1537
f 750/1538 801/1539 922/1540 758/1541
f 2675/1542 2659/1543 2668/587 2683/586
f 1706/1009 1685/762 1693/765 1712/1010
f 2183/1544 2210/1545 2169/1546 2138/1547
f 1914/656 1931/1548 1908/1549 1890/657
f 2390/1550 2373/867 2381/870 2395/1551
f 2174/1552 2153/1553 2142/1554 2176/1555
f 2626/699 2608/698 2610/1556 2628/1557
f 1043/715 1086/1319 1016/1558 982/1559
f 671/1560 599/1561 558/1562 652/1563
f 372/1564 373/1565 436/1566 446/1567
f 1858/1568 1851/1569 1865/1039 1873/1038
f 1652/1570 1657/1571 1567/1572 1547/1573
f 1259/1574 1297/1575 1267/1576 1210/1577
f 1555/737 1585/1578 1556/1579 1520/432
f 849/1580 834/1581 856/1582 886/532
f 1750/1583 1742/1584 1745/1350 1754/1349
f 2300/1443 2336/1442 2337/1585 2309/1586
f 1113/1226 1033/1587 1024/105 1065/1227
f 655/1588 702/784 656/786 590/1589
f 2267/581 2274/580 2229/1590 2204/1591
f 112/1592 98/1593 113/1594 181/1310
f 1092/625 1048/1595 1115/593 1148/1596
f 987/1597 943/1598 954/1599 1001/1600
f 2525/1601 2506/1602 2509/1172 2526/1603
f 1898/1604 1880/1605 1894/1606 1915/1607
f 525/1608 589/1609 536/1610 470/1611
f 1886/670 1848/669 1854/1612 1891/1613
f 2103/1367 2020/1614 2022/1529 2123/1528
f 2004/1615 1969/771 1978/364 2007/1616
f 883/284 937/283 845/1181 782/1354
f 870/1617 828/1618 842/1619 904/1620
f 1419/1621 1355/1622 1335/752 1396/751
f 2497/598 2499/1623 2481/1624 2479/599
f 1827/1316 1822/1315 1829/1625 1835/1626
f 2614/1627 2617/1628 2599/1629 2596/1630
f 2310/1631 2306/1632 2312/1633 2319/1634
f 1151/507 1092/625 1148/1596 1184/1635
f 1820/890 1823/1636 1804/1637 1799/891
f 649/47 631/651 670/650 692/755
f 1107/1262 1057/1261 1112/1638 1133/1639
f 666/1640 705/1641 689/1642 648/1643
f 571/290 572/1644 619/255 617/254
f 510/1645 552/1646 477/1647 448/1648
f 1543/1649 1502/1650 1544/1651 1580/1652
f 295/1653 284/1654 260/49 296/52
f 1210/1655 1242/1656 1194/1657 1165/1658
f 1768/1659 1780/1660 1756/1661 1749/239
f 2545/1662 2547/1663 2529/1664 2527/1665
f 2786/1666 2791/1667 2772/1668 2758/1669
f 341/1670 340/1671 383/1672 381/1673
f 2298/1674 2301/1675 2280/1050 2275/1049
f 1358/1676 1397/1677 1359/1678 1325/1679
f 140/1680 104/1681 107/1682 152/1683
f 735/1684 803/1184 765/1685 693/1686
f 488/390 355/391 403/1687 498/1688
f 861/1689 880/519 833/522 812/1690
f 2669/1691 2682/1692 2679/1693 2665/1694
f 399/1133 408/1132 449/1695 435/1495
f 2678/1696 2661/1697 2673/1698 2688/1699
f 2042/1700 2032/1701 2029/1702 2043/1703
f 403/1687 342/1704 453/1705 493/1706
f 1294/1707 1246/1708 1216/886 1263/885
f 345/1709 350/1710 394/1494 379/1711
f 1670/842 1674/286 1665/287 1660/844
f 2579/1712 2561/1713 2563/610 2580/609
f 246/1714 229/1715 191/1716 201/1717
f 2647/335 2639/1718 2641/1719 2649/336
f 1222/173 1205/172 1230/1720 1276/1721
f 91/1722 162/1723 163/1724 92/1725
f 2515/1726 2517/1727 2499/1623 2497/598
f 1831/1728 1806/1729 1817/805 1844/804
f 2559/1340 2541/1343 2543/1730 2561/1713
f 1750/1583 1755/1731 1744/1732 1742/1584
f 119/1437 66/538 68/1733 120/832
f 871/225 867/224 908/775 930/1734
f 1709/1735 1713/1736 1695/781 1687/780
f 1169/1737 1167/422 1188/1738 1198/1739
f 1372/1740 1410/1741 1380/1742 1350/1743
f 1882/1744 1869/1745 1877/1746 1897/1747
f 700/232 756/1748 701/1749 646/1750
f 1184/1635 1148/1596 1185/1751 1219/1752
f 2482/767 2464/766 2466/1753 2484/1754
f 2363/452 2351/1755 2402/1209 2400/453
f 986/1756 973/1757 999/1044 1008/1043
f 416/1091 406/1090 491/313 496/312
f 573/1758 618/1251 606/1523 562/1759
f 2111/1760 2087/1761 2113/1762 2133/1763
f 195/1410 112/1592 181/1310 228/1309
f 2413/112 2400/453 2423/1211 2429/113
f 1606/1764 1634/1765 1616/1241 1578/1240
f 2175/718 2188/1220 2205/1223 2189/719
f 2307/1217 2283/1766 2314/1767 2331/1218
f 693/1686 765/1685 711/1768 643/1769
f 1653/1770 1546/1771 1566/1212 1656/1772
f 851/1773 787/1774 916/1775 904/1620
f 409/1401 391/1776 454/1777 483/1778
f 878/1183 918/1779 884/191 846/190
f 1775/1416 1754/1349 1757/835 1777/819
f 954/1599 915/1780 930/1781 974/1782
f 355/391 308/418 342/1704 403/1687
f 436/1566 437/1783 514/1784 512/1070
f 970/1785 898/1786 924/1787 1003/1788
f 589/1609 655/1588 590/1589 536/1610
f 1765/1789 1735/1790 1738/1791 1769/1792
f 732/1793 650/210 651/213 725/1794
f 2308/1795 2287/1796 2294/1797 2315/1798
f 539/614 587/613 573/1758 528/1799
f 173/1800 136/1801 137/831 174/1802
f 2453/34 2392/1803 2396/1391 2454/35
f 608/1804 718/1805 467/343 451/342
f 925/1806 957/1807 901/1808 860/1809
f 1290/1810 1243/1811 1269/1812 1324/1813
f 822/1814 857/1815 830/1816 788/1817
f 1889/1041 1884/1040 1904/1818 1907/1819
f 624/1820 534/1821 626/1822 714/1823
f 464/1824 556/1825 716/1826 481/1827
f 1105/1828 1106/1829 1064/809 1063/808
f 1893/387 1873/1830 1889/1831 1912/388
f 1690/1832 1656/1772 1663/1833 1692/1834
f 1478/860 1521/1835 1479/1836 1421/861
f 1305/1837 1273/115 1306/118 1337/128
f 2235/1838 2241/1839 2237/1840 2220/1841
f 2462/456 2443/469 2446/879 2464/766
f 364/1842 489/1843 456/1844 343/1845
f 1859/1846 1874/1847 1866/1848 1852/1849
f 683/1850 599/1561 776/1851 781/1852
f 2652/1452 2662/1451 2640/1853 2637/1854
f 844/1855 716/1826 869/1856 946/1857
f 2217/396 2221/328 2242/331 2236/1858
f 1420/129 1399/477 1464/627 1492/1859
f 71/1860 99/866 42/1861 32/1862
f 2708/1863 2716/1026 2712/1029 2702/1864
f 648/1643 689/1642 675/1865 638/1866
f 2773/1867 2779/1868 2749/1869 2747/1870
f 2122/1004 2102/157 2104/1871 2105/1872
f 1797/1873 1807/1874 1783/1875 1779/1876
f 240/1877 207/1878 251/1124 291/1123
f 2255/1879 2228/1880 2256/1881 2265/1882
f 180/1883 149/834 166/1884 187/1885
f 53/744 60/1886 39/1887 34/745
f 1458/626 1459/327 1516/1888 1522/1889
f 206/1890 174/1802 180/1883 199/1891
f 1779/1876 1783/1875 1764/1892 1758/1893
f 1597/1894 1586/1895 1612/1896 1621/1897
f 2759/1898 2732/985 2735/57 2760/1899
f 1549/39 1594/1900 1512/1901 1489/61
f 1483/1902 1494/1903 1449/1904 1428/1496
f 116/1905 105/1906 109/1907 125/1908
f 2231/1909 2233/1910 2232/1911 2230/1912
f 1827/1504 1841/1503 1839/1913 1824/1914
f 179/1915 186/1258 165/1916 148/1917
f 749/400 921/399 797/1918 742/1919
f 168/1920 176/1921 114/1922 106/1923
f 2488/1924 2491/1925 2473/1926 2470/139
f 1551/1927 1560/1928 1530/1929 1537/1930
f 1634/1765 1647/1931 1635/1932 1616/1241
f 1781/1933 1766/702 1778/704 1788/1344
f 2615/179 2597/1934 2598/1935 2616/180
f 939/972 972/1936 913/520 880/519
f 2428/1937 2417/1938 2399/1939 2412/1940
f 2507/1941 2508/1942 2491/1925 2488/1924
f 2329/1943 2343/1944 2313/1945 2301/1946
f 1622/1947 1643/1247 1644/893 1624/1191
f 628/1948 609/1949 636/1950 664/924
f 2360/1951 2334/1524 2322/1525 2350/1952
f 232/1131 239/1953 171/1954 177/671
f 1392/1955 1368/1956 1424/1957 1438/1958
f 1403/1959 1324/1813 1346/1960 1445/1961
f 701/1749 757/1962 702/784 655/1588
f 110/1963 54/1964 61/535 111/1436
f 2780/1965 2770/1966 2777/321 2782/320
f 2204/1591 2229/1590 2021/1967 2017/1968
f 282/1195 230/1969 237/1970 289/1971
f 2070/78 2056/77 2058/1972 2072/1973
f 434/1974 525/1608 470/1611 397/1975
f 1524/1976 1468/1977 1487/1171 1535/1978
f 508/1979 447/1980 484/1981 565/1982
f 2374/944 2364/1983 2347/1984 2356/1985
f 2268/1434 2276/1162 2262/187 2245/186
f 1800/1986 1781/1933 1788/1344 1810/1987
f 841/1988 837/222 871/225 882/1989
f 674/1990 704/1991 695/1992 665/1993
f 1241/299 1159/298 1193/1994 1266/1995
f 2436/1996 2441/1997 2437/1998 2427/1999
f 86/1273 84/2000 154/2001 156/1274
f 174/1802 137/831 149/834 180/1883
f 133/672 109/1907 110/1963 134/673
f 2035/2002 2066/2003 2054/2004 2036/2005
f 1211/2006 1237/1263 1199/1266 1178/2007
f 857/2008 889/2009 858/2010 830/2011
f 1917/2012 1935/28 1918/2013 1902/2014
f 1744/1732 1747/2015 1731/2016 1728/947
f 1755/1731 1758/2017 1747/2015 1744/1732
f 30/2018 36/2019 12/2020 10/2021
f 1984/825 1985/824 1980/1403 1977/1402
f 1449/2022 1484/1424 1429/2023 1402/2024
f 1994/2025 1998/2026 1956/2027 1943/2028
f 1265/2029 1240/2030 1296/2031 1321/2032
f 486/2033 539/2034 528/2035 472/2036
f 456/1844 594/2037 545/2038 426/2039
f 194/2040 130/2041 143/2042 197/2043
f 1530/1929 1525/2044 1486/1081 1499/447
f 1128/420 1139/419 1068/2045 1070/124
f 1000/2046 942/2047 967/2048 1020/2049
f 1541/279 1578/1240 1559/1243 1509/1170
f 2622/356 2604/2050 2606/697 2624/696
f 2398/2051 2406/2052 2304/2053 2297/2054
f 565/1982 484/1981 534/1821 624/1820
f 2379/2055 2398/2051 2297/2054 2295/2056
f 2022/1529 1990/319 1993/690 2024/1530
f 2394/2057 2296/2058 2304/2053 2406/2052
f 594/2037 672/95 600/98 545/2038
f 2144/2059 2146/2060 2147/2061 2145/2062
f 2758/2063 2772/2064 2742/1505 2738/2065
f 2153/1553 2110/2066 2112/2067 2142/1554
f 815/2068 698/1396 805/1399 891/2069
f 2319/1634 2312/1633 2328/2070 2341/2071
f 1447/1142 1461/2072 1481/2073 1472/1143
f 2452/140 2455/2074 2403/2075 2391/2076
f 1919/2077 1921/2078 1938/2079 1936/2080
f 2451/141 2383/2081 2392/1803 2453/34
f 1316/2082 1350/1743 1317/2083 1292/2084
f 2023/2085 2027/2086 1995/2087 1991/2088
f 1832/1509 1845/2089 1818/150 1807/1874
f 680/1469 723/949 705/952 666/1253
f 1292/1439 1317/2090 1286/2091 1261/1264
f 535/2092 645/233 581/2093 478/2094
f 932/2095 971/2096 900/2097 864/2098
f 2199/530 2217/396 2236/1858 2216/2099
f 296/52 231/51 243/1206 333/1518
f 561/2100 611/2101 592/1103 538/2102
f 1350/1743 1380/1742 1426/2103 1317/2083
f 2785/323 2784/322 2789/2104 2788/2105
f 2621/2106 2623/573 2605/576 2603/2107
f 1124/2108 1191/2109 1164/2110 1098/2111
f 810/2112 851/1773 842/1619 784/2113
f 1579/2114 1535/1978 1559/1243 1600/1242
f 289/1971 237/1970 299/2115 329/2116
f 1941/2117 1958/2118 1931/1548 1914/656
f 1761/2119 1768/1659 1749/239 1743/238
f 1948/847 1955/1085 1926/2120 1924/848
f 549/788 596/2121 583/2122 526/789
f 1049/2123 1087/2124 1005/2125 978/2126
f 1073/2127 1030/2128 1029/2129 1078/1100
f 2750/2130 2730/2131 2732/985 2751/2132
f 2130/2133 2100/2134 2092/2135 2121/2136
f 2085/2137 2132/926 2008/929 2003/2138
f 2538/1499 2520/539 2522/542 2540/1500
f 1025/2139 1083/1422 1009/282 956/281
f 933/2140 984/2141 998/2142 964/2143
f 258/2144 259/1048 320/2145 319/2146
f 235/1519 243/1206 170/1205 164/2147
f 2770/1966 2746/2148 2748/1111 2777/321
f 2693/2149 2702/1864 2701/2150 2689/2151
f 604/2152 605/2153 639/2154 616/2155
f 587/613 638/1248 618/1251 573/1758
f 1592/2156 1517/2157 1543/1649 1629/2158
f 2692/2159 2688/1699 2698/2160 2700/2161
f 287/268 242/2162 229/1715 246/1714
f 1432/221 1408/220 1456/1082 1486/1081
f 2796/2163 2771/2164 2778/701 2798/2165
f 2686/2166 2694/2167 2666/2168 2658/2169
f 1951/2170 1925/2171 1942/2172 1965/2173
f 1137/2174 1152/2175 1110/2176 1087/2177
f 2293/2178 2299/1432 2268/1434 2260/2179
f 784/2113 842/1619 828/1618 772/2180
f 278/2181 321/1322 332/1323 279/2182
f 107/2183 59/2184 65/1120 115/1119
f 2733/2185 2736/2186 2714/2187 2706/1064
f 191/1716 229/1715 151/864 122/863
f 862/2188 902/2189 888/2190 850/203
f 14/2191 18/2192 3/2193 4/2194
f 992/2195 1027/2196 972/2197 939/2198
f 1778/704 1753/703 1760/2199 1785/471
f 2225/2200 2224/1373 2161/1372 2209/2201
f 1867/2202 1876/2203 1838/1474 1826/1473
f 1226/2204 1187/2205 1227/116 1273/115
f 1542/2206 1547/1573 1483/1902 1473/776
f 414/89 398/989 461/2207 490/2208
f 2014/2209 1983/2210 1985/824 2018/823
f 2433/2211 2395/2212 2389/2213 2424/2214
f 1027/2196 1076/2215 1012/2216 972/2197
f 603/1307 604/2152 616/2155 614/2217
f 298/267 288/2218 242/2162 287/268
f 937/283 1026/363 923/1182 845/1181
f 362/577 295/1653 296/52 333/1518
f 773/2219 748/2220 788/2221 829/2222
f 360/500 362/577 333/1518 322/501
f 1880/2223 1846/2224 1864/2225 1894/2226
f 2737/2227 2707/2228 2715/2229 2741/2230
f 2654/2231 2648/2232 2667/2233 2672/2234
f 2376/2235 2385/2236 2377/2237 2364/1983
f 1745/1350 1729/1042 1730/2238 1746/1351
f 60/1886 67/2239 47/2240 39/1887
f 1762/2241 1767/935 1737/2242 1733/2243
f 350/1710 359/1129 399/1133 394/1494
f 1242/1656 1210/1655 1267/963 1272/962
f 2108/2244 2151/2245 2139/2246 2109/2247
f 2755/2248 2737/2249 2741/2250 2769/2251
f 2383/2081 2320/2252 2330/2253 2392/1803
f 451/342 395/345 407/194 487/301
f 2024/1530 1993/690 1997/693 2034/2254
f 654/912 754/230 645/233 535/2092
f 801/1539 823/2255 917/2256 922/1540
f 2402/1209 2371/1056 2390/2257 2425/1210
f 802/2258 877/2259 898/2260 824/2261
f 1446/325 1414/1146 1453/2262 1471/2263
f 1014/2264 1025/2265 955/2266 976/106
f 2391/2076 2403/2075 2343/2267 2329/2268
f 2017/2269 2021/2270 2016/2271 2013/2272
f 1084/2273 995/2274 1109/2275 1180/2276
f 538/2102 592/1103 567/523 513/850
f 759/636 782/1354 621/163 632/637
f 1194/1657 1242/1656 1268/2277 1182/2278
f 306/2279 264/2280 330/2281 349/987
f 366/2282 412/2283 378/2284 327/266
f 660/1489 716/1826 556/1825 550/2285
f 919/2286 966/2287 941/2288 895/2289
f 404/2290 468/2291 421/2292 387/2293
f 1365/544 1382/2294 1345/2295 1312/2296
f 2635/2297 2637/1854 2619/2298 2617/2299
f 1046/2300 1042/2301 1053/2302 1062/2303
f 2364/1983 2377/2237 2358/2304 2347/1984
f 1362/2305 1383/2306 1425/1145 1406/2307
f 2578/2308 2581/2309 2562/2310 2560/1341
f 991/32 892/31 983/377 1090/376
f 1021/2311 974/1782 1064/809 1106/1829
f 1309/2312 1332/2313 1299/2314 1283/739
f 886/532 856/1582 894/2315 927/533
f 2061/2316 2047/2317 2040/2318 2049/2319
f 2109/2247 2139/2246 2141/1471 2094/1470
f 2071/2320 2078/2321 2080/1057 2060/2322
f 665/1993 695/1992 680/1469 637/1104
f 1595/2323 1640/2324 1632/2325 1607/2326
f 2387/2327 2369/800 2334/803 2360/2328
f 2137/2329 2115/2330 2098/2331 2117/2332
f 2112/2067 2068/2333 2045/1369 2095/1368
f 1231/2334 1257/1427 1232/2335 1191/2109
f 2736/2336 2740/2337 2722/2338 2714/2339
f 2059/2340 2145/2062 2157/489 2090/488
f 109/1907 45/1169 54/1964 110/1963
f 524/2341 422/2342 502/1078 588/1077
f 2600/380 2582/2343 2584/1105 2602/381
f 566/2344 524/2341 588/1077 644/1097
f 1374/730 1351/729 1392/1955 1414/1146
f 611/2101 665/1993 637/1104 592/1103
f 763/950 810/2112 784/2113 744/951
f 1740/2345 1741/2346 1722/2347 1721/1031
f 1222/173 1276/1721 1318/2348 1293/2349
f 2511/2350 2513/2351 2495/597 2493/2352
f 2302/2353 2279/2354 2283/1766 2307/1217
f 1332/2313 1364/2355 1327/1361 1299/2314
f 753/2356 817/2357 726/2358 677/2359
f 2561/1713 2543/1730 2544/2360 2563/610
f 1522/1889 1516/1888 1572/2361 1571/2362
f 346/2363 353/2364 253/2365 284/1654
f 346/2363 284/1654 295/1653 354/2366
f 879/606 807/2367 907/1374 926/513
f 1931/2368 1944/439 1920/442 1908/2369
f 1143/2370 1144/2371 1106/1829 1105/1828
f 2519/2372 2521/2373 2503/799 2501/798
f 2102/2374 2093/2375 2083/2376 2104/2377
f 1943/2028 1956/2027 1917/2012 1906/2378
f 128/2379 100/2380 104/1681 140/1680
f 2577/2381 2559/1340 2561/1713 2579/1712
f 2557/1407 2558/1406 2540/1500 2539/2382
f 2518/1464 2500/1326 2502/2383 2520/2384
f 1814/685 1805/2385 1809/2386 1822/1315
f 1039/2387 1040/2388 1046/2389 1052/2390
f 2341/2391 2328/2392 2348/107 2357/2393
f 1141/2394 1231/2334 1191/2109 1124/2108
f 1607/2326 1632/2325 1610/1379 1603/2395
f 2210/1545 2245/186 2211/189 2169/1546
f 1996/2396 1949/2397 1963/768 2000/2398
f 1244/1459 1260/1438 1237/1263 1211/2006
f 169/2399 115/2400 124/2401 189/2402
f 1087/2177 1110/2176 1036/2403 1005/2404
f 602/1079 547/2405 633/2406 684/2407
f 2697/619 2692/2159 2700/2161 2707/2228
f 2458/2408 2418/2409 2434/466 2460/455
f 209/2410 208/2411 272/2412 273/2413
f 116/1905 132/2414 108/2415 105/1906
f 1257/1427 1250/1426 1223/2416 1232/2335
f 1563/2417 1552/736 1545/2418 1561/2419
f 1127/1096 1154/1095 1102/2420 1069/2421
f 2767/2422 2773/1867 2747/1870 2740/2423
f 2671/2424 2653/2425 2659/1543 2675/1542
f 1923/2426 1886/670 1891/1613 1926/2120
f 1286/2427 1426/2428 1256/2429 1247/2430
f 1848/669 1819/2431 1823/1636 1854/1612
f 1339/2432 1334/2433 1394/2434 1401/2435
f 791/689 737/688 771/2436 835/2437
f 2328/2392 2332/1238 2359/108 2348/107
f 1174/2438 1142/1102 1163/1149 1190/2439
f 1671/2440 1629/2158 1654/2441 1678/2442
f 658/1522 691/2443 681/649 640/648
f 308/418 285/853 315/852 342/1704
f 681/649 724/2444 709/2445 670/650
f 2349/2446 2379/2055 2295/2056 2288/2447
f 2417/1938 2424/2448 2401/2449 2399/1939
f 1601/416 1636/415 1548/37 1518/857
f 1178/2007 1199/1266 1170/1093 1152/2175
f 2481/2450 2483/458 2465/461 2463/2451
f 2541/1343 2542/1342 2524/2452 2523/2453
f 1904/2454 1898/2455 1915/485 1921/484
f 205/623 173/1800 174/1802 206/1890
f 1573/2456 1572/2457 1516/2458 1524/1976
f 1780/1660 1786/2459 1762/2460 1756/1661
f 223/2461 185/2462 184/2463 221/2464
f 1909/2465 1875/667 1886/670 1923/2426
f 1027/2466 1045/2467 1093/918 1076/917
f 985/534 927/533 965/2468 1035/1493
f 2031/933 2041/932 2033/2469 2030/2470
f 1805/2385 1789/1414 1794/1417 1809/2386
f 2775/2471 2765/2472 2770/2473 2780/2474
f 2566/1106 2548/2475 2550/2476 2568/1107
f 194/2477 256/2478 264/2280 189/2479
f 1577/2480 1571/2362 1614/2481 1626/2482
f 1228/1270 1244/1459 1211/2006 1204/1520
f 875/2483 1056/2484 910/2485 799/2486
f 739/733 731/748 773/749 779/2487
f 2546/2488 2528/2489 2530/166 2548/2475
f 1357/2490 1290/1810 1324/1813 1403/1959
f 1651/2491 1542/2206 1546/1771 1653/1770
f 1283/739 1299/2314 1271/1458 1255/740
f 2454/35 2396/1391 2408/1392 2456/2492
f 921/399 922/398 1023/2493 981/2494
f 193/1311 128/2495 140/2496 218/2497
f 1103/2498 1120/2499 1047/2500 1041/2501
f 891/2069 805/1399 840/30 931/29
f 221/50 184/2502 183/1204 231/51
f 2707/2228 2700/2161 2710/2503 2715/2229
f 2585/2504 2587/1087 2569/134 2567/2505
f 2158/2506 2167/2507 2201/395 2191/394
f 1554/2508 1526/2509 1575/2510 1609/2511
f 800/2512 798/2513 905/2514 936/2515
f 2552/2516 2534/2517 2536/2518 2554/2519
f 1798/2520 1769/1792 1773/2521 1804/1637
f 1767/935 1770/934 1740/2345 1737/2242
f 1400/2522 1404/2523 1361/2524 1352/1314
f 1816/1510 1832/1509 1807/1874 1797/1873
f 257/2525 258/2144 319/2146 318/2526
f 2588/2527 2570/2528 2572/2529 2590/2530
f 462/2531 513/2532 495/2533 450/2534
f 1976/2535 1971/2536 1975/1404 1980/1403
f 1415/2537 1447/1142 1425/1145 1383/2306
f 568/2538 569/1148 605/2153 604/2152
f 1927/2539 1934/2540 1895/1299 1892/1298
f 1813/2541 1826/1473 1803/1475 1791/2542
f 2455/518 2457/517 2414/18 2403/17
f 512/1070 514/1784 568/2538 586/1071
f 1033/2543 1209/2544 1215/2545 1014/2546
f 2730/2131 2733/2185 2706/1064 2704/1063
f 2340/374 2327/2547 2311/79 2318/2548
f 2003/2138 2008/929 2006/2549 2002/2550
f 2264/2551 2255/1879 2265/1882 2271/2552
f 2208/830 2223/708 2202/922 2180/2553
f 1014/2554 1082/2555 1075/2556 1025/2557
f 489/1843 643/1769 594/2037 456/1844
f 1116/2558 1137/2559 1087/2124 1049/2123
f 15/2560 5/2561 6/2562 16/2563
f 1167/422 1153/421 1171/2564 1188/1738
f 2227/2565 2196/2566 2228/1880 2255/1879
f 582/2567 548/2568 595/2569 634/2570
f 1484/1424 1511/40 1455/62 1429/2023
f 1413/2571 1382/2294 1365/544 1423/543
f 2412/2572 2399/2573 2362/801 2369/800
f 1080/1190 1143/2370 1105/1828 1022/2574
f 1973/2575 1977/1402 1972/1229 1968/1228
f 684/3 633/2576 685/2577 737/688
f 2731/620 2697/619 2707/2228 2737/2227
f 390/88 358/986 398/989 414/89
f 719/96 769/2578 712/2579 661/97
f 1187/2205 1160/506 1196/508 1227/116
f 850/2580 888/2581 872/2582 838/2583
f 1575/2584 1526/2585 1532/553 1557/2586
f 189/2402 124/2401 130/2041 194/2040
f 1729/1042 1707/295 1710/2587 1730/2238
f 1507/1535 1519/738 1495/431 1477/1159
f 785/2588 779/2487 839/2589 837/2590
f 1712/1010 1693/765 1696/2591 1716/2592
f 1843/1508 1861/2593 1845/2089 1832/1509
f 255/1194 218/2497 230/1969 282/1195
f 1728/947 1731/2016 1711/2594 1708/948
f 124/1122 73/1121 79/1231 130/1230
f 2567/2505 2569/134 2551/137 2549/2595
f 164/2147 170/1205 132/2414 116/1905
f 83/643 144/642 143/1233 81/1232
f 203/2596 258/2144 257/2525 197/2597
f 1468/1977 1413/2571 1423/543 1487/1171
f 675/1249 715/2598 707/2599 668/1250
f 1997/2600 1996/2601 2000/645 2001/644
f 570/291 571/290 617/254 615/2602
f 2789/2603 2769/2604 2771/2164 2792/2605
f 1074/2606 989/2607 1013/2608 1121/2609
f 663/2610 565/1982 624/1820 720/2611
f 960/2612 949/2613 973/1757 986/1756
f 2681/2614 2678/1696 2688/1699 2692/2159
f 2443/469 2416/468 2435/880 2446/879
f 22/1167 27/746 14/2191 15/2560
f 2467/460 2468/2615 2450/2616 2449/2617
f 1239/2618 1253/2619 1418/2620 1417/2621
f 271/2622 344/2623 369/2624 283/2625
f 2714/2339 2722/2338 2684/2626 2676/2627
f 1310/1001 1328/1000 1360/474 1347/875
f 694/2628 644/1097 736/1098 783/2629
f 1851/2630 1842/2631 1860/570 1865/569
f 2215/2632 2235/1838 2220/1841 2207/2633
f 415/2634 400/2635 351/2636 379/2637
f 1871/2638 1888/2639 1870/2640 1856/2641
f 2586/1108 2568/1107 2570/2528 2588/2527
f 601/2642 653/2643 559/2644 468/2291
f 1825/2645 1802/470 1811/473 1837/2646
f 33/1166 44/743 27/746 22/1167
f 63/2647 26/2648 38/2649 96/2650
f 653/2643 699/2651 623/2652 559/2644
f 2459/1448 2461/940 2439/943 2426/2653
f 2048/931 2074/1060 2062/1279 2041/932
f 2608/698 2590/2530 2592/2654 2610/1556
f 357/2655 326/2656 347/2657 392/2658
f 901/1808 933/2140 885/2659 854/2660
f 1870/2640 1883/2661 1859/2662 1850/2663
f 2011/2664 1981/367 1983/2665 2014/2666
f 2128/2667 2129/630 2120/772 2119/2668
f 1428/2669 1449/2022 1402/2024 1385/2670
f 437/1783 438/412 515/1147 514/1784
f 2027/2671 2051/2672 1999/2673 1995/2674
f 2560/1341 2562/2310 2545/2675 2542/1342
f 183/1204 184/2502 146/2676 145/2677
f 2544/2360 2526/1603 2528/2678 2546/2679
f 635/2680 674/1990 665/1993 611/2101
f 1636/415 1658/2681 1593/38 1548/37
f 1335/752 1355/1622 1341/2682 1314/2683
f 1054/2684 1001/1600 1021/2311 1079/2685
f 2590/2530 2572/2529 2574/2686 2592/2654
f 2421/2687 2428/1937 2412/1940 2410/2688
f 2282/2689 2273/2690 2278/2691 2289/1413
f 771/2692 727/2693 762/2694 827/2695
f 2424/2214 2389/2213 2370/2696 2401/2697
f 2426/2653 2439/943 2409/2698 2393/2699
f 1013/2700 1023/2701 1207/2702 1192/2703
f 988/2704 944/2705 943/1598 987/1597
f 712/2579 751/2706 713/2707 662/2708
f 1747/2709 1752/2710 1736/2711 1731/2712
f 446/1567 436/1566 512/1070 511/1069
f 1114/2713 1147/2714 1100/66 1058/2715
f 335/2716 389/2717 325/6 293/5
f 54/1964 35/2718 40/536 61/535
f 1030/2128 988/2704 987/1597 1029/2129
f 319/2146 320/2145 375/409 374/2719
f 2202/922 2209/921 2193/2720 2181/2721
f 477/1647 535/2092 478/2094 428/2722
f 2409/2723 2419/2724 2415/2725 2397/2726
f 765/1685 846/190 766/193 711/1768
f 1545/2418 1552/736 1519/738 1507/1535
f 2672/2234 2676/2727 2660/2728 2654/2231
f 1221/2729 1200/663 1278/666 1287/2730
f 275/2731 307/2732 310/2733 276/1462
f 646/1750 701/1749 655/1588 589/1609
f 1568/556 1538/555 1588/2734 1613/2735
f 2296/2058 2291/2736 2292/1412 2304/2053
f 2528/2489 2510/2737 2512/167 2530/166
f 2466/2738 2448/2739 2450/2616 2468/2615
f 100/2740 43/2741 52/2742 104/2743
f 2429/2744 2423/2745 2430/2746 2438/2747
f 1026/363 1085/713 963/716 923/1182
f 1322/2748 1266/1995 1304/2749 1356/2750
f 949/2613 920/2751 952/2752 973/1757
f 2627/2753 2629/2754 2611/1286 2609/2755
f 2420/2756 2368/24 2394/2757 2431/2758
f 2284/2759 2272/2760 2282/2761 2291/2762
f 920/2751 821/2763 942/2764 952/2752
f 374/2719 375/409 438/412 437/1783
f 1367/2765 1409/2766 1358/1676 1323/1335
f 1007/2767 986/1756 1008/1043 1018/125
f 1872/145 1857/144 1869/1745 1882/1744
f 2026/2768 2038/601 2069/604 2055/2769
f 209/1135 210/680 156/683 154/1136
f 2290/23 2284/2759 2291/2762 2296/2770
f 2456/2771 2408/2772 2418/2409 2458/2408
f 267/1047 268/248 339/2773 331/2774
f 199/1891 180/1883 187/1885 207/2775
f 1958/2776 1968/1228 1944/439 1931/2368
f 474/984 734/635 564/638 466/2777
f 2138/1547 2169/1546 2084/2778 2106/2779
f 1760/2199 1732/1011 1735/2780 1765/2781
f 2685/2782 2655/2783 2663/2784 2690/2785
f 2131/1531 2024/1530 2034/2254 2163/2786
f 2435/880 2420/2756 2431/2758 2440/881
f 281/247 280/1017 340/1671 341/1670
f 1682/293 1651/2491 1653/1770 1683/294
f 1542/2206 1473/776 1482/779 1546/1771
f 2571/585 2573/584 2555/2787 2553/2788
f 1837/668 1811/2789 1819/2431 1848/669
f 2088/603 2114/2790 2097/2791 2078/2321
f 1852/1849 1866/1848 1861/2792 1843/2793
f 1314/2794 1341/2795 1297/1575 1259/1574
f 1638/2796 1660/2797 1561/2798 1536/2799
f 1530/1929 1499/447 1513/450 1537/1930
f 1597/2800 1575/2584 1557/2586 1558/2801
f 2536/2518 2518/1464 2520/2384 2538/2802
f 1631/2803 1529/2804 1560/2805 1655/2806
f 2766/2807 2760/2808 2765/2809 2775/2810
f 453/1705 443/1400 544/2811 558/1562
f 2182/16 2194/15 2203/2812 2192/1296
f 2722/2338 2729/2813 2691/2814 2684/2626
f 1128/2815 1094/2816 1117/2817 1153/2818
f 1738/1791 1720/2819 1722/2347 1741/2346
f 40/536 24/1018 29/1021 46/537
f 2006/2549 2009/1444 1979/1447 1974/26
f 1809/2386 1794/1417 1796/818 1815/2820
f 493/1706 453/1705 558/1562 599/1561
f 1716/2592 1696/2591 1700/2821 1720/2822
f 2119/2668 2120/772 2122/1004 2101/270
f 2577/2381 2578/2308 2560/1341 2559/1340
f 669/256 659/48 696/754 708/2823
f 1407/936 1378/1025 1321/1024 1336/937
f 2283/1766 2254/2824 2257/2825 2287/1796
f 1986/317 1989/2826 1934/2540 1927/2539
f 1979/1447 1982/1446 1973/2827 1967/2828
f 197/2597 257/2525 256/2478 194/2477
f 1756/1661 1762/2460 1733/2829 1726/2830
f 2357/2393 2348/107 2365/110 2375/2831
f 1436/2832 1460/2833 1400/2522 1381/2834
f 2382/869 2376/2235 2364/1983 2374/944
f 1004/2835 940/531 985/534 1067/594
f 2448/2739 2440/2836 2445/1466 2450/2616
f 1836/2837 1852/1849 1843/2793 1830/2838
f 224/2839 225/1255 186/1258 179/1915
f 895/2289 941/2288 866/562 836/561
f 1730/2238 1710/2587 1714/2840 1734/2841
f 1892/1298 1868/142 1872/145 1896/1074
f 1983/2210 1976/2535 1980/1403 1985/824
f 428/2722 478/2094 434/1974 396/2842
f 213/249 268/248 267/1047 211/361
f 167/1409 95/2843 112/1592 195/1410
f 2037/2844 2036/2845 2026/2846 2028/2847
f 1855/143 1839/1269 1841/2848 1857/144
f 1776/2849 1784/2850 1768/1659 1761/2119
f 2691/2851 2699/2852 2693/2149 2682/1692
f 2029/2853 2023/2085 2020/1614 2043/2854
f 2279/2354 2224/1373 2244/2855 2283/1766
f 1694/2856 1698/2857 1672/414 1664/413
f 2408/2772 2358/2858 2384/2859 2418/2409
f 244/624 205/623 206/1890 249/2860
f 2574/1324 2556/1498 2558/1406 2576/1325
f 1847/2861 1854/1612 1823/1636 1820/890
f 386/2862 404/2290 387/2293 334/2863
f 2081/276 2061/275 2049/1186 2075/1185
f 203/2596 144/642 155/359 204/358
f 2098/2331 2079/273 2081/276 2100/2134
f 1104/1101 1054/2684 1079/2685 1131/1150
f 1742/1584 1744/1732 1728/947 1727/946
f 1140/2864 1096/2865 1149/2866 1179/2867
f 899/2868 804/2869 815/2068 891/2069
f 581/2093 646/1750 589/1609 525/1608
f 1444/2870 1491/1537 1452/1536 1409/2766
f 1012/2216 1049/2123 978/2126 948/695
f 2604/2050 2586/1108 2588/2527 2606/697
f 1605/2871 1591/2872 1625/2873 1633/2874
f 196/2875 192/2876 283/2877 265/1127
f 2196/2566 2065/634 2107/2878 2228/1880
f 1651/2491 1652/1570 1547/1573 1542/2206
f 1613/2735 1588/2734 1623/2879 1642/1244
f 1613/2735 1642/1244 1643/1247 1622/1947
f 270/2880 247/2881 306/2279 312/2882
f 2352/1360 2338/375 2325/2883 2335/2884
f 1089/297 996/1386 1099/1388 1159/298
f 2449/2617 2450/2616 2445/1466 2441/1465
f 896/774 858/2010 961/2885 945/2886
f 547/2887 490/2888 582/2889 633/2576
f 1918/2013 1941/2117 1914/656 1903/655
f 2587/1087 2589/1086 2571/135 2569/134
f 1692/915 1663/2890 1671/2440 1697/916
f 2405/2891 2333/21 2368/24 2420/2756
f 1131/1150 1079/2685 1144/2371 1176/437
f 1986/317 1927/2539 1928/1073 1987/318
f 1328/1000 1329/728 1349/475 1360/474
f 2218/1197 2226/100 2250/99 2243/329
f 27/746 34/745 18/2192 14/2191
f 982/1559 1016/1558 990/2892 951/2893
f 2523/2453 2505/2894 2506/1602 2525/1601
f 2162/1365 2183/2895 2138/2896 2124/1366
f 48/1161 31/1068 37/1305 56/2897
f 2229/1590 2278/2691 2239/2898 2021/1967
f 117/2899 118/958 60/1886 53/744
f 1343/2900 1371/862 1332/2313 1309/2312
f 1581/2901 1503/2902 1529/2804 1631/2803
f 239/1953 232/1131 290/1157 323/502
f 890/2903 796/2904 874/2905 962/2906
f 2186/2907 2174/2908 2176/1221 2188/1220
f 682/2909 575/211 650/210 797/2910
f 67/2239 75/2911 55/2912 47/2240
f 479/2913 538/2102 513/850 462/1116
f 413/2914 428/2722 396/2842 367/2915
f 1277/2916 1289/753 1335/752 1314/2683
f 459/348 510/1645 448/1648 412/2283
f 1574/2917 1553/2918 1608/2919 1618/2920
f 890/2903 962/2906 875/2921 795/2922
f 89/1235 88/1272 158/1275 160/1236
f 1720/2819 1700/1511 1703/1513 1722/2347
f 2351/1755 2353/1053 2371/1056 2402/1209
f 2397/2923 2415/2924 2349/2925 2321/1433
f 2572/2529 2554/2519 2556/2926 2574/2686
f 642/302 557/197 575/211 682/2909
f 2630/1113 2633/2927 2614/1627 2613/1114
f 283/2877 369/2928 370/1128 265/1127
f 905/2514 797/1918 921/399 981/2494
f 884/191 951/2893 906/2929 825/192
f 361/503 301/417 363/195 407/194
f 1479/1836 1515/2930 1435/493 1389/492
f 2532/169 2514/168 2516/1062 2534/2517
f 1989/2826 1994/2931 1943/2932 1934/2540
f 2232/1911 2258/2933 2240/2934 2214/2935
f 2521/2373 2522/542 2504/541 2503/799
f 393/988 371/2936 445/2937 455/2938
f 1942/2172 1919/2939 1936/2940 1959/2941
f 596/2121 647/2942 635/2680 583/2122
f 2166/592 2180/2553 2159/2943 2146/2944
f 1988/316 1991/2088 1989/2826 1986/317
f 2107/2878 2005/2945 2010/2946 2149/2947
f 1981/367 1970/366 1976/2948 1983/2665
f 591/552 584/551 610/2949 609/1949
f 597/525 648/1254 638/1248 587/613
f 378/2284 413/2914 367/2915 328/2950
f 1457/54 1420/129 1492/1859 1514/55
f 103/865 106/1923 58/2951 51/2952
f 1121/2953 1013/2700 1192/2703 1233/1154
f 915/1780 903/2954 873/2955 882/2956
f 948/695 978/2126 919/2286 887/207
f 1060/2957 1035/1493 965/2468 993/2958
f 792/2959 836/561 777/564 757/1962
f 2386/504 2303/887 2333/21 2405/2891
f 751/2706 811/2960 761/2961 713/2707
f 1846/2224 1810/1987 1825/2645 1864/2225
f 981/2494 1023/2493 1013/2608 989/2607
f 429/2962 485/787 471/790 419/2963
f 1569/2964 1533/277 1508/280 1523/2965
f 971/2096 997/2966 925/1806 900/2097
f 713/2707 761/2961 699/2651 653/2643
f 1409/2766 1452/1536 1397/1677 1358/1676
f 1874/1847 1890/2967 1885/2968 1866/1848
f 247/2881 189/2479 264/2280 306/2279
f 1191/2109 1232/2335 1206/435 1164/2110
f 1946/2969 1952/2970 1961/2971 1954/2972
f 2020/1614 1988/316 1990/319 2022/1529
f 2492/2973 2474/2974 2476/1110 2494/1002
f 465/2975 564/2976 556/2977 464/2978
f 1591/2872 1577/2480 1626/2482 1625/2873
f 1710/2587 1690/1832 1692/1834 1714/2840
f 76/913 56/2897 62/2979 94/227
f 1520/432 1556/1579 1539/2980 1501/433
f 241/1312 193/1311 218/2497 255/1194
f 1203/2981 1264/2982 1277/2916 1218/2983
f 113/2984 96/2985 100/2380 128/2379
f 1588/2986 1564/2987 1605/2871 1623/2988
f 2346/1151 2352/1360 2335/2884 2305/1152
f 1138/2989 1139/419 1167/422 1169/1737
f 2252/2990 2254/2991 2248/2992 2247/2993
f 2506/1602 2489/905 2490/1173 2509/1172
f 2200/591 2208/830 2180/2553 2166/592
f 419/2963 471/790 449/1695 408/1132
f 327/266 378/2284 328/2950 298/267
f 1205/172 1174/2438 1190/2439 1230/1720
f 1164/2110 1206/435 1175/438 1132/1189
f 317/2994 318/2526 373/1565 372/1564
f 2157/2995 2158/2506 2191/394 2179/529
f 490/2208 461/2207 548/2568 582/2567
f 2654/2231 2660/2728 2657/2996 2650/2997
f 927/533 894/2315 934/2998 965/2468
f 1490/2999 1445/1961 1476/3000 1506/3001
f 2729/2813 2734/837 2699/840 2691/2814
f 2543/1730 2525/1601 2526/1603 2544/2360
f 2265/1882 2256/1881 2266/119 2272/2760
f 2324/3002 2309/3003 2351/1755 2363/452
f 862/2188 814/1484 828/3004 870/3005
f 2499/3006 2501/798 2483/458 2481/2450
f 1590/3007 1624/1191 1606/1192 1570/3008
f 1877/3009 1858/3010 1873/1830 1893/387
f 1586/1895 1597/1894 1558/3011 1533/3012
f 2233/1910 2259/3013 2258/2933 2232/1911
f 1698/2857 1704/3014 1679/3015 1672/414
f 2262/187 2270/1164 2263/3016 2246/188
f 2415/3017 2427/3018 2379/2055 2349/2446
f 1355/1622 1379/3019 1367/2765 1341/2682
f 1006/311 1050/310 1038/3020 979/3021
f 673/3022 628/3023 664/3024 703/3025
f 1783/1875 1790/153 1776/2849 1764/1892
f 1381/2834 1400/2522 1352/1314 1344/1313
f 2159/3026 2181/13 2182/16 2160/1295
f 1227/116 1196/508 1234/1532 1270/117
f 853/1330 976/106 955/2266 859/3027
f 1866/1848 1885/2968 1879/3028 1861/2792
f 2597/1934 2579/1712 2580/609 2598/1935
f 966/2287 1006/3029 979/3030 941/2288
f 2142/1554 2112/2067 2095/1368 2154/3031
f 2607/3032 2609/2755 2591/583 2589/582
f 1683/294 1653/1770 1656/1772 1690/1832
f 1393/3033 1406/3034 1448/3035 1439/3036
f 2273/2690 2219/3037 2239/2898 2278/2691
f 337/479 312/2882 358/986 390/88
f 326/2656 294/1193 309/1196 347/2657
f 1845/2089 1863/285 1834/151 1818/150
f 1129/3038 1141/2394 1130/3039 1118/3040
f 286/3041 335/2716 293/5 236/332
f 1084/235 1180/3042 1202/3043 1088/236
f 977/514 959/1377 1004/2835 1048/1595
f 2747/3044 2749/3045 2734/837 2729/2813
f 1784/2850 1791/3046 1780/1660 1768/1659
f 1166/3047 1135/378 1160/506 1187/2205
f 1321/1024 1296/3048 1322/2748 1336/937
f 97/3049 101/3050 77/3051 69/3052
f 114/1922 123/903 72/3053 64/3054
f 271/3055 238/3056 313/3057 344/3058
f 2343/1944 2366/1034 2344/1037 2313/1945
f 1604/566 1599/496 1598/3059 1611/567
f 1771/1415 1774/161 1755/1731 1750/1583
f 98/3060 63/3061 96/2985 113/2984
f 2143/3062 2189/3063 2135/3064 2114/3065
f 2146/2060 2159/3026 2160/1295 2147/2061
f 856/1582 835/2437 865/3066 894/2315
f 612/1308 603/1307 614/2217 630/898
f 718/1805 799/1487 641/1490 467/343
f 1749/239 1756/1661 1726/2830 1724/240
f 201/1717 191/1716 121/3067 150/3068
f 595/2569 591/552 609/1949 628/1948
f 1086/1319 1114/2713 1058/2715 1016/1558
f 2573/584 2575/1405 2557/1407 2555/2787
f 580/662 627/661 552/1646 510/1645
f 2666/2168 2674/1294 2629/2754 2627/2753
f 634/3069 595/3070 628/3023 673/3022
f 1916/3071 1933/3072 1910/3073 1900/243
f 2460/455 2434/466 2443/469 2462/456
f 2419/2724 2436/1996 2427/1999 2415/2725
f 583/2122 635/2680 611/2101 561/2100
f 860/1809 901/1808 854/2660 817/2357
f 1190/2439 1163/1149 1201/436 1223/2416
f 301/417 269/1158 285/853 308/418
f 494/3074 561/2100 538/2102 479/2913
f 2505/2894 2487/904 2489/905 2506/1602
f 1876/2203 1887/3075 1847/2861 1838/1474
f 2365/3076 2378/3077 2385/2236 2376/2235
f 559/2644 623/2652 560/3078 501/3079
f 452/3080 353/2364 346/2363 475/3081
f 722/3082 813/3083 787/1774 687/3084
f 1433/1160 1463/434 1434/3085 1398/3086
f 304/3087 263/1481 294/1193 326/2656
f 388/3088 324/3089 357/3090 411/3091
f 710/3092 608/1804 717/300 796/3093
f 473/3094 519/3095 504/3096 491/313
f 1544/3097 1485/3098 1503/2902 1581/2901
f 973/1757 952/2752 980/3099 999/1044
f 1759/3100 1739/557 1748/560 1766/702
f 409/1401 297/855 302/3101 391/1776
f 2226/100 2195/3102 2227/2565 2251/101
f 1318/2348 1345/2295 1383/2306 1362/2305
f 951/3103 990/3104 932/3105 906/3106
f 2149/2947 2010/2946 2015/3107 2197/120
f 1132/1189 1175/438 1143/2370 1080/1190
f 2318/2548 2311/79 2306/82 2310/3108
f 1088/236 1202/3043 1253/3109 1066/237
f 77/3110 102/3111 71/1860 57/3112
f 1705/292 1708/948 1684/3113 1682/293
f 1142/1102 1104/1101 1131/1150 1163/1149
f 2537/3114 2539/2382 2521/2373 2519/2372
f 2056/77 2055/3115 2057/3116 2058/1972
f 1604/566 1603/2395 1612/497 1599/496
f 2063/1188 2042/1187 2043/3117 2064/3118
f 1805/2385 1808/1303 1795/158 1789/1414
f 1602/3119 1620/565 1641/568 1596/3120
f 572/1644 574/3121 620/45 619/255
f 2168/3122 2131/1531 2163/2786 2195/3123
f 586/1071 568/2538 604/2152 603/1307
f 362/577 402/344 354/2366 295/1653
f 790/231 819/209 756/1748 700/232
f 430/3124 416/1091 496/312 503/3125
f 2517/3126 2519/2372 2501/798 2499/3006
f 2291/2736 2282/2689 2289/1413 2292/1412
f 1356/2750 1304/2749 1357/2490 1408/3127
f 1445/1961 1346/1960 1388/127 1476/3000
f 348/3128 397/3129 344/3130 313/3131
f 2476/1110 2458/2408 2460/455 2478/454
f 1208/3132 1179/2867 1221/3133 1249/3134
f 1801/152 1813/1327 1791/3046 1784/2850
f 1287/2730 1278/666 1334/2433 1339/2432
f 120/832 68/1733 76/913 127/833
f 934/2998 914/3135 949/2613 960/2612
f 2437/1468 2442/1467 2406/2052 2398/2051
f 1602/3119 1595/2323 1607/2326 1620/565
f 946/103 976/106 853/1330 844/1329
f 401/3136 473/3094 491/313 406/1090
f 1029/2129 987/1597 1001/1600 1054/2684
f 1431/939 1366/938 1432/3137 1498/3138
f 1180/2276 1109/2275 1134/3139 1186/1177
f 2222/1052 2238/1051 2162/1365 2148/1364
f 2401/3140 2370/1359 2352/1360 2346/1151
f 2554/2519 2536/2518 2538/2802 2556/2926
f 369/2928 344/3141 429/2962 419/2963
f 435/1495 479/2913 462/1116 423/1115
f 1519/738 1555/737 1520/432 1495/431
f 2565/639 2567/2505 2549/2595 2547/1663
f 92/1725 163/1724 159/3142 93/3143
f 2073/3144 2144/2059 2145/2062 2059/2340
f 2375/868 2365/3076 2376/2235 2382/869
f 1218/2983 1259/3145 1210/1655 1168/3146
f 342/1704 315/852 443/1400 453/1705
f 2749/3147 2758/2063 2738/2065 2734/3148
f 1556/1579 1598/3059 1576/3149 1539/2980
f 2570/2528 2552/2516 2554/2519 2572/2529
f 2639/1718 2642/3150 2633/2927 2630/1113
f 213/249 159/3142 163/1724 217/246
f 470/1611 536/1610 485/3151 429/3152
f 609/1949 610/2949 629/897 636/1950
f 2613/1114 2614/1627 2596/1630 2595/3153
f 148/956 165/3154 138/3155 126/957
f 1195/3156 1166/3047 1187/2205 1226/2204
f 2216/3157 2236/3158 2235/1838 2215/2632
f 2041/932 2062/1279 2050/3159 2033/2469
f 757/1962 777/564 738/785 702/784
f 1312/2296 1276/1721 1281/1425 1319/3160
f 552/1646 654/912 535/2092 477/1647
f 262/8 305/7 287/268 246/1714
f 1337/128 1306/118 1347/875 1420/129
f 1051/3161 1039/3162 1052/3163 1071/3164
f 643/1769 711/1768 672/95 594/2037
f 1052/3163 1046/2300 1062/2303 1072/3165
f 2700/2161 2698/2160 2711/3166 2710/2503
f 1291/1363 1316/1362 1292/1439 1260/1438
f 2425/3167 2390/3168 2395/2212 2433/2211
f 1234/1532 1184/1635 1219/1752 1274/998
f 865/3066 827/3169 881/3170 914/3135
f 995/2274 876/817 970/1785 1109/2275
f 2047/2317 2046/3171 2039/3172 2040/2318
f 2603/2107 2605/576 2587/1087 2585/2504
f 2136/183 2137/3173 2117/628 2127/184
f 1675/764 1659/1429 1667/3174 1680/3175
f 1659/1429 1631/3176 1655/3177 1667/3174
f 2115/2330 2089/1371 2079/273 2098/2331
f 2101/270 2122/1004 2105/1872 2106/271
f 2068/3178 2037/2844 2028/2847 2045/3179
f 349/987 330/2281 371/2936 393/988
f 1885/2968 1905/3180 1899/3181 1879/3028
f 1713/3182 1717/1030 1699/1033 1695/3183
f 2180/2553 2202/922 2181/2721 2159/2943
f 1836/2837 1828/3184 1840/3185 1850/3186
f 1695/3183 1699/1033 1681/841 1677/3187
f 2236/3158 2242/3188 2241/1839 2235/1838
f 2776/3189 2781/3190 2773/3191 2767/3192
f 2713/3193 2718/462 2696/465 2694/2167
f 2549/2595 2551/137 2533/528 2531/3194
f 1150/3195 1119/1099 1142/1102 1174/2438
f 55/2912 69/3052 49/3196 36/2019
f 1822/1315 1809/2386 1815/2820 1829/1625
f 1935/28 1957/27 1941/2117 1918/2013
f 1071/3164 1052/3163 1072/3165 1096/2865
f 584/551 585/1072 612/1308 610/2949
f 1301/965 1298/964 1325/1679 1326/3197
f 1155/3198 1262/1355 1252/1358 1146/1225
f 1696/2591 1680/3175 1686/3199 1700/2821
f 2688/1699 2673/1698 2685/2782 2698/2160
f 2760/3200 2735/3201 2739/3202 2765/3203
f 2534/2517 2516/1062 2518/1464 2536/2518
f 923/1182 963/716 918/1779 878/1183
f 562/1759 606/1523 598/877 554/876
f 2625/3204 2627/2753 2609/2755 2607/3032
f 2797/3205 2799/3206 2778/701 2774/700
f 979/3207 1038/3208 1041/2501 928/3209
f 938/1387 899/2868 891/2069 931/29
f 2287/3210 2250/99 2261/102 2294/1239
f 936/2515 905/2514 981/2494 989/2607
f 216/1016 215/1460 277/1463 278/2181
f 1950/770 1930/389 1951/2170 1964/365
f 171/1954 125/1908 133/672 177/671
f 1828/3184 1836/2837 1830/2838 1821/3211
f 2320/2252 2329/2268 2301/1675 2298/1674
f 2028/76 2026/3212 2055/3115 2056/77
f 263/1481 241/1312 255/1194 294/1193
f 2784/322 2755/1112 2769/3213 2789/2104
f 2647/335 2650/1208 2642/3150 2639/1718
f 2746/3214 2728/3215 2731/3216 2748/3217
f 2275/1049 2222/1052 2224/1373 2279/2354
f 814/1484 862/2188 850/203 793/202
f 2089/1371 2070/1370 2072/274 2079/273
f 309/3218 282/3219 289/3220 316/3221
f 534/1821 460/3222 566/3223 626/1822
f 2163/3224 2034/631 2065/634 2196/2566
f 389/2717 418/349 366/2282 325/6
f 1697/916 1671/2440 1678/2442 1702/1435
f 1905/3180 1922/3225 1916/3226 1899/3181
f 1906/907 1917/3227 1902/3228 1888/908
f 715/3229 764/1483 747/826 707/3230
f 1102/3231 1129/3232 1118/3233 1095/3234
f 1078/1100 1029/2129 1054/2684 1104/1101
f 495/2533 553/3235 539/2034 486/2033
f 1408/3127 1357/2490 1403/1959 1456/3236
f 2741/2230 2715/2229 2723/3237 2743/3238
f 528/1799 573/1758 562/1759 519/3095
f 1331/3239 1363/750 1289/753 1258/3240
f 605/2153 615/2602 657/3241 639/2154
f 1015/1515 947/3242 995/2274 1084/2273
f 1451/3243 1489/3244 1363/750 1331/3239
f 888/2581 935/3245 909/3246 872/2582
f 2134/1526 2118/262 2073/265 2096/1201
f 1679/3015 1687/780 1669/783 1658/2681
f 1737/2242 1740/2345 1721/1031 1717/1030
f 1807/1874 1818/150 1790/153 1783/1875
f 253/2365 248/3247 260/49 284/1654
f 2649/336 2641/1719 2643/1337 2656/1336
f 2312/1633 2315/3248 2332/3249 2328/2070
f 1050/310 1095/3234 1077/3250 1038/3020
f 210/3251 209/2410 273/2413 274/3252
f 202/3253 196/2875 265/1127 266/1130
f 1532/553 1568/556 1587/3254 1557/2586
f 2197/120 2015/3107 2019/3255 2219/121
f 2326/3256 2319/3257 2341/3258 2339/3259
f 1938/487 1932/486 1947/3260 1953/3261
f 230/1969 152/3262 169/3263 237/1970
f 1139/419 1138/2989 1060/2957 1068/2045
f 1057/1261 936/3264 1074/3265 1112/1638
f 2763/3266 2767/3267 2740/2337 2736/2336
f 775/3268 676/3269 683/3270 781/3271
f 380/3272 381/1673 442/3273 440/735
f 894/2315 865/3066 914/3135 934/2998
f 1024/105 1033/1587 1014/2264 976/106
f 1186/1177 1134/3139 1181/296 1240/1178
f 198/622 172/747 173/1800 205/623
f 142/3274 153/3275 82/3276 80/3277
f 864/2098 900/2097 832/3278 811/2960
f 2634/181 2616/180 2618/3279 2636/3280
f 2241/1839 2252/2990 2247/2993 2237/1840
f 2012/928 2017/3281 2013/1445 2009/1444
f 2474/2974 2456/2771 2458/2408 2476/1110
f 1857/144 1841/2848 1849/3282 1869/1745
f 1564/2987 1540/3283 1591/2872 1605/2871
f 472/2036 528/2035 519/3284 473/3285
f 1883/2661 1903/655 1874/658 1859/2662
f 1563/2417 1583/174 1584/177 1552/736
f 900/2097 925/1806 860/1809 832/3278
f 1494/858 1518/857 1484/1424 1449/2022
f 1642/1244 1623/2879 1646/3286 1645/1245
f 2165/263 2166/592 2146/2944 2144/264
f 2643/1337 2634/181 2636/3280 2651/1338
f 953/1491 1022/2574 975/3287 929/3288
f 2555/2787 2557/1407 2539/2382 2537/3114
f 371/2936 372/1564 446/1567 445/2937
f 1271/1458 1291/1363 1260/1438 1244/1459
f 2060/2322 2080/1057 2074/1060 2048/931
f 2272/2760 2266/119 2273/122 2282/2761
f 251/1124 226/1411 252/1480 292/1125
f 1987/318 1928/1073 1940/1076 1992/691
f 397/1975 470/1611 429/3152 344/2623
f 106/1923 114/1922 64/3054 58/2951
f 2781/3289 2783/3290 2779/1868 2773/1867
f 1537/1930 1513/450 1553/509 1574/3291
f 667/257 669/256 708/2823 706/3292
f 2645/357 2622/356 2624/696 2655/2783
f 2432/3293 2438/2747 2428/1937 2421/2687
f 39/1887 47/2240 30/2018 23/3294
f 1353/3295 1339/2432 1401/2435 1405/3296
f 730/827 778/205 768/199 724/198
f 1621/1378 1609/511 1575/2584 1597/2800
f 714/1823 626/1822 694/3297 807/2367
f 2595/3153 2596/1630 2578/2308 2577/2381
f 2463/2451 2465/461 2447/3298 2444/3299
f 2271/2552 2265/1882 2272/2760 2284/2759
f 75/2911 97/3049 69/3052 55/2912
f 2253/3300 2257/3301 2254/2991 2252/2990
f 2674/1294 2680/1007 2631/993 2629/2754
f 1446/3302 1471/3303 1488/93 1470/92
f 227/1256 286/3041 236/332 190/1257
f 151/864 168/1920 106/1923 103/865
f 170/1205 183/1204 145/2677 132/2414
f 1757/835 1746/1351 1751/3304 1763/836
f 872/2582 909/3246 889/2009 857/2008
f 96/2650 38/2649 43/2741 100/2740
f 1878/3305 1862/3306 1880/1605 1898/1604
f 569/1148 570/291 615/2602 605/2153
f 1133/3307 1112/3308 1145/3309 1155/3198
f 1538/555 1514/3310 1564/3311 1588/2734
f 999/1044 980/3099 1000/3312 1019/1045
f 2670/1006 2628/990 2631/993 2680/1007
f 2167/2507 2192/3313 2218/1197 2201/395
f 501/3079 560/3078 509/347 458/346
f 1508/280 1541/279 1509/1170 1467/546
f 536/1610 590/1589 549/3314 485/3151
f 1593/38 1637/3315 1594/1900 1549/39
f 1711/3316 1715/3317 1694/2856 1691/3318
f 2464/766 2446/879 2448/882 2466/1753
f 1764/1892 1776/2849 1761/2119 1752/2710
f 448/1648 477/1647 428/2722 413/2914
f 1261/1264 1286/2091 1247/3319 1220/1265
f 2750/2130 2752/3320 2733/2185 2730/2131
f 1990/319 1987/318 1992/691 1993/690
f 1970/366 1965/2173 1971/3321 1976/2948
f 2295/2056 2297/2054 2286/579 2277/578
f 121/3067 191/1716 122/863 102/3111
f 1278/666 1293/665 1340/3322 1334/2433
f 691/3323 730/827 724/198 681/3324
f 965/2468 934/2998 960/2612 993/2958
f 2451/141 2452/140 2391/2076 2383/2081
f 2724/1027 2727/3325 2725/3326 2721/1028
f 1153/2818 1117/2817 1140/3327 1171/3328
f 1055/430 968/429 1047/2500 1098/2111
f 233/3329 249/2860 206/1890 199/1891
f 518/3330 503/3125 574/3121 572/1644
f 1188/1738 1171/2564 1208/3132 1229/3331
f 1019/1045 1000/3312 1020/3332 1040/3333
f 164/2147 116/1905 125/1908 171/1954
f 1680/3175 1667/3174 1673/3334 1686/3199
f 1109/2275 970/1785 1003/1788 1134/3139
f 1521/1835 1565/3335 1515/2930 1479/1836
f 277/1463 314/3336 321/1322 278/2181
f 2661/1697 2638/354 2645/357 2673/1698
f 550/2285 497/3337 505/3338 540/3339
f 2259/3340 2216/3341 2215/3342 2258/3343
f 2701/3344 2713/3345 2694/3346 2686/1281
f 391/3347 385/3348 444/3349 454/3350
f 2651/1338 2636/3280 2638/3351 2661/3352
f 2447/3298 2449/2617 2441/1465 2436/3353
f 766/193 825/192 769/2578 719/96
f 2145/2062 2147/2061 2158/3354 2157/489
f 2489/905 2471/33 2472/36 2490/1173
f 1718/558 1697/916 1702/1435 1723/559
f 2371/1056 2355/1055 2373/3355 2390/2257
f 615/2602 617/254 667/257 657/3241
f 2484/3356 2466/2738 2468/2615 2486/1165
f 851/1773 916/1775 904/1620 842/1619
f 370/1128 369/2928 419/2963 408/1132
f 1620/565 1607/2326 1603/2395 1604/566
f 487/301 407/194 557/197 642/302
f 136/1801 119/1437 120/832 137/831
f 1835/1626 1829/1625 1842/3357 1851/3358
f 1774/161 1779/160 1758/2017 1755/1731
f 1547/1573 1567/1572 1494/1903 1483/1902
f 1964/365 1951/2170 1965/2173 1970/366
f 1551/1927 1537/1930 1574/3291 1582/3359
f 146/2676 147/955 118/958 117/2899
f 1580/1652 1544/1651 1581/3360 1630/1428
f 1924/848 1926/2120 1891/1613 1887/3075
f 1232/2335 1223/2416 1201/436 1206/435
f 1545/2418 1507/1535 1491/1537 1531/3361
f 1691/3318 1694/2856 1664/413 1657/3362
f 340/1671 332/1323 382/1092 383/1672
f 2069/604 2088/603 2078/2321 2071/2320
f 105/1906 33/1166 45/1169 109/1907
f 1323/1335 1358/1676 1325/1679 1298/964
f 2663/2784 2626/699 2628/1557 2670/3363
f 1956/2027 1966/25 1935/28 1917/2012
f 1083/3364 1108/883 1216/886 1183/3365
f 268/248 281/247 341/1670 339/2773
f 1138/2989 1126/595 1035/1493 1060/2957
f 2593/1287 2594/1180 2576/1325 2575/1405
f 1617/3366 1615/3367 1572/2457 1573/2456
f 785/2588 786/3368 746/3369 745/734
f 2633/2927 2635/3370 2617/1628 2614/1627
f 70/3371 50/3372 63/3061 98/3060
f 2395/1551 2381/870 2372/945 2389/959
f 2393/1035 2409/2723 2397/2726 2367/1036
f 1480/761 1465/760 1411/369 1410/368
f 2779/1868 2786/1666 2758/1669 2749/1869
f 2513/2351 2515/1726 2497/598 2495/597
f 102/3111 122/863 99/866 71/1860
f 181/1310 113/1594 128/2495 193/1311
f 2002/2550 2006/2549 1974/26 1966/25
f 2057/3373 2071/2320 2060/2322 2046/3374
f 1095/3234 1118/3233 1103/3375 1077/3250
f 2100/2134 2081/276 2075/1185 2092/2135
f 1758/1893 1764/1892 1752/2710 1747/2709
f 352/3376 401/3136 406/1090 377/1089
f 2595/3153 2577/2381 2579/1712 2597/1934
f 2533/528 2535/527 2517/1727 2515/1726
f 178/674 134/673 135/3377 172/747
f 2230/1912 2232/1911 2214/2935 2212/3378
f 50/3379 21/3380 26/2648 63/2647
f 1927/2539 1892/1298 1896/1074 1928/1073
f 1238/3381 1377/3382 1402/3383 1209/3384
f 471/790 526/789 494/3074 449/1695
f 705/1641 744/3385 729/3386 689/1642
f 1094/2816 1051/3387 1071/3388 1117/2817
f 2641/1719 2632/178 2634/181 2643/1337
f 28/1168 16/2563 19/3389 35/2718
f 1558/2801 1590/3007 1570/3008 1533/3390
f 322/501 235/1519 239/1953 323/502
f 2783/3290 2787/3391 2786/1666 2779/1868
f 1940/1076 1901/1075 1913/3392 1949/3393
f 169/3263 189/2479 247/2881 237/1970
f 736/1098 679/1080 755/3394 809/3395
f 2660/2728 2669/1691 2665/1694 2657/2996
f 469/976 411/3091 447/1980 508/1979
f 1901/1075 1882/1744 1897/1747 1913/3392
f 1637/3396 1661/3397 1638/3398 1594/3399
f 1506/3001 1476/3000 1526/2509 1554/2508
f 1452/1536 1477/1159 1433/1160 1397/1677
f 1048/1595 1004/2835 1067/594 1115/593
f 2682/1692 2693/2149 2689/2151 2679/1693
f 1279/678 1280/677 1257/1427 1231/2334
f 2668/3400 2664/1339 2678/3401 2681/3402
f 2479/599 2481/1624 2463/941 2461/940
f 2410/3403 2412/2572 2369/800 2387/2327
f 2771/2164 2743/3404 2745/406 2778/701
f 1243/1811 1195/3156 1226/2204 1269/1812
f 2548/2475 2530/166 2532/169 2550/2476
f 249/2860 233/3329 250/854 285/853
f 2743/3404 2723/3405 2727/407 2745/406
f 449/1695 494/3074 479/2913 435/1495
f 35/2718 19/3389 24/1018 40/536
f 2066/2003 2109/2247 2094/1470 2054/2004
f 2404/467 2386/504 2405/2891 2416/468
f 1134/3139 1003/1788 1089/297 1181/296
f 1022/2574 1105/1828 1063/808 975/3287
f 1763/872 1751/3406 1759/3100 1772/873
f 2496/1003 2478/454 2480/457 2498/1061
f 2154/3031 2095/1368 2089/1371 2115/2330
f 232/1131 222/621 244/624 269/1158
f 387/2293 421/2292 389/2717 335/2716
f 208/2411 202/3253 266/1130 272/2412
f 2000/2398 1963/768 1969/771 2004/1615
f 365/3407 311/3408 324/3089 388/3088
f 2301/1675 2313/3409 2285/1198 2280/1050
f 772/2180 828/1618 814/3410 764/3411
f 2418/2409 2384/2859 2404/467 2434/466
f 1934/2540 1943/2932 1906/3412 1895/1299
f 1502/149 1450/148 1485/3098 1544/3097
f 197/2597 143/1233 144/642 203/2596
f 893/1376 849/1580 886/532 940/531
f 2114/3413 2135/182 2116/185 2097/3414
f 959/1377 893/1376 940/531 1004/2835
f 320/2145 331/2774 376/410 375/409
f 1615/3415 1614/2481 1571/2362 1572/2361
f 1056/2484 1111/3416 1065/3417 910/2485
f 1107/1262 1133/1639 1111/3416 1056/2484
f 1523/2965 1508/280 1467/546 1469/545
f 801/3418 651/213 676/3419 775/3420
f 2198/3421 2154/3031 2115/2330 2137/2329
f 2219/3037 2019/3422 2025/3423 2239/2898
f 882/2956 873/2955 843/3424 841/3425
f 2246/188 2263/3016 2170/927 2132/926
f 517/289 518/3330 572/1644 571/290
f 1476/3000 1388/127 1457/54 1500/53
f 1346/1960 1305/1837 1337/128 1388/127
f 1152/2175 1170/1093 1127/1096 1110/2176
f 1185/1751 1198/1739 1236/3426 1219/1752
f 720/2611 624/1820 714/1823 806/605
f 2316/712 2300/711 2309/3427 2324/3428
f 1667/3174 1655/3177 1662/3429 1673/3334
f 396/2842 434/1974 397/1975 348/3430
f 1887/3075 1891/1613 1854/1612 1847/2861
f 903/2954 943/1598 944/2705 897/3431
f 381/1673 383/1672 430/3124 442/3273
f 2148/1364 2103/1367 2123/1528 2161/1372
f 606/1523 658/1522 640/648 598/877
f 590/1589 656/786 596/1317 549/3314
f 1850/3186 1859/1846 1852/1849 1836/2837
f 1677/3187 1681/841 1670/842 1661/843
f 1219/1752 1236/3426 1284/999 1274/998
f 1398/3432 1434/859 1371/862 1343/2900
f 19/3389 7/3433 8/1019 24/1018
f 519/3095 562/1759 554/876 504/3096
f 943/1598 903/2954 915/1780 954/1599
f 1684/3113 1691/3434 1657/1571 1652/1570
f 1806/1729 1782/871 1787/874 1817/805
f 1068/2045 1060/2957 993/2958 1007/2767
f 2500/1326 2482/767 2484/1754 2502/2383
f 49/1289 57/3112 25/3435 20/1290
f 1861/2593 1879/1320 1863/285 1845/2089
f 1623/2988 1605/2871 1633/2874 1646/3436
f 254/3437 334/2863 286/3041 227/1256
f 685/2577 634/3069 673/3022 727/3438
f 1853/245 1867/244 1826/3439 1813/1327
f 1896/1074 1872/145 1882/1744 1901/1075
f 2269/888 2264/2551 2271/2552 2281/22
f 34/745 39/1887 23/3294 18/2192
f 2657/3440 2665/1449 2652/1452 2644/3441
f 2139/1421 2173/1420 2175/718 2141/717
f 2110/2066 2067/3442 2068/2333 2112/2067
f 2298/1674 2275/1049 2279/2354 2302/2353
f 2531/3194 2533/528 2515/1726 2513/2351
f 1932/3443 1909/3444 1923/3445 1947/3446
f 911/607 879/606 926/513 958/84
f 1937/3447 1946/2969 1954/2972 1939/3448
f 607/46 593/878 631/651 649/47
f 443/1400 409/1401 483/1778 544/2811
f 1003/1788 924/1787 996/1386 1089/297
f 2313/3449 2344/3450 2293/2178 2285/3451
f 1902/2014 1918/2013 1903/655 1883/2661
f 478/2094 581/2093 525/1608 434/1974
f 1411/369 1422/813 1375/3452 1373/370
f 1735/2780 1716/2592 1720/2822 1738/3453
f 1786/3454 1793/892 1767/935 1762/2241
f 2020/1614 2023/2085 1991/2088 1988/316
f 1655/2806 1560/2805 1582/3455 1662/3456
f 432/975 388/3088 411/3091 469/976
f 1464/627 1458/626 1522/1889 1527/3457
f 1061/3458 1037/3459 1051/3387 1094/2816
f 1922/3225 1939/3448 1933/3460 1916/3226
f 1617/3366 1573/2456 1579/2114 1628/3461
f 2297/2054 2304/2053 2292/1412 2286/579
f 339/2773 341/1670 381/1673 380/3272
f 1165/1658 1194/1657 1147/3462 1114/3463
f 2078/2321 2097/2791 2099/1058 2080/1057
f 1965/3464 1942/3465 1959/3466 1971/3467
f 440/735 442/3273 518/3330 517/289
f 2563/610 2544/2360 2546/2679 2564/611
f 1364/2355 1389/492 1348/495 1327/1361
f 2036/2005 2054/2004 2038/601 2026/2768
f 699/2651 753/2356 677/2359 623/2652
f 219/333 262/8 246/1714 201/1717
f 1654/2441 1580/1652 1630/1428 1666/763
f 2655/2783 2624/696 2626/699 2663/2784
f 2350/1952 2322/1525 2345/3468 2361/3469
f 450/2534 495/2533 486/2033 441/3470
f 69/3471 77/3110 57/3112 49/1289
f 2317/796 2310/3472 2319/3257 2326/3256
f 2617/2299 2619/2298 2601/305 2599/304
f 514/1784 515/1147 569/1148 568/2538
f 1204/1520 1211/2006 1178/2007 1162/3473
f 563/315 555/314 593/878 607/46
f 610/2949 612/1308 630/898 629/897
f 187/3474 166/3475 188/1408 200/3476
f 1515/3477 1534/3478 1480/3479 1435/3480
f 1969/771 1950/770 1964/365 1978/364
f 2505/2894 2507/1941 2488/1924 2487/904
f 318/2526 319/2146 374/2719 373/1565
f 1245/3481 1429/3482 1430/3483 1263/885
f 972/2197 1012/2216 948/695 913/694
f 1245/3481 1263/885 1075/884 1082/3484
f 778/205 838/204 822/1814 768/199
f 2251/101 2227/2565 2255/1879 2264/2551
f 23/3294 30/2018 10/2021 2/3485
f 431/3486 521/3487 489/1843 364/1842
f 2748/3217 2731/3216 2737/2249 2755/2248
f 1018/125 1008/1043 1028/1046 1037/126
f 2490/1173 2472/36 2474/3488 2492/1174
f 522/3489 454/1777 457/3490 523/3491
f 1787/874 1772/873 1781/1933 1800/1986
f 2485/459 2486/1165 2468/2615 2467/460
f 1441/1534 1395/1533 1417/3492 1474/3493
f 1910/849 1924/848 1887/3075 1876/2203
f 2712/1029 2721/1028 2718/3494 2713/3495
f 385/3496 356/3497 417/3498 444/3499
f 135/3377 111/1436 119/1437 136/1801
f 2702/1864 2712/1029 2713/3495 2701/2150
f 94/227 62/2979 70/3500 95/228
f 1496/3501 1523/2965 1469/545 1460/2833
f 1982/3502 1984/825 1977/1402 1973/2575
f 1939/3503 1954/1083 1948/847 1933/846
f 786/3368 789/3504 740/3505 746/3369
f 165/3154 175/3506 150/3507 138/3155
f 1517/2157 1474/3508 1502/1650 1543/1649
f 18/2192 23/3294 2/3485 3/2193
f 2502/540 2484/3356 2486/1165 2504/541
f 2170/3509 2204/1591 2017/1968 2012/3510
f 756/1748 792/2959 757/1962 701/1749
f 1145/3511 1121/2953 1233/1154 1251/1153
f 941/2288 979/3030 928/3512 866/562
f 259/1048 267/1047 331/2774 320/2145
f 1069/309 1102/3231 1095/3234 1050/310
f 707/3230 747/826 730/827 691/3323
f 1435/3480 1480/3479 1410/1741 1372/1740
f 2673/1698 2645/357 2655/2783 2685/2782
f 1811/2789 1792/3513 1798/2520 1819/2431
f 1463/434 1501/433 1478/3514 1434/3085
f 461/2207 455/2938 537/549 548/2568
f 1913/3515 1897/3516 1911/386 1929/769
f 2598/1935 2580/609 2582/612 2600/3517
f 1269/1812 1226/2204 1273/115 1305/1837
f 166/1884 139/226 167/229 188/3518
f 1721/1031 1722/2347 1703/1513 1701/1032
f 1118/3040 1130/3039 1120/2499 1103/2498
f 2416/468 2405/2891 2420/2756 2435/880
f 1957/3519 1967/3520 1958/3521 1941/3522
f 1708/948 1711/2594 1691/3434 1684/3113
f 2256/1881 2149/2947 2197/120 2266/119
f 2493/2352 2495/597 2477/600 2475/516
f 2330/2253 2302/2353 2307/1217 2342/1216
f 2314/1767 2283/1766 2287/1796 2308/1795
f 2524/2452 2527/3523 2508/1942 2507/1941
f 1301/965 1326/3197 1315/3524 1268/2277
f 2052/3525 2076/3526 2066/2003 2035/2002
f 2076/3526 2108/2244 2109/2247 2066/2003
f 2772/2064 2774/700 2744/405 2742/1505
f 2550/2476 2532/169 2534/2517 2552/2516
f 1619/176 1641/568 1611/567 1585/1578
f 2288/2447 2295/2056 2277/578 2270/953
f 2306/1632 2308/3527 2315/3248 2312/1633
f 1699/1033 1701/1032 1688/615 1681/841
f 1501/433 1539/2980 1521/3528 1478/3514
f 2689/3529 2701/3344 2686/1281 2677/1280
f 1949/2397 1913/3515 1929/769 1963/768
f 1790/153 1801/152 1784/2850 1776/2849
f 1748/560 1723/559 1725/1008 1753/703
f 2238/1051 2249/1199 2183/2895 2162/1365
f 1587/3254 1622/1947 1624/1191 1590/3007
f 266/1130 359/1129 350/1710 272/2412
f 1002/427 1080/1190 1022/2574 953/1491
f 2620/355 2602/381 2604/2050 2622/356
f 2431/3530 2394/2057 2406/2052 2442/1467
f 689/1642 729/3386 715/3531 675/1865
f 303/3532 386/2862 334/2863 254/3437
f 1814/685 1821/684 1808/1303 1805/2385
f 2281/22 2271/2552 2284/2759 2290/23
f 963/716 1043/715 982/1559 918/1779
f 1397/1677 1433/1160 1398/3086 1359/1678
f 1573/2456 1524/1976 1535/1978 1579/2114
f 2730/2131 2704/1063 2705/791 2732/985
f 1915/1607 1894/1606 1909/3444 1932/3443
f 2650/1208 2657/3533 2644/3534 2642/3150
f 248/3247 245/3535 224/3536 223/3537
f 738/785 767/3538 722/72 686/71
f 264/2280 256/2478 317/2994 330/2281
f 1884/572 1878/571 1898/2455 1904/2454
f 1037/3459 1028/3539 1039/3540 1051/3387
f 1276/1721 1312/2296 1345/2295 1318/2348
f 2242/3188 2253/3300 2252/2990 2241/1839
f 1239/2618 1081/1517 1066/1516 1253/2619
f 526/789 583/2122 561/2100 494/3074
f 1672/414 1679/3015 1658/2681 1636/415
f 331/2774 339/2773 380/3272 376/410
f 1967/3541 1973/2575 1968/1228 1958/2776
f 575/211 557/197 529/196 541/212
f 1375/3452 1436/2832 1381/2834 1344/1313
f 2706/1064 2714/2187 2676/3542 2672/1065
f 651/213 541/212 576/3543 676/3419
f 1404/2523 1469/545 1365/544 1312/2296
f 47/2240 55/2912 36/2019 30/2018
f 1304/2749 1248/3544 1290/1810 1357/2490
f 1945/3545 1953/3546 1961/2971 1952/2970
f 882/1989 871/225 930/1734 915/3547
f 2046/3374 2060/2322 2048/931 2039/930
f 1025/3548 1075/884 1108/883 1083/3364
f 933/2140 964/2143 912/3549 885/2659
f 533/977 469/976 508/1979 579/3550
f 2399/2573 2401/3140 2346/1151 2362/801
f 2664/1339 2651/1338 2661/3352 2678/3401
f 2322/3551 2316/3552 2324/3553 2345/3554
f 2125/3555 2077/3556 2067/3442 2110/2066
f 325/6 366/2282 327/266 305/7
f 734/635 853/983 859/1353 759/636
f 1912/388 1889/1831 1907/3557 1925/2171
f 761/2961 832/3278 753/2356 699/2651
f 548/2568 537/549 591/552 595/2569
f 2072/3558 2058/3559 2047/3560 2061/3561
f 190/1257 236/332 219/333 175/3562
f 455/2938 445/2937 527/550 537/549
f 1497/3563 1503/3564 1407/3565 1431/3566
f 2690/2785 2663/2784 2670/3363 2695/3567
f 2629/2754 2631/993 2612/992 2611/1286
f 91/1722 90/1234 161/1237 162/1723
f 280/1017 279/2182 332/1323 340/1671
f 1701/1032 1703/1513 1689/616 1688/615
f 668/1250 707/2599 691/2443 658/1522
f 2444/3299 2447/3298 2436/3353 2419/3568
f 1732/1011 1712/1010 1716/2592 1735/2780
f 2021/2270 2025/3569 2018/3570 2016/2271
f 105/3571 108/3572 44/3573 33/3574
f 1526/2509 1476/3000 1500/53 1532/3575
f 379/2637 394/3576 423/3577 415/2634
f 1252/1358 1385/1357 1377/3578 1238/3579
f 2285/3451 2293/2178 2260/2179 2249/3580
f 1570/278 1606/1764 1578/1240 1541/279
f 1011/85 977/514 1048/1595 1092/625
f 1461/91 1447/3581 1415/42 1437/41
f 1733/2243 1737/2242 1717/1030 1713/3182
f 838/204 872/3582 857/1815 822/1814
f 1473/776 1483/1902 1428/1496 1416/777
f 2164/3583 2155/404 2206/548 2213/652
f 2523/2453 2524/2452 2507/1941 2505/2894
f 99/866 103/865 51/2952 42/1861
f 1828/3184 1824/1914 1839/1913 1840/3185
f 2388/3584 2380/451 2413/112 2411/111
f 1416/777 1376/1486 1384/1156 1427/778
f 2787/3391 2790/3585 2791/1667 2786/1666
f 1456/3236 1403/1959 1445/1961 1490/2999
f 2711/3586 2690/3587 2695/3588 2717/3589
f 711/1768 766/193 719/96 672/95
f 1868/142 1871/1300 1856/1267 1855/143
f 2040/2318 2039/3172 2031/3590 2032/1701
f 2161/1372 2123/1528 2131/1531 2168/3122
f 138/3155 150/3507 97/3049 75/2911
f 214/1461 212/3591 275/2731 276/1462
f 2470/139 2473/1926 2455/2074 2452/140
f 2762/3592 2763/3593 2736/2186 2733/2185
f 2005/647 2004/646 2007/3594 2010/3595
f 1303/3596 1353/3597 1368/1956 1330/1285
f 984/2141 1101/64 1122/3598 998/2142
f 2698/2160 2685/2782 2690/2785 2711/3166
f 1371/862 1421/861 1364/2355 1332/2313
f 373/1565 374/2719 437/1783 436/1566
f 1296/3048 1241/299 1266/1995 1322/2748
f 1514/55 1492/1859 1540/3283 1564/2987
f 1284/999 1285/1284 1329/728 1328/1000
f 2684/3599 2691/2851 2682/1692 2669/1691
f 1382/2294 1415/2537 1383/2306 1345/2295
f 240/967 291/3600 356/3601 385/968
f 329/2116 299/2115 337/479 368/478
f 1702/1435 1678/2442 1685/762 1706/1009
f 1792/3513 1765/1789 1769/1792 1798/2520
f 1466/812 1496/3501 1460/2833 1436/2832
f 503/3125 496/312 563/315 574/3121
f 2178/1455 2190/590 2165/263 2118/262
f 823/2255 775/3268 781/3271 831/814
f 706/3292 708/2823 745/3602 746/3603
f 2619/2298 2621/2106 2603/2107 2601/305
f 1663/2890 1592/2156 1629/2158 1671/2440
f 1326/3197 1325/1679 1359/1678 1342/3604
f 2007/1616 1978/364 1981/367 2011/2664
f 1936/2080 1938/2079 1953/3546 1945/3545
f 1299/2314 1327/1361 1291/1363 1271/1458
f 108/2415 117/2899 53/744 44/743
f 2013/3605 2016/822 1984/825 1982/3502
f 2065/634 2001/633 2005/2945 2107/2878
f 962/1259 1107/1262 1056/2484 875/2483
f 946/103 869/3606 910/3607 969/104
f 218/2497 140/2496 152/3262 230/1969
f 1256/3608 1279/678 1231/2334 1141/2394
f 1557/2586 1587/3254 1590/3007 1558/2801
f 1493/1213 1441/1534 1474/3493 1517/1214
f 1900/3609 1910/849 1876/2203 1867/2202
f 1947/3446 1923/3445 1926/3610 1955/3611
f 621/163 782/1354 735/1684 542/164
f 192/3612 196/3613 141/3614 129/3615
f 2769/2604 2741/3616 2743/3404 2771/2164
f 1974/26 1979/1447 1967/2828 1957/27
f 245/3617 254/3437 225/1255 224/2839
f 1669/3618 1677/3187 1661/843 1637/3619
f 498/1688 403/1687 493/1706 577/3620
f 1249/3134 1303/3596 1330/1285 1285/1284
f 1627/3621 1600/1242 1616/1241 1635/1932
f 1908/3622 1920/3623 1922/3225 1905/3180
f 196/3613 202/3624 142/3625 141/3614
f 2658/2169 2666/2168 2627/2753 2625/3204
f 2553/2788 2555/2787 2537/3114 2535/3626
f 1746/1351 1730/2238 1734/2841 1751/3304
f 273/2413 345/1709 338/3627 274/3252
f 1040/3333 1020/3332 1042/2301 1046/2300
f 2097/3414 2116/185 2128/2667 2099/3628
f 1154/1095 1172/3629 1129/3038 1102/2420
f 829/2222 788/2221 830/2011 863/773
f 947/3242 831/814 876/817 995/2274
f 256/2478 257/2525 318/2526 317/2994
f 2152/3630 2125/3555 2110/2066 2153/1553
f 56/2897 37/1305 41/1394 62/2979
f 1028/3631 1019/3632 1040/2388 1039/2387
f 356/3497 291/3633 311/3634 365/3635
f 2613/1114 2595/3153 2597/1934 2615/179
f 383/1672 382/1092 416/1091 430/3124
f 2355/1055 2357/2393 2375/2831 2373/3355
f 1815/2820 1796/818 1806/821 1831/3636
f 782/1354 845/1181 803/1184 735/1684
f 779/2487 773/749 829/3637 839/2589
f 2339/1054 2341/2391 2357/2393 2355/1055
f 2427/3018 2437/1468 2398/2051 2379/2055
f 1016/1558 1058/2715 1017/3638 990/2892
f 1524/1976 1516/2458 1459/3639 1468/1977
f 2699/2852 2708/1863 2702/1864 2693/2149
f 2596/1630 2599/1629 2581/2309 2578/2308
f 2539/2382 2540/1500 2522/542 2521/2373
f 2177/425 2178/1455 2118/262 2134/1526
f 1599/496 1589/499 1576/3149 1598/3059
f 1819/2431 1798/2520 1804/1637 1823/1636
f 2207/1454 2220/828 2200/591 2190/590
f 1925/2171 1907/3557 1919/2939 1942/2172
f 1162/3473 1178/2007 1152/2175 1137/2174
f 2189/3063 2205/130 2136/133 2135/3064
f 633/2576 582/2889 634/3069 685/2577
f 777/564 820/563 767/3538 738/785
f 186/3640 190/3641 175/3506 165/3154
f 2430/2746 2433/3642 2424/2448 2417/1938
f 1656/1772 1566/1212 1592/1215 1663/1833
f 1632/2325 1618/3643 1608/512 1610/1379
f 2564/3644 2546/2488 2548/2475 2566/1106
f 1527/3457 1522/1889 1571/2362 1577/2480
f 914/3135 881/3170 920/2751 949/2613
f 2639/1718 2630/1113 2632/178 2641/1719
f 1113/1226 1238/3579 1209/3645 1033/1587
f 2392/1803 2330/2253 2342/1216 2396/1391
f 1789/1414 1795/158 1774/161 1771/1415
f 2642/3150 2644/3534 2635/3370 2633/2927
f 2602/381 2584/1105 2586/1108 2604/2050
f 2099/3628 2128/2667 2119/2668 2091/3646
f 1379/3019 1444/2870 1409/2766 1367/2765
f 2423/2745 2425/3647 2433/3642 2430/2746
f 645/233 700/232 646/1750 581/2093
f 1539/2980 1576/3149 1565/3648 1521/3528
f 1794/1417 1775/1416 1777/819 1796/818
f 1196/508 1151/507 1184/1635 1234/1532
f 647/2942 687/3084 674/1990 635/2680
f 502/1078 433/90 547/2405 602/1079
f 863/773 830/2011 858/2010 896/774
f 292/1125 252/1480 263/1481 304/3087
f 1998/2026 2002/2550 1966/25 1956/2027
f 2383/2081 2391/2076 2329/2268 2320/2252
f 2214/424 2240/1453 2178/1455 2177/425
f 918/1779 982/1559 951/2893 884/191
f 1860/570 1844/804 1862/807 1878/571
f 402/344 540/3339 505/3338 354/2366
f 2662/1451 2677/1280 2646/1283 2640/1853
f 745/734 739/733 779/2487 785/2588
f 2768/3649 2776/3650 2767/3651 2763/3652
f 2640/1853 2646/1283 2623/573 2621/2106
f 710/3653 795/3654 718/3655 608/3656
f 1833/806 1800/1986 1810/1987 1846/2224
f 1230/1720 1190/2439 1223/2416 1250/1426
f 1678/2442 1654/2441 1666/763 1685/762
f 1791/3046 1803/3657 1786/2459 1780/1660
f 1394/2434 1393/3033 1439/3036 1440/3658
f 2336/797 2317/796 2326/3256 2337/3659
f 248/3247 253/2365 261/3660 245/3535
f 2249/3580 2260/2179 2210/1545 2183/1544
f 2337/3659 2326/3256 2339/3259 2353/3661
f 123/903 129/902 74/1088 72/3053
f 93/3143 159/3142 157/360 87/679
f 1589/499 1586/498 1533/3390 1569/3662
f 671/3663 804/3664 802/2258 760/3665
f 744/951 784/2113 772/2180 729/3666
f 1643/1247 1649/1246 1650/894 1644/893
f 1306/118 1270/117 1310/1001 1347/875
f 1001/1600 954/1599 974/1782 1021/2311
f 1126/595 1138/2989 1169/1737 1161/596
f 2058/3559 2057/3667 2046/3668 2047/3560
f 2487/904 2488/1924 2470/139 2469/138
f 1313/676 1319/3160 1281/1425 1280/677
f 2320/2252 2298/1674 2302/2353 2330/2253
f 1658/2681 1669/783 1637/3315 1593/38
f 737/688 685/2577 727/3438 771/2436
f 1498/3138 1432/3137 1486/3669 1525/3670
f 873/2955 903/2954 897/3431 868/3671
f 1351/729 1330/1285 1368/1956 1392/1955
f 2439/943 2444/942 2419/3672 2409/2698
f 175/3562 219/333 201/1717 150/3068
f 2086/602 2143/1472 2114/2790 2088/603
f 2243/329 2250/99 2257/3673 2253/330
f 1899/1321 1916/3071 1900/243 1881/242
f 1546/1771 1482/779 1493/1213 1566/1212
f 2147/2061 2160/1295 2167/1297 2158/3354
f 2172/3674 2152/3630 2153/1553 2174/1552
f 126/957 138/3155 75/2911 67/2239
f 1482/779 1427/778 1441/1534 1493/1213
f 809/3395 755/3394 791/3675 834/3676
f 1736/2711 1743/238 1719/241 1715/3317
f 1621/1378 1612/497 1603/2395 1610/1379
f 1731/2712 1736/2711 1715/3317 1711/3316
f 1098/2111 1164/2110 1132/1189 1055/430
f 2616/180 2598/1935 2600/3517 2618/3279
f 2710/2503 2711/3166 2717/3677 2720/3678
f 149/834 127/833 139/226 166/1884
f 1803/1475 1812/889 1793/892 1786/3454
f 229/1715 242/2162 168/1920 151/864
f 2032/3679 2031/3680 2030/3681 2029/2853
f 2644/3441 2652/1452 2637/1854 2635/2297
f 1682/293 1684/3113 1652/1570 1651/2491
f 1849/1502 1835/1501 1851/1569 1858/1568
f 2325/2883 2318/2548 2310/3108 2317/3682
f 1972/1229 1975/1404 1962/3683 1960/440
f 84/2000 82/3276 153/3275 154/2001
f 2765/2472 2739/60 2746/3684 2770/2473
f 415/3685 450/2534 441/3470 400/3686
f 983/377 911/607 958/84 1034/83
f 66/538 46/537 48/1161 68/1733
f 2740/2337 2747/3044 2729/2813 2722/2338
f 1999/2673 2003/2138 2002/2550 1998/2026
f 2260/2179 2268/1434 2245/186 2210/1545
f 2263/954 2267/581 2204/1591 2170/3509
f 2092/2135 2075/1185 2063/1188 2093/2375
f 2347/3687 2358/3688 2331/3689 2327/2547
f 1070/124 1068/2045 1007/2767 1018/125
f 2719/59 2683/3690 2687/3691 2728/3692
f 1352/1314 1361/2524 1319/3160 1313/676
f 2739/60 2719/59 2728/3692 2746/3684
f 2606/697 2588/2527 2590/2530 2608/698
f 248/3693 223/2461 221/2464 260/3694
f 1772/873 1759/3100 1766/702 1781/1933
f 2568/1107 2550/2476 2552/2516 2570/2528
f 2508/3695 2511/2350 2493/2352 2491/3696
f 1340/3322 1362/3697 1406/3034 1393/3033
f 45/1169 28/1168 35/2718 54/1964
f 2562/640 2565/639 2547/1663 2545/1662
f 1686/1512 1673/250 1676/253 1689/616
f 1856/1267 1870/3698 1850/3699 1840/1268
f 1869/1745 1849/3282 1858/3700 1877/1746
f 2211/189 2246/188 2132/926 2085/2137
f 2723/261 2720/260 2725/3326 2727/3325
f 1715/3317 1719/241 1698/2857 1694/2856
f 1110/2176 1127/1096 1069/2421 1036/2403
f 509/347 580/662 510/1645 459/348
f 2345/3701 2324/3002 2363/452 2380/451
f 242/2162 238/3702 176/1921 168/1920
f 2091/3646 2119/2668 2101/270 2082/269
f 1724/240 1726/2830 1709/1735 1704/3014
f 2687/618 2681/2614 2692/2159 2697/619
f 204/358 259/1048 258/2144 203/2596
f 1266/1995 1193/1994 1248/3544 1304/2749
f 840/30 770/3703 826/608 892/31
f 2372/945 2374/944 2356/1985 2354/960
f 192/901 182/900 271/2622 283/2625
f 622/1397 579/3550 663/2610 752/1398
f 2601/305 2603/2107 2585/2504 2583/306
f 1657/3362 1664/413 1601/416 1567/856
f 412/2283 448/1648 413/2914 378/2284
f 330/2281 317/2994 372/1564 371/2936
f 15/2560 14/2191 4/2194 5/2561
f 2169/1546 2211/189 2085/2137 2051/2672
f 314/3336 352/3376 377/1089 321/1322
f 1752/2710 1761/2119 1743/238 1736/2711
f 484/1981 427/3704 460/3222 534/1821
f 2077/3705 2053/3706 2044/1476 2067/3707
f 677/2359 726/2358 678/660 625/659
f 768/199 822/1814 788/1817 748/200
f 1293/2349 1318/2348 1362/2305 1340/3708
f 2116/185 2127/184 2129/630 2128/2667
f 659/48 649/47 692/755 696/754
f 2472/36 2454/35 2456/2492 2474/3488
f 2367/3709 2397/2923 2321/1433 2299/1432
f 2274/580 2289/1413 2278/2691 2229/1590
f 1216/886 1246/1708 1264/2982 1183/3365
f 1707/295 1683/294 1690/1832 1710/2587
f 1585/1578 1611/567 1598/3059 1556/1579
f 1971/2536 1959/3710 1962/3683 1975/1404
f 1443/3711 1505/3712 1444/2870 1379/3019
f 1930/389 1912/388 1925/2171 1951/2170
f 1135/378 1034/83 1091/86 1160/506
f 1173/171 1150/3195 1174/2438 1205/172
f 2438/2747 2430/2746 2417/1938 2428/1937
f 1817/805 1787/874 1800/1986 1833/806
f 398/989 393/988 455/2938 461/2207
f 104/2743 52/2742 59/2184 107/2183
f 866/562 928/3512 813/3713 820/563
f 1276/1721 1230/1720 1250/1426 1281/1425
f 2067/3707 2044/1476 2037/1479 2068/3714
f 250/854 131/3715 302/3101 297/855
f 1225/3716 1158/1293 1195/3156 1243/1811
f 1628/3461 1579/2114 1600/1242 1627/3621
f 1505/3712 1531/3361 1491/1537 1444/2870
f 2062/1279 2082/1278 2084/2778 2050/3159
f 1594/1900 1638/3717 1536/3718 1512/1901
f 698/3719 523/3720 546/3721 622/3722
f 542/164 735/1684 693/1686 521/3487
f 1155/3723 1145/3511 1251/1153 1262/1485
f 2019/997 2014/996 2018/3570 2025/3569
f 2361/3724 2345/3701 2380/451 2388/3584
f 202/3624 208/1134 153/1137 142/3625
f 1209/3725 1402/3726 1370/3727 1215/3728
f 993/2958 960/2612 986/1756 1007/2767
f 2055/2769 2069/604 2071/2320 2057/3373
f 2475/516 2477/600 2459/1448 2457/517
f 1862/807 1833/806 1846/2224 1880/2223
f 2309/1586 2337/1585 2353/3729 2351/3730
f 1192/2703 1207/2702 1395/1533 1369/1155
f 2491/3696 2493/2352 2475/516 2473/515
f 176/1921 182/900 123/903 114/1922
f 1353/3597 1405/3731 1424/1957 1368/1956
f 944/2705 967/2048 852/3732 897/3431
f 1341/2682 1367/2765 1323/1335 1297/1334
f 504/3096 554/876 555/314 491/313
f 312/2882 306/2279 349/987 358/986
f 1117/3733 1071/3164 1096/2865 1140/2864
f 727/2693 673/3734 703/3735 762/2694
f 421/2292 458/346 418/349 389/2717
f 1693/765 1675/764 1680/3175 1696/2591
f 2547/1663 2549/2595 2531/3194 2529/1664
f 2294/1239 2261/102 2269/888 2303/887
f 874/1260 800/3736 936/3264 1057/1261
f 376/410 380/3272 440/735 439/411
f 1864/2225 1825/2645 1837/2646 1875/3737
f 2008/929 2012/928 2009/1444 2006/2549
f 1220/1265 1247/3319 1212/3738 1189/1094
f 1406/2307 1425/1145 1454/1144 1448/3739
f 1992/691 1940/1076 1949/3393 1996/692
f 152/1683 107/1682 115/2400 169/2399
f 2510/2737 2492/2973 2494/1002 2512/167
f 2161/1372 2168/3122 2193/3740 2209/2201
f 2010/3595 2007/3594 2011/995 2015/994
f 1161/596 1169/1737 1198/1739 1185/1751
f 1303/3741 1287/2730 1339/2432 1353/3295
f 2051/2672 2085/2137 2003/2138 1999/2673
f 2234/547 2199/530 2216/2099 2259/3742
f 41/1394 17/1393 21/3743 50/3744
f 2694/2167 2696/465 2674/1294 2666/2168
f 418/349 459/348 412/2283 366/2282
f 134/673 110/1963 111/1436 135/3377
f 2356/373 2347/3687 2327/2547 2340/374
f 608/1804 451/342 487/301 717/300
f 1419/1621 1443/3711 1379/3019 1355/1622
f 324/3745 304/3087 326/2656 357/2655
f 118/958 126/957 67/2239 60/1886
f 527/550 511/1069 585/1072 584/551
f 1995/2674 1999/2673 1998/2026 1994/2025
f 2414/18 2426/2653 2393/2699 2366/19
f 1770/934 1773/2521 1741/2346 1740/2345
f 2637/1854 2640/1853 2621/2106 2619/2298
f 2457/517 2459/1448 2426/2653 2414/18
f 1414/1146 1392/1955 1438/1958 1453/2262
f 2117/2332 2098/2331 2100/2134 2130/2133
f 1277/3746 1314/2794 1259/1574 1218/3747
f 1751/3304 1734/2841 1739/3748 1759/3749
f 1890/2967 1908/3622 1905/3180 1885/2968
f 692/755 670/650 709/2445 731/756
f 1070/3750 1061/3458 1094/2816 1128/2815
f 1771/1415 1750/1583 1754/1349 1775/1416
f 2717/3589 2695/3588 2703/3751 2726/3752
f 2321/1433 2349/2925 2288/1163 2276/1162
f 452/3753 492/162 425/165 353/3754
f 560/3078 625/659 580/662 509/347
f 839/223 829/2222 863/773 867/224
f 1179/2867 1149/2866 1200/3755 1221/3133
f 2087/1385 2059/1384 2090/3756 2113/3757
f 2368/24 2290/23 2296/2770 2394/2757
f 1894/2226 1864/2225 1875/3737 1909/3758
f 1576/3149 1589/499 1569/3662 1565/3648
f 1528/759 1496/3501 1466/812 1465/760
f 1391/476 1349/475 1374/730 1412/324
f 445/2937 446/1567 511/1069 527/550
f 185/3759 179/3760 148/956 147/955
f 299/2115 270/2880 312/2882 337/479
f 1842/3761 1831/3762 1844/3763 1860/3764
f 1076/2215 1116/2558 1049/2123 1012/2216
f 481/3765 716/3766 844/1329 480/1328
f 2609/2755 2611/1286 2593/1287 2591/583
f 2646/1283 2658/1282 2625/574 2623/573
f 2344/3450 2367/3709 2299/1432 2293/2178
f 2679/1450 2689/3529 2677/1280 2662/1451
f 1146/1225 1252/1358 1238/3579 1113/1226
f 235/1519 164/2147 171/1954 239/1953
f 311/1126 292/1125 304/3087 324/3745
f 2192/3313 2203/3767 2226/100 2218/1197
f 16/2563 6/2562 7/3433 19/3389
f 623/2652 677/2359 625/659 560/3078
f 2541/1343 2523/2453 2525/1601 2543/1730
f 742/3768 797/3769 650/3770 732/3771
f 876/817 824/816 898/1786 970/1785
f 2465/461 2467/460 2449/2617 2447/3298
f 598/877 640/648 631/651 593/878
f 2185/3772 2172/3773 2174/2908 2186/2907
f 574/3121 563/315 607/46 620/45
f 803/1184 878/1183 846/190 765/1685
f 200/3476 188/1408 226/1411 251/1124
f 1171/2564 1140/2864 1179/2867 1208/3132
f 272/2412 350/1710 345/1709 273/2413
f 2140/1527 2134/1526 2096/1201 2126/1200
f 577/3620 493/1706 599/1561 683/1850
f 2582/2343 2564/3644 2566/1106 2584/1105
f 2527/1665 2529/1664 2511/2350 2508/3695
f 68/1733 48/1161 56/2897 76/913
f 500/3774 533/3775 546/3721 476/3776
f 1785/471 1760/2199 1765/2781 1792/472
f 1753/703 1725/1008 1732/1011 1760/2199
f 2054/2004 2094/1470 2086/602 2038/601
f 2206/548 2234/547 2259/3742 2233/653
f 2133/3777 2113/401 2155/404 2164/3583
f 2676/2727 2684/3599 2669/1691 2660/2728
f 1214/1456 1136/3778 1093/3779 1122/3780
f 1460/2833 1469/545 1404/2523 1400/2522
f 223/3537 224/3536 179/3760 185/3759
f 1249/3781 1221/2729 1287/2730 1303/3741
f 57/3112 71/1860 32/1862 25/3435
f 2195/3102 2163/3224 2196/2566 2227/2565
f 1907/1819 1904/1818 1921/2078 1919/2077
f 1991/3782 1995/2674 1994/2025 1989/3783
f 2791/3784 2794/3785 2774/700 2772/2064
f 447/1980 392/3786 427/3704 484/1981
f 22/1167 15/2560 16/2563 28/1168
f 62/2979 41/1394 50/3744 70/3500
f 1229/3331 1208/3132 1249/3134 1285/1284
f 641/1490 660/1489 550/2285 540/3339
f 411/3091 357/3090 392/3786 447/1980
f 1334/2433 1340/3322 1393/3033 1394/2434
f 442/3273 430/3124 503/3125 518/3330
f 521/3487 693/1686 643/1769 489/1843
f 457/3490 417/3498 420/3787 476/3788
f 1240/1178 1181/296 1241/299 1296/3048
f 2583/306 2585/2504 2567/2505 2565/639
f 1897/3516 1877/3009 1893/387 1911/386
f 2659/1482 2656/1336 2664/1339 2668/3400
f 2709/58 2675/793 2683/3690 2719/59
f 2093/2375 2063/1188 2064/3118 2083/2376
f 1584/177 1619/176 1585/1578 1555/737
f 433/90 414/89 490/2208 547/2405
f 172/747 135/3377 136/1801 173/1800
f 334/2863 387/2293 335/2716 286/3041
f 307/3789 338/3790 351/2636 300/3791
f 1148/1596 1115/593 1161/596 1185/1751
f 1769/1792 1738/1791 1741/2346 1773/2521
f 420/3792 365/3407 388/3088 432/975
f 729/3666 772/2180 764/3411 715/2598
f 2327/2547 2331/3689 2314/80 2311/79
f 2171/1419 2185/3772 2186/2907 2173/1420
f 1582/3793 1574/2917 1618/2920 1640/3794
f 2529/1664 2531/3194 2513/2351 2511/2350
f 1719/241 1724/240 1704/3014 1698/2857
f 184/2502 185/3759 147/955 146/2676
f 837/2590 841/3425 786/3368 785/2588
f 1838/1474 1847/2861 1820/890 1812/889
f 922/1540 917/2256 1015/1515 1023/1514
f 1568/556 1613/2735 1622/1947 1587/3254
f 841/3425 843/3424 789/3504 786/3368
f 1920/3623 1937/3447 1939/3448 1922/3225
f 1829/1625 1815/2820 1831/3636 1842/3357
f 2542/1342 2545/2675 2527/3523 2524/2452
f 2526/1603 2509/1172 2510/1175 2528/2678
f 1704/3014 1709/1735 1687/780 1679/3015
f 1096/2865 1072/3165 1123/3795 1149/2866
f 2738/838 2742/3796 2716/3797 2708/839
f 912/973 939/972 880/519 861/1689
f 1513/450 1506/449 1554/510 1553/509
f 2173/1420 2186/2907 2188/1220 2175/718
f 417/3498 356/3497 365/3635 420/3787
f 2049/2319 2040/2318 2032/1701 2042/1700
f 1540/3283 1527/3457 1577/2480 1591/2872
f 1189/1094 1212/3738 1172/3629 1154/1095
f 1112/3308 1074/2606 1121/2609 1145/3309
f 2261/102 2251/101 2264/2551 2269/888
f 1175/438 1176/437 1144/2371 1143/2370
f 2176/1555 2142/1554 2154/3031 2198/3421
f 1808/1303 1816/1302 1797/159 1795/158
f 212/3591 210/3251 274/3252 275/2731
f 1726/2830 1733/2829 1713/1736 1709/1735
f 212/681 214/392 160/393 158/682
f 2258/3343 2215/3342 2207/3798 2240/3799
f 475/3081 346/2363 354/2366 505/3338
f 269/1158 244/624 249/2860 285/853
f 1742/1584 1727/946 1729/1042 1745/1350
f 499/3800 632/637 621/163 492/162
f 2440/2836 2431/3530 2442/1467 2445/1466
f 1630/1428 1581/3360 1631/3176 1659/1429
f 1509/1170 1559/1243 1535/1978 1487/1171
f 276/1462 310/2733 314/3336 277/1463
f 1629/2158 1543/1649 1580/1652 1654/2441
f 1660/2797 1665/3801 1583/3802 1561/2798
f 662/2708 713/2707 653/2643 601/2642
f 1888/2639 1902/2014 1883/2661 1870/2640
f 2653/2425 2671/2424 2667/2233 2648/2232
f 1133/3307 1155/3198 1146/1225 1111/1224
f 2228/1880 2107/2878 2149/2947 2256/1881
f 1492/1859 1464/627 1527/3457 1540/3283
f 1079/2685 1021/2311 1106/1829 1144/2371
f 819/209 848/208 792/2959 756/1748
f 1810/1987 1788/1344 1802/470 1825/2645
f 2535/3626 2537/3114 2519/2372 2517/3126
f 2338/375 2340/374 2318/2548 2325/2883
f 145/2677 146/2676 117/2899 108/2415
f 1799/891 1804/1637 1773/2521 1770/934
f 1504/3803 1443/3711 1419/1621 1512/3804
f 1391/476 1412/324 1459/327 1458/626
f 1246/1708 1300/3805 1331/3239 1258/3240
f 463/3806 464/1824 481/1827 480/3807
f 907/1374 959/1377 977/514 926/513
f 1635/1932 1647/1931 1648/3808 1627/3621
f 1097/3809 1119/1099 1150/3195 1123/3810
f 957/1807 925/1806 997/2966 1010/3811
f 663/2610 720/2611 770/3703 752/1398
f 1017/3638 1058/2715 1100/66 1059/65
f 1300/3805 1294/1707 1387/3812 1331/3239
f 1047/2500 1120/2499 1124/2108 1098/2111
f 1136/3778 1214/1456 1197/1521 1162/3473
f 1116/3813 1136/3778 1162/3473 1137/2174
f 2023/2085 2030/3681 2033/3814 2027/2086
f 182/3815 176/3816 238/3056 271/3055
f 101/3817 121/3067 102/3111 77/3110
f 916/1775 787/1774 994/3818 968/3819
f 551/3820 532/3821 698/1396 815/2068
f 1078/1100 1119/1099 1097/3809 1073/2127
f 883/3822 859/3823 955/3824 956/3825
f 551/3826 815/3827 804/3828 530/3829
f 2105/3830 2104/3831 2124/1366 2138/2896
f 1269/1812 1305/1837 1346/1960 1324/1813
f 704/1991 787/1774 728/3832 695/1992
f 216/1016 278/2181 279/2182 280/1017
f 657/3241 667/257 706/3292 690/3833
f 468/2291 559/2644 501/3079 458/346
f 2184/3834 2230/1912 2212/3378 2187/3835
f 817/2357 753/2356 832/3278 860/1809
f 1062/2303 1053/2302 1073/3836 1097/3837
f 639/2154 657/3241 690/3833 697/724
f 343/1845 456/1844 426/2039 386/2862
f 1596/3838 1665/287 1668/252 1602/3839
f 1595/3840 1602/3841 1668/3842 1640/3843
f 1135/378 1166/3047 1158/1293 1090/376
f 1431/939 1498/3138 1529/3844 1497/3845
f 1086/1319 1168/1318 1165/3846 1114/2713
f 935/3847 975/3287 1031/811 950/3848
f 790/231 833/3849 855/206 819/209
f 1443/3711 1504/3803 1536/3850 1505/3712
f 834/1581 791/689 835/2437 856/1582
f 2108/2244 2076/3526 2150/3851 2151/2245
f 432/3852 500/3774 476/3776 420/3853
f 931/29 991/32 1044/1292 938/1387
f 1253/481 1288/480 1450/3854 1418/3855
f 1531/3361 1505/3712 1562/3856 1545/2418
f 1258/3240 1289/753 1277/2916 1264/2982
f 1123/3795 1150/3857 1173/3858 1149/2866
f 1582/3359 1662/3859 1640/2324 1595/2323
f 1072/3165 1062/2303 1097/3837 1123/3795
f 520/3860 532/3821 543/3861 531/3862
f 929/3288 975/3287 935/3847 902/2189
f 763/950 728/3832 787/1774 810/2112
f 725/1794 733/3863 741/3864 732/1793
f 967/2048 1030/2128 1053/3865 1042/3866
f 1302/3867 1315/3524 1342/3604 1307/3868
f 627/661 678/660 721/910 654/912
f 441/3470 486/2033 472/2036 424/3869
f 506/3870 520/3871 531/3872 530/3873
f 682/2909 798/3874 800/303 642/302
f 809/3395 849/3875 847/3876 783/2629
f 507/3877 523/3720 698/3719 532/3878
f 726/2358 817/2357 818/3879 721/910
f 741/3864 749/3880 742/3881 732/1793
f 498/1688 577/3620 576/3543 541/212
f 2125/3555 2152/3630 2150/3882 2077/3556
f 1378/1025 1407/936 1462/3883 1354/1022
f 95/2843 70/3884 98/1593 112/1592
f 254/3437 245/3617 261/3885 303/3532
f 720/2611 806/605 826/608 770/3703
f 452/3080 475/3081 497/3337 499/3886
f 966/2287 978/2126 1005/2125 1006/3029
f 754/230 812/911 833/3849 790/231
f 238/3887 242/3888 288/3889 234/3890
f 261/3885 220/3891 384/3892 364/1842
f 1213/3893 1239/3894 1333/3895 1207/3896
f 300/3897 352/3376 310/2733 307/2732
f 338/3790 345/3898 379/2637 351/2636
f 998/2142 1122/3598 1045/3899 992/2195
f 506/3900 522/3901 523/3720 507/3877
f 961/3902 950/3848 1031/811 1032/810
f 405/87 433/90 422/2342 316/3903
f 506/3870 530/3873 652/1563 522/3489
f 1180/3042 1217/3904 1224/3905 1202/3043
f 904/1492 953/1491 929/3288 870/3005
f 2407/3906 2421/2687 2410/2688 2387/3907
f 924/1787 899/2868 938/1387 996/1386
f 2027/2671 2033/2469 2050/3159 2051/2672
f 261/3885 364/1842 343/1845 303/3532
f 1534/758 1565/3335 1569/2964 1528/759
f 1523/2965 1496/3501 1528/759 1569/2964
f 760/3908 802/3909 824/3910 776/1851
f 497/3337 556/1825 564/3911 499/3886
f 1295/3912 1320/1395 1386/3913 1288/3914
f 1946/3915 1960/440 1962/3683 1952/3916
f 930/1781 945/3917 1032/810 974/1782
f 821/2763 881/3170 827/3169 762/3918
f 877/2259 899/3919 924/3920 898/2260
f 1168/1318 1157/714 1203/1431 1218/3921
f 695/1992 728/3832 723/949 680/1469
f 576/3922 577/3923 683/3924 676/3925
f 1129/3038 1172/3629 1256/3608 1141/2394
f 288/2218 328/2950 367/2915 234/3926
f 1625/2873 1626/2482 1648/3927 1633/2874
f 1945/3928 1952/3916 1962/3683 1959/3710
f 752/1398 770/3703 840/30 805/1399
f 431/3486 425/165 542/164 521/3487
f 544/2811 522/3489 652/1563 558/1562
f 901/1808 957/1807 984/2141 933/2140
f 1263/885 1430/3483 1455/3929 1294/1707
f 690/3833 706/3292 746/3603 740/721
f 463/3930 466/3931 465/2975 464/2978
f 1338/3932 1375/3452 1344/1313 1311/675
f 424/3933 472/3934 473/3094 401/3136
f 2083/3935 2103/1367 2124/1366 2104/3831
f 1/3936 89/1235 90/1234 91/1722
f 997/2966 971/2096 1017/3638 1059/65
f 823/2255 831/814 947/3242 917/2256
f 131/3937 233/3938 199/3939 207/3940
f 1236/3426 1229/3331 1285/1284 1284/999
f 1646/3286 1633/3941 1648/3942 1645/1245
f 1454/1144 1472/1143 1510/3943 1448/3739
f 1308/3944 1338/3932 1311/675 1279/678
f 2224/3945 2248/3946 2244/3947
f 2244/3947 2248/3946 2254/3948
f 552/1646 627/661 654/912
f 1619/3949 1665/3950 1639/3951
f 818/3952 854/3953 885/3954
f 736/1098 809/3395 783/2629
f 2133/3777 2164/3583 2184/3955
f 774/3956 942/2764 821/2763
f 1333/3895 1417/3957 1395/3958
f 1/3936 91/1722 92/1725
f 2768/3959 2801/3960 2776/3189
f 1504/3961 1512/1901 1536/3718
f 2753/3962 2759/3963 2756/3964
f 1/3965 32/1862 42/1861
f 2140/1527 2184/3966 2187/426
f 1/3936 92/1725 93/3143
f 1099/3967 1177/3968 1159/3969
f 717/300 800/303 796/3093
f 614/2217 616/2155 697/724
f 1217/1176 1320/1395 1224/3970
f 1125/3971 1183/3972 1156/3973
f 2407/3906 2432/3293 2421/2687
f 288/2218 298/267 328/2950
f 1396/751 1475/3974 1419/1621
f 1/3975 3/2193 2/3485
f 1282/3976 1315/3524 1302/3867
f 1937/441 1960/440 1946/3915
f 1183/3365 1264/2982 1254/3977
f 2750/3978 2801/3979 2752/3980
f 2752/3980 2801/3979 2754/3981
f 2778/701 2799/3206 2800/3982
f 1342/3604 1359/1678 1398/3086
f 1417/3983 1418/3855 1450/3854
f 1315/3524 1326/3197 1342/3604
f 1481/94 1488/93 1510/3984
f 2757/3985 2764/3986 2762/3987
f 787/1774 813/3083 994/3818
f 1/3936 81/1232 79/1231
f 2776/3189 2801/3960 2781/3190
f 1342/3988 1398/3432 1343/2900
f 741/3989 758/397 749/400
f 1044/3990 1177/3968 1099/3967
f 932/3105 990/3104 1017/3991
f 703/3025 821/2763 762/3918
f 402/344 467/343 540/3339
f 1615/3415 1617/3992 1648/3927
f 1/3936 87/679 85/641
f 796/2904 800/3993 874/2905
f 578/3994 661/97 712/2579
f 2787/3995 2801/3996 2790/3997
f 1/3998 80/3999 82/4000
f 614/2217 697/724 630/898
f 2782/320 2785/323 2801/4001
f 1373/4002 1426/2103 1380/1742
f 1/3975 2/3485 10/2021
f 507/3877 532/3878 520/4003
f 1275/741 1302/1457 1307/742
f 1596/4004 1639/3951 1665/3950
f 780/4005 799/4006 869/3606
f 1/4007 43/4008 38/4009
f 1030/2128 1073/2127 1053/3865
f 843/4010 868/4011 852/4012
f 300/4013 400/3686 424/3869
f 1158/1293 1166/3047 1195/3156
f 316/3221 336/4014 392/4015
f 2794/3785 2801/4016 2795/4017
f 1596/4004 1641/4018 1639/3951
f 1023/1514 1081/1517 1207/4019
f 1/3975 9/1020 8/1019
f 1224/483 1295/4020 1288/480
f 422/2342 433/90 502/1078
f 1192/2703 1369/1155 1233/1154
f 1505/3712 1536/3850 1562/3856
f 131/4021 240/967 302/966
f 694/2628 783/2629 808/4022
f 1038/3208 1077/4023 1041/2501
f 2150/3882 2152/3630 2172/3674
f 889/2009 909/3246 950/4024
f 992/4025 1045/2467 1027/2466
f 1/3936 73/1121 65/1120
f 1429/2023 1455/62 1430/4026
f 674/1990 687/3084 704/1991
f 813/3713 928/3512 994/4027
f 2759/3963 2760/2808 2761/4028
f 1363/750 1475/3974 1396/751
f 220/4029 353/1348 384/1347
f 2164/3583 2213/652 2184/3955
f 710/3653 794/4030 795/3654
f 2294/1797 2332/4031 2315/1798
f 2781/4032 2801/4033 2783/4034
f 1014/4035 1215/3728 1082/3484
f 463/4036 480/1328 482/1331
f 2780/1965 2782/320 2801/4001
f 2168/4037 2203/2812 2194/15
f 468/2291 578/3994 601/2642
f 1207/3896 1333/3895 1395/3958
f 792/2959 848/208 836/561
f 1442/4038 1485/4039 1450/4040
f 2757/4041 2801/4042 2764/4043
f 2761/4044 2766/4045 2801/4046
f 1/3965 20/1290 25/3435
f 566/3223 694/3297 626/1822
f 974/1782 1032/810 1064/809
f 530/4047 543/4048 551/4049
f 1451/4050 1455/62 1489/61
f 108/2415 132/2414 145/2677
f 2407/4051 2422/114 2432/1381
f 410/4052 545/4053 578/4054
f 821/2763 920/2751 881/3170
f 2407/4051 2411/111 2422/114
f 2377/2237 2385/2236 2384/4055
f 1424/1957 1510/4056 1438/1958
f 1618/3643 1632/2325 1640/2324
f 687/3084 787/1774 704/1991
f 300/3791 351/2636 400/2635
f 1026/363 1156/1430 1085/713
f 421/2292 468/2291 458/346
f 336/4057 422/4058 460/4059
f 723/949 728/3832 763/950
f 808/4060 847/4061 907/4062
f 827/3169 865/3066 835/2437
f 2359/108 2386/504 2378/109
f 809/4063 834/1581 849/1580
f 1294/1707 1455/3929 1387/3812
f 896/774 945/2886 908/775
f 1256/4064 1426/4065 1308/4066
f 2795/4017 2801/4016 2797/3205
f 1081/4067 1213/4068 1207/4069
f 2797/3205 2801/4016 2799/3206
f 2052/1013 2053/1012 2150/4070
f 812/1690 818/4071 861/1689
f 1/3936 83/643 81/1232
f 2053/1012 2077/4072 2150/4070
f 1497/3845 1529/3844 1503/4073
f 1256/3608 1308/3944 1279/678
f 2064/4074 2103/1367 2083/3935
f 917/2256 947/3242 1015/1515
f 1475/3974 1489/3244 1512/3804
f 476/3776 546/3721 523/3720
f 2168/3122 2195/3123 2203/4075
f 488/390 498/1688 541/212
f 1472/1143 1481/2073 1510/3943
f 767/3538 820/563 813/3713
f 1387/3812 1455/3929 1451/3243
f 1413/44 1459/1306 1437/41
f 816/4076 825/4077 906/3106
f 787/1774 851/1773 810/2112
f 1/3998 82/4000 84/4078
f 2753/4079 2756/4080 2801/4081
f 488/390 541/212 529/196
f 1/3975 4/2194 3/2193
f 400/3686 441/3470 424/3869
f 2732/985 2759/1898 2753/4079
f 743/4082 801/1539 750/1538
f 1/3965 64/3054 72/3053
f 2388/3584 2411/111 2407/4051
f 1/3975 5/2561 4/2194
f 2764/4083 2801/3960 2768/3959
f 2799/3206 2801/4016 2800/3982
f 1100/66 1147/2714 1182/63
f 316/3221 392/4015 347/4084
f 578/3994 662/2708 601/2642
f 1307/742 1342/3988 1309/2312
f 852/3732 868/3671 897/3431
f 1044/4085 1158/4086 1177/4087
f 2754/4088 2757/4089 2762/4090
f 710/3092 796/3093 794/4091
f 2750/2130 2751/2132 2801/4081
f 776/815 831/814 781/3271
f 2150/4092 2185/3772 2171/1419
f 2360/2328 2407/4093 2387/2327
f 817/4094 854/3953 818/3952
f 1180/2276 1186/1177 1217/1176
f 1/3975 12/2020 20/4095
f 2783/4096 2801/3996 2787/3995
f 1364/2355 1421/861 1389/492
f 225/1255 254/3437 227/1256
f 336/4097 460/3222 427/3704
f 1122/4098 1390/4099 1214/4100
f 1453/2262 1510/4056 1471/2263
f 460/3222 524/4101 566/3223
f 1177/4102 1225/4103 1193/4104
f 771/2436 827/3169 835/2437
f 678/660 726/2358 721/910
f 629/897 688/899 636/1950
f 1246/1708 1294/1707 1300/3805
f 1/4007 52/4105 43/4008
f 957/1807 1010/3811 984/2141
f 774/4106 852/3732 967/2048
f 660/1489 780/1488 716/1826
f 682/2909 797/2910 798/3874
f 1530/1929 1560/1928 1550/4107
f 220/4108 253/2365 353/2364
f 1648/3942 1650/894 1649/1246
f 1283/739 1307/742 1309/2312
f 457/4109 476/3776 523/3720
f 751/2706 816/4110 811/2960
f 465/2975 466/3931 564/2976
f 1439/3036 1510/4111 1440/3658
f 1354/4112 1462/4113 1485/4114
f 1369/1155 1395/1533 1384/1156
f 1081/1517 1239/2618 1213/4115
f 530/4116 531/4117 543/4118
f 386/2862 426/2039 404/2290
f 467/343 641/1490 540/3339
f 1375/3452 1422/813 1436/2832
f 1282/3976 1302/3867 1390/4119
f 1/3975 11/1067 9/1020
f 818/4071 912/973 861/1689
f 187/3474 200/3476 207/1878
f 1010/3811 1059/65 1101/64
f 530/3829 804/3828 652/4120
f 303/3532 343/1845 386/2862
f 566/2344 644/1097 694/2628
f 733/217 801/216 743/4121
f 1/3975 26/4122 21/3743
f 1156/1430 1254/4123 1203/1431
f 887/4124 919/4125 895/4126
f 1386/3913 1442/4038 1450/4040
f 964/970 998/4127 992/971
f 843/3424 873/2955 868/3671
f 928/4128 1041/4129 994/4130
f 404/4131 426/4132 410/4133
f 1640/4134 1668/252 1662/251
f 816/4076 906/3106 932/3105
f 741/4135 743/4082 750/1538
f 936/3264 989/4136 1074/3265
f 1268/2277 1272/962 1301/965
f 1363/750 1489/3244 1475/3974
f 454/1777 522/3489 483/1778
f 578/3994 712/2579 662/2708
f 234/4137 396/4138 348/3128
f 836/561 848/208 895/2289
f 741/4135 750/1538 758/1541
f 2358/2304 2377/2237 2384/4055
f 508/4139 565/4140 579/4141
f 2788/4142 2789/4143 2792/4144
f 1158/4145 1225/4146 1177/4147
f 234/4137 348/3128 313/3131
f 463/4148 474/984 466/2777
f 2796/2163 2798/2165 2801/4016
f 1471/3303 1510/3984 1488/93
f 1225/3716 1243/1811 1290/1810
f 984/2141 1010/3811 1101/64
f 1545/2418 1562/3856 1561/2419
f 811/4149 816/4150 864/4151
f 1438/4152 1510/4153 1453/4154
f 919/2286 978/2126 966/2287
f 697/4155 852/4156 774/4157
f 2184/3834 2231/1909 2230/1912
f 274/4158 338/3790 307/3789
f 712/4159 769/4160 816/4161
f 1/3975 7/3433 6/2562
f 721/4162 818/4163 812/4164
f 1182/2278 1268/2277 1282/3976
f 1225/4103 1290/4165 1248/4166
f 1/3936 88/1272 89/1235
f 848/208 887/207 895/2289
f 1/3965 51/2952 58/2951
f 1156/3973 1183/3972 1254/4167
f 1/3975 21/3743 17/1393
f 968/4168 994/4169 1047/4170
f 1288/4171 1386/4172 1450/4173
f 2150/4092 2172/3773 2185/3772
f 2250/4174 2287/1796 2257/2825
f 1286/2427 1317/4175 1426/2428
f 1338/4176 1426/4177 1373/4178
f 997/2966 1059/65 1010/3811
f 1/3936 65/1120 59/2184
f 1/3965 25/3435 32/1862
f 2792/2605 2793/4179 2801/4016
f 1338/3932 1373/370 1375/3452
f 2762/3987 2764/3986 2763/3652
f 1159/4180 1177/4102 1193/4104
f 2224/1373 2225/2200 2248/4181
f 316/3903 422/2342 336/4182
f 1101/64 1182/63 1390/4183
f 616/2155 639/2154 697/724
f 234/3926 367/2915 396/2842
f 1614/4184 1648/4185 1626/4186
f 722/72 767/3538 813/3713
f 1/3975 10/2021 12/2020
f 795/2922 875/2921 799/4187
f 2020/1614 2103/1367 2064/4074
f 1/3998 84/4078 86/4188
f 452/3753 499/3800 492/162
f 1/3975 6/2562 5/2561
f 1197/1521 1214/1456 1235/1271
f 1101/64 1390/4183 1122/3598
f 131/4189 207/1878 240/1877
f 2788/2105 2792/4190 2801/4001
f 1026/4191 1125/3971 1156/3973
f 688/899 697/724 774/4192
f 1647/1931 1650/4193 1648/3808
f 1401/2435 1510/4111 1405/3296
f 1407/3565 1503/3564 1462/4194
f 1172/3629 1212/3738 1256/3608
f 1193/4104 1225/4103 1248/4166
f 2051/2672 2084/2778 2169/1546
f 316/3903 329/2116 368/478
f 733/3863 743/4195 741/3864
f 2754/4196 2801/4042 2757/4041
f 908/775 945/2886 930/1734
f 2793/4197 2796/4198 2801/4199
f 131/3715 250/854 233/3329
f 1645/1245 1648/3942 1649/1246
f 546/3721 579/4200 622/3722
f 1370/3727 1402/3726 1429/3482
f 483/1778 522/3489 544/2811
f 2732/985 2753/4079 2751/2132
f 1268/2277 1315/3524 1282/3976
f 718/1805 795/4201 799/1487
f 444/3499 457/3490 454/1777
f 712/2579 816/4110 751/2706
f 410/4133 426/4132 545/4202
f 289/1971 329/2116 316/3903
f 422/2342 524/2341 460/4203
f 545/2038 600/98 578/3994
f 533/3775 579/4200 546/3721
f 1308/3944 1426/4204 1338/3932
f 1394/2434 1510/4111 1401/2435
f 804/3664 899/3919 877/2259
f 2771/4205 2796/4198 2793/4197
f 1182/2278 1282/3976 1390/4119
f 2195/3102 2226/100 2203/3767
f 1389/492 1421/861 1479/1836
f 2350/4206 2361/4207 2407/4208
f 799/4006 910/3607 869/3606
f 97/3049 150/3507 101/3050
f 1561/4209 1583/4210 1563/4211
f 2361/4207 2388/4212 2407/4208
f 309/3218 316/3221 347/4084
f 1498/3138 1550/4213 1529/3844
f 994/4130 1041/4129 1047/4214
f 2733/2185 2754/4215 2762/3592
f 694/4216 808/4217 807/4218
f 1/3975 13/1304 11/1067
f 1331/3239 1387/3812 1451/3243
f 1936/4219 1945/3928 1959/3710
f 2756/3964 2759/3963 2761/4028
f 1551/4220 1582/4221 1560/4222
f 2052/3525 2150/3851 2076/3526
f 789/3504 843/3424 852/3732
f 300/4013 424/3869 401/4223
f 220/4224 261/4225 253/4226
f 2150/4092 2171/1419 2151/1418
f 910/2485 1065/3417 969/4227
f 775/3268 823/2255 801/1539
f 2760/2808 2766/2807 2761/4028
f 716/1826 780/1488 869/1856
f 1/3975 17/1393 13/1304
f 967/2048 1042/3866 1020/2049
f 1439/4228 1448/3739 1510/3943
f 969/104 1065/1227 1024/105
f 888/2190 902/2189 935/3847
f 1215/3728 1370/3727 1245/3481
f 578/3994 600/98 661/97
f 1/3936 79/1231 73/1121
f 364/1842 384/3892 431/3486
f 847/1375 849/1580 893/1376
f 1/3965 42/1861 51/2952
f 1005/4229 1036/308 1006/311
f 2798/4230 2800/4231 2801/4232
f 816/4150 932/4233 864/4151
f 636/1950 688/899 664/924
f 1583/174 1596/3120 1639/175
f 967/2048 988/2704 1030/2128
f 802/2258 804/3664 877/2259
f 932/2095 1017/3638 971/2096
f 2303/887 2386/504 2359/108
f 475/3081 505/3338 497/3337
f 769/4160 825/4234 816/4161
f 1614/2481 1615/3415 1648/3927
f 1320/1395 1442/4038 1386/3913
f 1149/2866 1173/3858 1200/3755
f 2184/3955 2213/652 2231/654
f 109/1907 133/672 125/1908
f 2766/4235 2775/2471 2801/4081
f 2756/4080 2761/4236 2801/4081
f 1316/1362 1348/495 1350/4237
f 2350/1952 2407/4238 2360/1951
f 818/3952 885/3954 912/4239
f 2763/3652 2764/3986 2768/3649
f 599/1561 671/1560 760/3908
f 1525/2044 1530/1929 1550/4107
f 1377/3382 1385/4240 1402/3383
f 1529/4241 1550/4107 1560/1928
f 1162/3473 1197/1521 1204/1520
f 945/4242 961/4243 1032/4244
f 234/4245 313/3057 238/3056
f 1/3965 72/3053 74/1088
f 1242/1656 1272/962 1268/2277
f 1212/3738 1247/3319 1256/3608
f 2774/700 2795/4017 2797/3205
f 1239/3894 1417/3957 1333/3895
f 1/4007 38/4009 26/4246
f 1394/2434 1440/3658 1510/4111
f 1/3965 78/981 80/980
f 761/2961 811/2960 832/3278
f 310/2733 352/3376 314/3336
f 336/4014 427/4247 392/4015
f 688/4248 774/4249 821/4250
f 101/3817 150/3068 121/3067
f 499/3800 564/638 632/637
f 1165/1658 1168/3146 1210/1655
f 1405/3731 1510/4056 1424/1957
f 1312/2296 1361/2524 1404/2523
f 497/3337 550/2285 556/1825
f 2775/2471 2780/2474 2801/4081
f 1224/3970 1320/1395 1295/3912
f 1214/1456 1390/4251 1302/1457
f 1/3965 74/1088 78/981
f 200/3476 251/1124 207/1878
f 806/605 807/2367 879/606
f 2050/3159 2084/2778 2051/2672
f 1/3998 86/4188 88/4252
f 463/4148 482/982 474/984
f 1/3975 8/1019 7/3433
f 237/1970 270/2880 299/2115
f 300/3897 401/3136 352/3376
f 1/3936 93/3143 87/679
f 1/3936 85/641 83/643
f 2021/1967 2239/2898 2025/3423
f 2020/1614 2064/4074 2043/2854
f 1536/3850 1561/2419 1562/3856
f 274/3252 307/2732 275/2731
f 1245/3481 1370/3727 1429/3482
f 2778/4253 2800/4231 2798/4230
f 1246/1708 1258/3240 1264/2982
f 1419/1621 1475/3974 1512/3804
f 1045/3899 1122/3598 1093/4254
f 975/3287 1063/808 1031/811
f 774/4255 967/4256 942/4257
f 807/2367 808/4258 907/1374
f 404/4259 410/4260 468/4261
f 1312/2296 1319/3160 1361/2524
f 955/3824 1025/4262 956/3825
f 1617/3366 1628/3461 1648/3808
f 2790/4263 2801/4016 2794/3785
f 652/4264 804/4265 671/4266
f 506/3900 507/3877 520/4003
f 532/3821 551/3820 543/3861
f 1120/2499 1130/3039 1124/2108
f 2790/3585 2794/4267 2791/1667
f 599/1561 760/3908 776/1851
f 1348/4268 1372/1740 1350/1743
f 237/1970 247/2881 270/2880
f 2733/4269 2752/3980 2754/3981
f 714/1823 807/2367 806/605
f 794/4270 796/4271 890/4272
f 2774/700 2794/3785 2795/4017
f 410/4273 578/4274 468/4275
f 1/4007 59/4276 52/4105
f 783/4277 847/4061 808/4060
f 316/3903 368/478 405/87
f 942/2764 1000/3312 980/3099
f 909/3246 935/3245 950/4024
f 2111/4278 2133/4279 2184/4280
f 1203/4281 1254/4282 1264/4283
f 1309/2312 1342/3988 1343/2900
f 797/2910 905/4284 798/3874
f 794/4285 890/2903 795/2922
f 1619/176 1639/175 1641/568
f 565/1982 663/2610 579/3550
f 1515/2930 1565/3335 1534/758
f 1124/2108 1130/3039 1141/2394
f 690/3833 740/721 697/724
f 2168/3122 2194/4286 2193/3740
f 1/3965 58/2951 64/3054
f 1498/3138 1525/3670 1550/4213
f 942/2764 980/3099 952/2752
f 944/2705 988/2704 967/2048
f 2771/2164 2793/4179 2792/2605
f 1041/2501 1077/4023 1103/2498
f 1413/2571 1468/1977 1459/3639
f 1462/4194 1503/3564 1485/4287
f 2785/323 2788/2105 2801/4001
f 2111/4278 2184/4280 2126/4288
f 417/3498 457/3490 444/3499
f 2105/4289 2138/1547 2106/2779
f 1627/3621 1648/3808 1628/3461
f 1422/813 1466/812 1436/2832
f 2244/2855 2254/2824 2283/1766
f 1147/2714 1194/4290 1182/63
f 2023/2085 2029/2853 2030/3681
f 1082/3484 1215/3728 1245/3481
f 1583/4291 1639/3951 1665/3950
f 2126/1200 2184/3966 2140/1527
f 2384/4055 2385/2236 2404/4292
f 2751/2132 2753/4079 2801/4081
