mtllib material.mtl
s 0
usemtl Material
v -0.025390999391674995 0.1914059966802597 -0.0664059966802597
v -0.029296999797225 0.1757809966802597 -0.0625
v -0.025390999391674995 0.1757809966802597 -0.0625
v -0.019531000405550003 0.1757809966802597 -0.0625
v -0.03320299834012985 0.1796880066394806 -0.0625
v -0.015625 0.1796880066394806 -0.0625
v -0.03515600040555 0.18554699420928955 -0.0625
v -0.013671999797224998 0.18554699420928955 -0.0625
v -0.03515600040555 0.1914059966802597 -0.0625
v -0.013671999797224998 0.1914059966802597 -0.0625
v -0.03320299834012985 0.19726599752902985 -0.0625
v -0.015625 0.19726599752902985 -0.0625
v -0.029296999797225 0.20117199420928955 -0.0625
v -0.019531000405550003 0.20117199420928955 -0.0625
v -0.025390999391674995 0.203125 -0.0625
v -0.03125 0.33007800579071045 -0.06054700165987015
v -0.03515600040555 0.8300780057907104 -0.06054700165987015
v -0.011718999594449997 0.8300780057907104 -0.06054700165987015
v -0.025390999391674995 0.1679690033197403 -0.05859399959445
v -0.03125 0.16992199420928955 -0.05859399959445
v -0.017578000202775 0.16992199420928955 -0.05859399959445
v -0.037108998745679855 0.1757809966802597 -0.05859399959445
v -0.011718999594449997 0.1757809966802597 -0.05859399959445
v -0.041016001254320145 0.1835940033197403 -0.05859399959445
v -0.0078119998797774315 0.1835940033197403 -0.05859399959445
v -0.041016001254320145 0.1914059966802597 -0.05859399959445
v -0.0078119998797774315 0.1914059966802597 -0.05859399959445
v -0.037108998745679855 0.1992190033197403 -0.05859399959445
v -0.011718999594449997 0.1992190033197403 -0.05859399959445
v -0.03125 0.20507800579071045 -0.05859399959445
v -0.017578000202775 0.20507800579071045 -0.05859399959445
v -0.025390999391674995 0.2070309966802597 -0.05859399959445
v -0.005859000142663717 0.31835898756980896 -0.05859399959445
v -0.054687999188899994 0.34570300579071045 -0.05859399959445
v -0.03515600040555 0.8164060115814209 -0.05859399959445
v -0.011718999594449997 0.8164060115814209 -0.05859399959445
v -0.025390999391674995 0.10351599752902985 -0.056641001254320145
v -0.025390999391674995 0.27148398756980896 -0.056641001254320145
v -0.03515600040555 0.8007810115814209 -0.056641001254320145
v -0.013671999797224998 0.8007810115814209 -0.056641001254320145
v -0.05859399959445 0.8300780057907104 -0.056641001254320145
v 0.013671999797224998 0.8300780057907104 -0.056641001254320145
v -0.06835900247097015 0.8671879768371582 -0.056641001254320145
v -0.025390999391674995 0.16210900247097015 -0.054687999188899994
v -0.03320299834012985 0.16601599752902985 -0.054687999188899994
v -0.015625 0.16601599752902985 -0.054687999188899994
v -0.041016001254320145 0.171875 -0.054687999188899994
v -0.0078119998797774315 0.171875 -0.054687999188899994
v -0.04492200165987015 0.18164099752902985 -0.054687999188899994
v -0.0039059999398887157 0.18164099752902985 -0.054687999188899994
v -0.04492200165987015 0.1914059966802597 -0.054687999188899994
v -0.0039059999398887157 0.1914059966802597 -0.054687999188899994
v -0.041016001254320145 0.20117199420928955 -0.054687999188899994
v -0.0078119998797774315 0.20117199420928955 -0.054687999188899994
v -0.03320299834012985 0.20898400247097015 -0.054687999188899994
v -0.015625 0.20898400247097015 -0.054687999188899994
v -0.025390999391674995 0.2109380066394806 -0.054687999188899994
v 0.019531000405550003 0.31054699420928955 -0.054687999188899994
v -0.03125 0.3515619933605194 -0.054687999188899994
v -0.025390999391674995 0.40625 -0.054687999188899994
v 0.00976600032299757 0.5703120231628418 -0.054687999188899994
v -0.013671999797224998 0.5742189884185791 -0.054687999188899994
v -0.03515600040555 0.7851560115814209 -0.054687999188899994
v -0.015625 0.7851560115814209 -0.054687999188899994
v -0.056641001254320145 0.8164060115814209 -0.054687999188899994
v 0.00976600032299757 0.8164060115814209 -0.054687999188899994
v -0.046875 0.8671879768371582 -0.054687999188899994
v -0.052733998745679855 0.1445309966802597 -0.052733998745679855
v 0.0078119998797774315 0.1445309966802597 -0.052733998745679855
v -0.078125 0.1679690033197403 -0.052733998745679855
v 0.03515600040555 0.1679690033197403 -0.052733998745679855
v 0.0664059966802597 0.17773400247097015 -0.052733998745679855
v 0.09960900247097015 0.1796880066394806 -0.052733998745679855
v 0.1328119933605194 0.1796880066394806 -0.052733998745679855
v -0.10742200165987015 0.1835940033197403 -0.052733998745679855
v -0.13867199420928955 0.18945300579071045 -0.052733998745679855
v 0.1328119933605194 0.1914059966802597 -0.052733998745679855
v 0.09960900247097015 0.1992190033197403 -0.052733998745679855
v 0.1328119933605194 0.1992190033197403 -0.052733998745679855
v 0.0664059966802597 0.20117199420928955 -0.052733998745679855
v -0.10742200165987015 0.2109380066394806 -0.052733998745679855
v 0.03515600040555 0.2109380066394806 -0.052733998745679855
v -0.13867199420928955 0.21289099752902985 -0.052733998745679855
v -0.078125 0.21875 -0.052733998745679855
v 0.0078119998797774315 0.22851599752902985 -0.052733998745679855
v -0.052733998745679855 0.23632800579071045 -0.052733998745679855
v -0.0078119998797774315 0.3398439884185791 -0.052733998745679855
v -0.052733998745679855 0.36523398756980896 -0.052733998745679855
v -0.0039059999398887157 0.39648398756980896 -0.052733998745679855
v 0.0039059999398887157 0.44335898756980896 -0.052733998745679855
v -0.017578000202775 0.453125 -0.052733998745679855
v 0.005859000142663717 0.4570310115814209 -0.052733998745679855
v -0.015625 0.46679699420928955 -0.052733998745679855
v 0.0078119998797774315 0.5019530057907104 -0.052733998745679855
v -0.013671999797224998 0.5097659826278687 -0.052733998745679855
v 0.0078119998797774315 0.5136719942092896 -0.052733998745679855
v -0.013671999797224998 0.5214840173721313 -0.052733998745679855
v -0.017578000202775 0.6113280057907104 -0.052733998745679855
v 0.005859000142663717 0.6113280057907104 -0.052733998745679855
v -0.019531000405550003 0.6523439884185791 -0.052733998745679855
v 0.0019529999699443579 0.6523439884185791 -0.052733998745679855
v -0.023437999188899994 0.6777340173721313 -0.052733998745679855
v -0.0019529999699443579 0.6777340173721313 -0.052733998745679855
v -0.027343999594449997 0.7167969942092896 -0.052733998745679855
v -0.005859000142663717 0.7167969942092896 -0.052733998745679855
v -0.03125 0.7363280057907104 -0.052733998745679855
v -0.00976600032299757 0.7363280057907104 -0.052733998745679855
v -0.03515600040555 0.7714840173721313 -0.052733998745679855
v -0.013671999797224998 0.7714840173721313 -0.052733998745679855
v -0.056641001254320145 0.8007810115814209 -0.052733998745679855
v 0.0078119998797774315 0.8007810115814209 -0.052733998745679855
v -0.025390999391674995 0.8671879768371582 -0.052733998745679855
v -0.027343999594449997 0.8710939884185791 -0.052733998745679855
v -0.03515600040555 0.8730469942092896 -0.052733998745679855
v -0.171875 0.19335900247097015 -0.05078100040555
v -0.171875 0.21679699420928955 -0.05078100040555
v -0.07617200165987015 0.36132800579071045 -0.05078100040555
v -0.029296999797225 0.375 -0.05078100040555
v -0.027343999594449997 0.3945310115814209 -0.05078100040555
v -0.0039059999398887157 0.4101560115814209 -0.05078100040555
v -0.04492200165987015 0.4179689884185791 -0.05078100040555
v -0.023437999188899994 0.41992199420928955 -0.05078100040555
v 0.005859000142663717 0.47070300579071045 -0.05078100040555
v -0.015625 0.4804689884185791 -0.05078100040555
v 0.005859000142663717 0.48632800579071045 -0.05078100040555
v -0.015625 0.49414101243019104 -0.05078100040555
v 0.0078119998797774315 0.5292969942092896 -0.05078100040555
v -0.013671999797224998 0.5351560115814209 -0.05078100040555
v 0.0078119998797774315 0.5449219942092896 -0.05078100040555
v -0.013671999797224998 0.5507810115814209 -0.05078100040555
v 0.03125 0.5664060115814209 -0.05078100040555
v -0.03515600040555 0.578125 -0.05078100040555
v 0.005859000142663717 0.5898439884185791 -0.05078100040555
v -0.015625 0.5917969942092896 -0.05078100040555
v -0.017578000202775 0.6328120231628418 -0.05078100040555
v 0.0039059999398887157 0.6328120231628418 -0.05078100040555
v -0.03515600040555 0.7597659826278687 -0.05078100040555
v -0.013671999797224998 0.7597659826278687 -0.05078100040555
v -0.056641001254320145 0.7851560115814209 -0.05078100040555
v 0.005859000142663717 0.7851560115814209 -0.05078100040555
v 0.0 0.8671879768371582 -0.05078100040555
v -0.019531000405550003 0.8730469942092896 -0.05078100040555
v -0.039062000811100006 0.8808590173721313 -0.05078100040555
v -0.0664059966802597 0.8945310115814209 -0.05078100040555
v 0.015625 0.3320310115814209 -0.04882799834012985
v -0.0078119998797774315 0.3632810115814209 -0.04882799834012985
v -0.005859000142663717 0.38476601243019104 -0.04882799834012985
v -0.04882799834012985 0.3867189884185791 -0.04882799834012985
v 0.017578000202775 0.38867199420928955 -0.04882799834012985
v -0.046875 0.40625 -0.04882799834012985
v -0.0019529999699443579 0.42382800579071045 -0.04882799834012985
v -0.04296899959445 0.4296880066394806 -0.04882799834012985
v -0.021484000608325005 0.4335939884185791 -0.04882799834012985
v 0.025390999391674995 0.4335939884185791 -0.04882799834012985
v 0.027343999594449997 0.44726601243019104 -0.04882799834012985
v -0.039062000811100006 0.46289101243019104 -0.04882799834012985
v -0.037108998745679855 0.4765619933605194 -0.04882799834012985
v 0.029296999797225 0.49414101243019104 -0.04882799834012985
v 0.029296999797225 0.5078120231628418 -0.04882799834012985
v -0.03515600040555 0.5175780057907104 -0.04882799834012985
v -0.03515600040555 0.5292969942092896 -0.04882799834012985
v -0.039062000811100006 0.6113280057907104 -0.04882799834012985
v 0.027343999594449997 0.6113280057907104 -0.04882799834012985
v -0.041016001254320145 0.6523439884185791 -0.04882799834012985
v 0.023437999188899994 0.6523439884185791 -0.04882799834012985
v -0.04492200165987015 0.6777340173721313 -0.04882799834012985
v 0.019531000405550003 0.6777340173721313 -0.04882799834012985
v -0.025390999391674995 0.6972659826278687 -0.04882799834012985
v -0.0039059999398887157 0.6972659826278687 -0.04882799834012985
v -0.046875 0.7167969942092896 -0.04882799834012985
v 0.015625 0.7167969942092896 -0.04882799834012985
v -0.05078100040555 0.7363280057907104 -0.04882799834012985
v 0.011718999594449997 0.7363280057907104 -0.04882799834012985
v -0.056641001254320145 0.7714840173721313 -0.04882799834012985
v 0.005859000142663717 0.7714840173721313 -0.04882799834012985
v -0.08007799834012985 0.8300780057907104 -0.04882799834012985
v 0.03515600040555 0.8300780057907104 -0.04882799834012985
v -0.08789099752902985 0.8671879768371582 -0.04882799834012985
v -0.017578000202775 0.8808590173721313 -0.04882799834012985
v -0.03515600040555 0.8886719942092896 -0.04882799834012985
v -0.021484000608325005 0.8886719942092896 -0.04882799834012985
v -0.027343999594449997 0.890625 -0.04882799834012985
v -0.09960900247097015 0.8945310115814209 -0.04882799834012985
v -0.03320299834012985 0.8945310115814209 -0.04882799834012985
v -0.07226599752902985 0.38085898756980896 -0.046875
v 0.017578000202775 0.4023439884185791 -0.046875
v -0.041016001254320145 0.44335898756980896 -0.046875
v 0.025390999391674995 0.46289101243019104 -0.046875
v 0.027343999594449997 0.47851601243019104 -0.046875
v -0.03515600040555 0.49023398756980896 -0.046875
v -0.03515600040555 0.5039060115814209 -0.046875
v 0.027343999594449997 0.5234379768371582 -0.046875
v 0.027343999594449997 0.5410159826278687 -0.046875
v -0.03515600040555 0.5429689884185791 -0.046875
v -0.03515600040555 0.5566409826278687 -0.046875
v 0.027343999594449997 0.5898439884185791 -0.046875
v -0.037108998745679855 0.59375 -0.046875
v -0.039062000811100006 0.6328120231628418 -0.046875
v 0.025390999391674995 0.6328120231628418 -0.046875
v -0.054687999188899994 0.7597659826278687 -0.046875
v 0.0078119998797774315 0.7597659826278687 -0.046875
v -0.07617200165987015 0.8164060115814209 -0.046875
v 0.03125 0.8164060115814209 -0.046875
v -0.019531000405550003 0.8945310115814209 -0.046875
v 0.1445309966802597 0.16992199420928955 -0.04492200165987015
v 0.1445309966802597 0.18945300579071045 -0.04492200165987015
v -0.19335900247097015 0.1953119933605194 -0.04492200165987015
v 0.1445309966802597 0.20507800579071045 -0.04492200165987015
v -0.19335900247097015 0.22460900247097015 -0.04492200165987015
v 0.04296899959445 0.3046880066394806 -0.04492200165987015
v -0.025390999391674995 0.31445300579071045 -0.04492200165987015
v 0.013671999797224998 0.3554689884185791 -0.04492200165987015
v 0.015625 0.37695300579071045 -0.04492200165987015
v 0.017578000202775 0.41601601243019104 -0.04492200165987015
v -0.0625 0.4296880066394806 -0.04492200165987015
v -0.04492200165987015 0.6972659826278687 -0.04492200165987015
v 0.015625 0.6972659826278687 -0.04492200165987015
v -0.0742190033197403 0.7851560115814209 -0.04492200165987015
v -0.0742190033197403 0.8007810115814209 -0.04492200165987015
v 0.027343999594449997 0.8007810115814209 -0.04492200165987015
v 0.021484000608325005 0.8671879768371582 -0.04492200165987015
v -0.06835900247097015 0.40039101243019104 -0.04296899959445
v -0.06445299834012985 0.4179689884185791 -0.04296899959445
v -0.06054700165987015 0.4414060115814209 -0.04296899959445
v -0.056641001254320145 0.4726560115814209 -0.04296899959445
v -0.054687999188899994 0.48632800579071045 -0.04296899959445
v -0.054687999188899994 0.5253909826278687 -0.04296899959445
v -0.054687999188899994 0.5371090173721313 -0.04296899959445
v 0.052733998745679855 0.5644530057907104 -0.04296899959445
v -0.054687999188899994 0.5820310115814209 -0.04296899959445
v -0.06445299834012985 0.6777340173721313 -0.04296899959445
v -0.0703120008111 0.7363280057907104 -0.04296899959445
v -0.0742190033197403 0.7714840173721313 -0.04296899959445
v 0.025390999391674995 0.7851560115814209 -0.04296899959445
v -0.08789099752902985 0.921875 -0.04296899959445
v 0.037108998745679855 0.32617199420928955 -0.041016001254320145
v -0.09375 0.375 -0.041016001254320145
v 0.037108998745679855 0.3828119933605194 -0.041016001254320145
v 0.046875 0.42773398756980896 -0.041016001254320145
v 0.046875 0.4414060115814209 -0.041016001254320145
v -0.05859399959445 0.453125 -0.041016001254320145
v 0.04882799834012985 0.4882810115814209 -0.041016001254320145
v -0.052733998745679855 0.49804699420928955 -0.041016001254320145
v 0.04882799834012985 0.5019530057907104 -0.041016001254320145
v -0.052733998745679855 0.5117189884185791 -0.041016001254320145
v -0.052733998745679855 0.5488280057907104 -0.041016001254320145
v -0.052733998745679855 0.5625 -0.041016001254320145
v -0.05859399959445 0.6113280057907104 -0.041016001254320145
v 0.04882799834012985 0.6113280057907104 -0.041016001254320145
v -0.05859399959445 0.6523439884185791 -0.041016001254320145
v 0.04296899959445 0.6523439884185791 -0.041016001254320145
v 0.039062000811100006 0.6777340173721313 -0.041016001254320145
v -0.0664059966802597 0.7167969942092896 -0.041016001254320145
v 0.03515600040555 0.7167969942092896 -0.041016001254320145
v 0.03125 0.7363280057907104 -0.041016001254320145
v -0.07226599752902985 0.7597659826278687 -0.041016001254320145
v 0.025390999391674995 0.7714840173721313 -0.041016001254320145
v 0.0039059999398887157 0.8945310115814209 -0.041016001254320145
v -0.11914099752902985 0.921875 -0.041016001254320145
v -0.056641001254320145 0.921875 -0.041016001254320145
v -0.005859000142663717 0.28320300579071045 -0.039062000811100006
v -0.03515600040555 0.2929689884185791 -0.039062000811100006
v 0.03320299834012985 0.34960898756980896 -0.039062000811100006
v 0.03515600040555 0.3710939884185791 -0.039062000811100006
v 0.037108998745679855 0.39648398756980896 -0.039062000811100006
v 0.037108998745679855 0.4101560115814209 -0.039062000811100006
v 0.04492200165987015 0.4570310115814209 -0.039062000811100006
v 0.046875 0.4726560115814209 -0.039062000811100006
v 0.046875 0.5195310115814209 -0.039062000811100006
v 0.046875 0.5371090173721313 -0.039062000811100006
v 0.046875 0.5898439884185791 -0.039062000811100006
v -0.056641001254320145 0.5957030057907104 -0.039062000811100006
v -0.056641001254320145 0.6328120231628418 -0.039062000811100006
v 0.04492200165987015 0.6328120231628418 -0.039062000811100006
v -0.0625 0.6972659826278687 -0.039062000811100006
v 0.03515600040555 0.6972659826278687 -0.039062000811100006
v 0.025390999391674995 0.7597659826278687 -0.039062000811100006
v -0.027343999594449997 0.8730469942092896 -0.039062000811100006
v -0.03320299834012985 0.875 -0.039062000811100006
v -0.023437999188899994 0.875 -0.039062000811100006
v -0.03515600040555 0.8789060115814209 -0.039062000811100006
v -0.021484000608325005 0.8789060115814209 -0.039062000811100006
v -0.03320299834012985 0.8847659826278687 -0.039062000811100006
v -0.023437999188899994 0.8847659826278687 -0.039062000811100006
v -0.027343999594449997 0.8867189884185791 -0.039062000811100006
v -0.03125 0.921875 -0.039062000811100006
v -0.025390999391674995 0.0664059966802597 -0.037108998745679855
v 0.00976600032299757 0.25585898756980896 -0.037108998745679855
v -0.05078100040555 0.26757800579071045 -0.037108998745679855
v -0.0898440033197403 0.3945310115814209 -0.037108998745679855
v -0.0976559966802597 0.8300780057907104 -0.037108998745679855
v 0.052733998745679855 0.8300780057907104 -0.037108998745679855
v -0.1054690033197403 0.8671879768371582 -0.037108998745679855
v -0.027343999594449997 0.8789060115814209 -0.037108998745679855
v -0.11523400247097015 0.8945310115814209 -0.037108998745679855
v -0.12695300579071045 0.921875 -0.037108998745679855
v -0.20898400247097015 0.1992190033197403 -0.03515600040555
v -0.20898400247097015 0.2304690033197403 -0.03515600040555
v 0.06054700165987015 0.30273398756980896 -0.03515600040555
v -0.08398400247097015 0.41210898756980896 -0.03515600040555
v -0.078125 0.4414060115814209 -0.03515600040555
v -0.09375 0.8164060115814209 -0.03515600040555
v 0.046875 0.8164060115814209 -0.03515600040555
v 0.041016001254320145 0.8671879768371582 -0.03515600040555
v -0.013671999797224998 0.921875 -0.03515600040555
v 0.03320299834012985 0.234375 -0.03320299834012985
v -0.0742190033197403 0.24804699420928955 -0.03320299834012985
v -0.08007799834012985 0.4296880066394806 -0.03320299834012985
v -0.07617200165987015 0.45117199420928955 -0.03320299834012985
v -0.07226599752902985 0.4804689884185791 -0.03320299834012985
v -0.0703120008111 0.49414101243019104 -0.03320299834012985
v -0.0703120008111 0.5332030057907104 -0.03320299834012985
v -0.0703120008111 0.5429689884185791 -0.03320299834012985
v -0.0703120008111 0.5859379768371582 -0.03320299834012985
v -0.08007799834012985 0.6777340173721313 -0.03320299834012985
v -0.0859379991889 0.7363280057907104 -0.03320299834012985
v -0.0898440033197403 0.7714840173721313 -0.03320299834012985
v -0.0898440033197403 0.7851560115814209 -0.03320299834012985
v -0.0898440033197403 0.8007810115814209 -0.03320299834012985
v 0.04296899959445 0.8007810115814209 -0.03320299834012985
v 0.025390999391674995 0.8945310115814209 -0.03320299834012985
v -0.0742190033197403 0.9375 -0.03320299834012985
v -0.025390999391674995 0.052733998745679855 -0.03125
v -0.03320299834012985 0.0664059966802597 -0.03125
v -0.015625 0.0664059966802597 -0.03125
v -0.06054700165987015 0.1132809966802597 -0.03125
v 0.015625 0.1132809966802597 -0.03125
v 0.041016001254320145 0.13867199420928955 -0.03125
v 0.15429699420928955 0.16601599752902985 -0.03125
v 0.15625 0.18945300579071045 -0.03125
v -0.20507800579071045 0.1953119933605194 -0.03125
v 0.15625 0.20898400247097015 -0.03125
v 0.15039099752902985 0.21679699420928955 -0.03125
v 0.06445299834012985 0.22460900247097015 -0.03125
v -0.203125 0.23632800579071045 -0.03125
v -0.10351599752902985 0.24023400247097015 -0.03125
v 0.054687999188899994 0.32226601243019104 -0.03125
v 0.054687999188899994 0.3789060115814209 -0.03125
v 0.06445299834012985 0.421875 -0.03125
v 0.06445299834012985 0.43554699420928955 -0.03125
v -0.07226599752902985 0.4609380066394806 -0.03125
v 0.0664059966802597 0.484375 -0.03125
v 0.0664059966802597 0.49804699420928955 -0.03125
v -0.06835900247097015 0.5058590173721313 -0.03125
v -0.06835900247097015 0.5195310115814209 -0.03125
v -0.06835900247097015 0.5546879768371582 -0.03125
v 0.06835900247097015 0.5625 -0.03125
v -0.06835900247097015 0.5683590173721313 -0.03125
v -0.07617200165987015 0.6113280057907104 -0.03125
v 0.06445299834012985 0.6113280057907104 -0.03125
v -0.0742190033197403 0.6523439884185791 -0.03125
v 0.05859399959445 0.6523439884185791 -0.03125
v 0.054687999188899994 0.6777340173721313 -0.03125
v -0.08007799834012985 0.7167969942092896 -0.03125
v 0.05078100040555 0.7167969942092896 -0.03125
v 0.046875 0.7363280057907104 -0.03125
v -0.08789099752902985 0.7597659826278687 -0.03125
v 0.041016001254320145 0.7851560115814209 -0.03125
v -0.10351599752902985 0.9375 -0.03125
v -0.04882799834012985 0.9375 -0.03125
v -0.039062000811100006 -0.5898439884185791 -0.029296999797225
v -0.05859399959445 -0.5410159826278687 -0.029296999797225
v -0.027343999594449997 -0.5175780057907104 -0.029296999797225
v -0.0039059999398887157 -0.4960939884185791 -0.029296999797225
v -0.0742190033197403 -0.49023398756980896 -0.029296999797225
v -0.04492200165987015 -0.4726560115814209 -0.029296999797225
v -0.019531000405550003 -0.453125 -0.029296999797225
v -0.08789099752902985 -0.4375 -0.029296999797225
v 0.005859000142663717 -0.4335939884185791 -0.029296999797225
v -0.05859399959445 -0.4257810115814209 -0.029296999797225
v -0.03320299834012985 -0.4101560115814209 -0.029296999797225
v -0.00976600032299757 -0.3945310115814209 -0.029296999797225
v -0.0976559966802597 -0.3828119933605194 -0.029296999797225
v 0.023437999188899994 -0.3789060115814209 -0.029296999797225
v -0.06835900247097015 -0.37695300579071045 -0.029296999797225
v -0.04296899959445 -0.3671880066394806 -0.029296999797225
v -0.019531000405550003 -0.35351601243019104 -0.029296999797225
v 0.07617200165987015 -0.34570300579071045 -0.029296999797225
v 0.005859000142663717 -0.3398439884185791 -0.029296999797225
v -0.1054690033197403 -0.328125 -0.029296999797225
v -0.07617200165987015 -0.32617199420928955 -0.029296999797225
v -0.05078100040555 -0.3203119933605194 -0.029296999797225
v 0.06054700165987015 -0.3203119933605194 -0.029296999797225
v -0.027343999594449997 -0.3125 -0.029296999797225
v -0.0039059999398887157 -0.3007810115814209 -0.029296999797225
v 0.046875 -0.28710898756980896 -0.029296999797225
v -0.109375 -0.27148398756980896 -0.029296999797225
v -0.08007799834012985 -0.27148398756980896 -0.029296999797225
v -0.054687999188899994 -0.2695310115814209 -0.029296999797225
v -0.03125 -0.265625 -0.029296999797225
v -0.0078119998797774315 -0.25976601243019104 -0.029296999797225
v 0.039062000811100006 -0.25 -0.029296999797225
v -0.109375 -0.2109380066394806 -0.029296999797225
v -0.08007799834012985 -0.2109380066394806 -0.029296999797225
v -0.056641001254320145 -0.2109380066394806 -0.029296999797225
v -0.03320299834012985 -0.2109380066394806 -0.029296999797225
v -0.00976600032299757 -0.2109380066394806 -0.029296999797225
v 0.03515600040555 -0.2109380066394806 -0.029296999797225
v 0.037108998745679855 -0.16992199420928955 -0.029296999797225
v 0.041016001254320145 -0.1289059966802597 -0.029296999797225
v 0.05078100040555 -0.08789099752902985 -0.029296999797225
v 0.0625 -0.046875 -0.029296999797225
v 0.07617200165987015 -0.0078119998797774315 -0.029296999797225
v -0.11132799834012985 0.0039059999398887157 -0.029296999797225
v -0.0820309966802597 0.0039059999398887157 -0.029296999797225
v -0.056641001254320145 0.0039059999398887157 -0.029296999797225
v -0.03320299834012985 0.0039059999398887157 -0.029296999797225
v -0.00976600032299757 0.0039059999398887157 -0.029296999797225
v 0.0859379991889 0.019531000405550003 -0.029296999797225
v 0.0664059966802597 0.04882799834012985 -0.029296999797225
v -0.1132809966802597 0.0664059966802597 -0.029296999797225
v -0.08398400247097015 0.0664059966802597 -0.029296999797225
v -0.05859399959445 0.0664059966802597 -0.029296999797225
v 0.06445299834012985 0.0664059966802597 -0.029296999797225
v 0.0664059966802597 0.08789099752902985 -0.029296999797225
v 0.0703120008111 0.10742200165987015 -0.029296999797225
v -0.1171879991889 0.1132809966802597 -0.029296999797225
v -0.08789099752902985 0.1132809966802597 -0.029296999797225
v 0.078125 0.12695300579071045 -0.029296999797225
v 0.0898440033197403 0.1445309966802597 -0.029296999797225
v -0.1289059966802597 0.1484380066394806 -0.029296999797225
v -0.0976559966802597 0.1484380066394806 -0.029296999797225
v 0.07226599752902985 0.15429699420928955 -0.029296999797225
v 0.1054690033197403 0.15820300579071045 -0.029296999797225
v -0.109375 0.16210900247097015 -0.029296999797225
v -0.14648400247097015 0.171875 -0.029296999797225
v 0.05078100040555 0.34570300579071045 -0.029296999797225
v 0.05078100040555 0.3671880066394806 -0.029296999797225
v 0.052733998745679855 0.39257800579071045 -0.029296999797225
v 0.0625 0.453125 -0.029296999797225
v 0.0625 0.46875 -0.029296999797225
v 0.06445299834012985 0.515625 -0.029296999797225
v 0.0625 0.5351560115814209 -0.029296999797225
v 0.06445299834012985 0.5898439884185791 -0.029296999797225
v -0.07226599752902985 0.5976560115814209 -0.029296999797225
v -0.07226599752902985 0.6328120231628418 -0.029296999797225
v 0.06054700165987015 0.6328120231628418 -0.029296999797225
v -0.078125 0.6972659826278687 -0.029296999797225
v 0.04882799834012985 0.6972659826278687 -0.029296999797225
v 0.041016001254320145 0.7597659826278687 -0.029296999797225
v 0.039062000811100006 0.7714840173721313 -0.029296999797225
v 0.0039059999398887157 0.921875 -0.029296999797225
v -0.13867199420928955 0.9355469942092896 -0.029296999797225
v -0.015625 -0.6386719942092896 -0.027343999594449997
v -0.0078119998797774315 -0.5625 -0.027343999594449997
v 0.025390999391674995 -0.47070300579071045 -0.027343999594449997
v 0.06835900247097015 -0.4101560115814209 -0.027343999594449997
v -0.13867199420928955 0.24023400247097015 -0.027343999594449997
v 0.052733998745679855 0.40625 -0.027343999594449997
v -0.027343999594449997 0.9375 -0.027343999594449997
v 0.00976600032299757 -0.6875 -0.025390999391674995
v 0.013671999797224998 -0.6054689884185791 -0.025390999391674995
v 0.021484000608325005 -0.5292969942092896 -0.025390999391674995
v 0.0664059966802597 -0.4726560115814209 -0.025390999391674995
v 0.1054690033197403 0.2226559966802597 -0.025390999391674995
v -0.1601559966802597 0.24414099752902985 -0.025390999391674995
v -0.11132799834012985 0.3789060115814209 -0.025390999391674995
v -0.10351599752902985 0.40039101243019104 -0.025390999391674995
v 0.013671999797224998 0.921875 -0.025390999391674995
v -0.019531000405550003 0.9375 -0.025390999391674995
v 0.039062000811100006 -0.7382810115814209 -0.023437999188899994
v 0.039062000811100006 -0.6484379768371582 -0.023437999188899994
v 0.041016001254320145 -0.5800780057907104 -0.023437999188899994
v 0.0703120008111 -0.5371090173721313 -0.023437999188899994
v 0.08789099752902985 0.23632800579071045 -0.023437999188899994
v -0.09570299834012985 0.41992199420928955 -0.023437999188899994
v -0.09179700165987015 0.4375 -0.023437999188899994
v -0.0898440033197403 0.4492189884185791 -0.023437999188899994
v -0.1054690033197403 0.8164060115814209 -0.023437999188899994
v -0.11132799834012985 0.8300780057907104 -0.023437999188899994
v -0.11914099752902985 0.8671879768371582 -0.023437999188899994
v -0.12695300579071045 0.8945310115814209 -0.023437999188899994
v 0.041016001254320145 0.8945310115814209 -0.023437999188899994
v -0.1367190033197403 0.921875 -0.023437999188899994
v -0.06445299834012985 0.9492189884185791 -0.023437999188899994
v 0.08007799834012985 -0.6074219942092896 -0.021484000608325005
v 0.078125 0.25585898756980896 -0.021484000608325005
v -0.13867199420928955 0.26367199420928955 -0.021484000608325005
v 0.0703120008111 0.2734380066394806 -0.021484000608325005
v -0.12304700165987015 0.2851560115814209 -0.021484000608325005
v 0.07226599752902985 0.28710898756980896 -0.021484000608325005
v -0.11132799834012985 0.30664101243019104 -0.021484000608325005
v -0.10351599752902985 0.33007800579071045 -0.021484000608325005
v -0.1054690033197403 0.3515619933605194 -0.021484000608325005
v -0.0859379991889 0.4570310115814209 -0.021484000608325005
v -0.08398400247097015 0.46679699420928955 -0.021484000608325005
v -0.08398400247097015 0.48632800579071045 -0.021484000608325005
v -0.0820309966802597 0.5 -0.021484000608325005
v -0.08007799834012985 0.5117189884185791 -0.021484000608325005
v -0.08007799834012985 0.5234379768371582 -0.021484000608325005
v -0.0820309966802597 0.5371090173721313 -0.021484000608325005
v -0.08398400247097015 0.5488280057907104 -0.021484000608325005
v -0.08007799834012985 0.5585939884185791 -0.021484000608325005
v -0.08007799834012985 0.5703120231628418 -0.021484000608325005
v -0.0820309966802597 0.5898439884185791 -0.021484000608325005
v -0.0898440033197403 0.6777340173721313 -0.021484000608325005
v -0.09570299834012985 0.7363280057907104 -0.021484000608325005
v -0.09960900247097015 0.7597659826278687 -0.021484000608325005
v -0.09960900247097015 0.7714840173721313 -0.021484000608325005
v -0.09960900247097015 0.7851560115814209 -0.021484000608325005
v -0.1015620008111 0.8007810115814209 -0.021484000608325005
v 0.0703120008111 0.84375 -0.021484000608325005
v 0.05859399959445 0.8671879768371582 -0.021484000608325005
v 0.015625 0.921875 -0.021484000608325005
v -0.0859379991889 0.9492189884185791 -0.021484000608325005
v 0.0742190033197403 -0.7890620231628418 -0.019531000405550003
v 0.0664059966802597 -0.6953120231628418 -0.019531000405550003
v 0.09375 -0.6796879768371582 -0.019531000405550003
v -0.21875 0.20117199420928955 -0.019531000405550003
v -0.21875 0.234375 -0.019531000405550003
v 0.0742190033197403 0.29882800579071045 -0.019531000405550003
v -0.08398400247097015 0.5996090173721313 -0.019531000405550003
v -0.0820309966802597 0.6328120231628418 -0.019531000405550003
v -0.08398400247097015 0.6523439884185791 -0.019531000405550003
v -0.08789099752902985 0.6972659826278687 -0.019531000405550003
v -0.0898440033197403 0.7167969942092896 -0.019531000405550003
v 0.05859399959445 0.8164060115814209 -0.019531000405550003
v 0.06445299834012985 0.8300780057907104 -0.019531000405550003
v 0.11914099752902985 -0.84375 -0.017578000202775
v 0.11132799834012985 -0.7519530057907104 -0.017578000202775
v 0.16210900247097015 0.16992199420928955 -0.017578000202775
v 0.1640619933605194 0.18945300579071045 -0.017578000202775
v -0.2148440033197403 0.19726599752902985 -0.017578000202775
v 0.1640619933605194 0.20898400247097015 -0.017578000202775
v 0.15820300579071045 0.22070300579071045 -0.017578000202775
v -0.2109380066394806 0.24023400247097015 -0.017578000202775
v 0.0664059966802597 0.3203119933605194 -0.017578000202775
v 0.06445299834012985 0.37695300579071045 -0.017578000202775
v -0.11523400247097015 0.38085898756980896 -0.017578000202775
v 0.07617200165987015 0.41992199420928955 -0.017578000202775
v 0.07617200165987015 0.4335939884185791 -0.017578000202775
v 0.07617200165987015 0.48242199420928955 -0.017578000202775
v 0.07617200165987015 0.4960939884185791 -0.017578000202775
v 0.08007799834012985 0.5625 -0.017578000202775
v -0.08789099752902985 0.6113280057907104 -0.017578000202775
v 0.0742190033197403 0.6113280057907104 -0.017578000202775
v 0.06835900247097015 0.6523439884185791 -0.017578000202775
v 0.06054700165987015 0.7167969942092896 -0.017578000202775
v 0.056641001254320145 0.7363280057907104 -0.017578000202775
v 0.05078100040555 0.7851560115814209 -0.017578000202775
v 0.052733998745679855 0.8007810115814209 -0.017578000202775
v 0.04492200165987015 0.8945310115814209 -0.017578000202775
v -0.11523400247097015 0.9472659826278687 -0.017578000202775
v 0.13867199420928955 -0.828125 -0.015625
v 0.06054700165987015 0.34375 -0.015625
v 0.06054700165987015 0.36523398756980896 -0.015625
v 0.0625 0.390625 -0.015625
v -0.109375 0.4023439884185791 -0.015625
v 0.06445299834012985 0.40429699420928955 -0.015625
v 0.07226599752902985 0.45117199420928955 -0.015625
v 0.07226599752902985 0.46679699420928955 -0.015625
v 0.0742190033197403 0.5136719942092896 -0.015625
v 0.07226599752902985 0.5332030057907104 -0.015625
v 0.0742190033197403 0.5898439884185791 -0.015625
v 0.0703120008111 0.6328120231628418 -0.015625
v 0.06445299834012985 0.6777340173721313 -0.015625
v 0.05859399959445 0.6972659826278687 -0.015625
v 0.05078100040555 0.7597659826278687 -0.015625
v 0.04882799834012985 0.7714840173721313 -0.015625
v 0.17382800579071045 -0.8945310115814209 -0.013671999797224998
v -0.1015620008111 0.421875 -0.013671999797224998
v -0.0976559966802597 0.43945300579071045 -0.013671999797224998
v -0.09570299834012985 0.45117199420928955 -0.013671999797224998
v -0.09179700165987015 0.45898398756980896 -0.013671999797224998
v -0.1171879991889 0.8300780057907104 -0.013671999797224998
v -0.125 0.8671879768371582 -0.013671999797224998
v 0.06445299834012985 0.8671879768371582 -0.013671999797224998
v -0.1328119933605194 0.8945310115814209 -0.013671999797224998
v -0.140625 0.921875 -0.013671999797224998
v -0.14648400247097015 0.9433590173721313 -0.013671999797224998
v -0.08789099752902985 0.46875 -0.011718999594449997
v -0.08789099752902985 0.4882810115814209 -0.011718999594449997
v -0.08789099752902985 0.5019530057907104 -0.011718999594449997
v -0.0859379991889 0.5136719942092896 -0.011718999594449997
v -0.0859379991889 0.5253909826278687 -0.011718999594449997
v -0.08789099752902985 0.5390620231628418 -0.011718999594449997
v -0.0898440033197403 0.5507810115814209 -0.011718999594449997
v -0.0859379991889 0.5605469942092896 -0.011718999594449997
v -0.0859379991889 0.5722659826278687 -0.011718999594449997
v -0.08789099752902985 0.5898439884185791 -0.011718999594449997
v -0.09375 0.6777340173721313 -0.011718999594449997
v -0.09570299834012985 0.7167969942092896 -0.011718999594449997
v -0.09960900247097015 0.7363280057907104 -0.011718999594449997
v -0.10351599752902985 0.7597659826278687 -0.011718999594449997
v -0.1054690033197403 0.7714840173721313 -0.011718999594449997
v -0.1054690033197403 0.7851560115814209 -0.011718999594449997
v -0.10742200165987015 0.8007810115814209 -0.011718999594449997
v -0.11132799834012985 0.8164060115814209 -0.011718999594449997
v -0.0898440033197403 0.5996090173721313 -0.00976600032299757
v -0.09179700165987015 0.6113280057907104 -0.00976600032299757
v -0.0859379991889 0.6328120231628418 -0.00976600032299757
v -0.08789099752902985 0.6523439884185791 -0.00976600032299757
v -0.09179700165987015 0.6972659826278687 -0.00976600032299757
v 0.2265619933605194 -0.9492189884185791 0.0
v 0.18554699420928955 -0.9335939884185791 0.0
v 0.1289059966802597 -0.8964840173721313 0.0
v 0.18945300579071045 -0.8867189884185791 0.0
v 0.08007799834012985 -0.8554689884185791 0.0
v 0.1601559966802597 -0.8203120231628418 0.0
v 0.041016001254320145 -0.8125 0.0
v 0.005859000142663717 -0.7636719942092896 0.0
v 0.1367190033197403 -0.7480469942092896 0.0
v -0.023437999188899994 -0.7128909826278687 0.0
v 0.11914099752902985 -0.6757810115814209 0.0
v -0.05078100040555 -0.6640620231628418 0.0
v -0.0742190033197403 -0.6132810115814209 0.0
v 0.10742200165987015 -0.6054689884185791 0.0
v -0.09375 -0.5605469942092896 0.0
v 0.09960900247097015 -0.5371090173721313 0.0
v -0.11132799834012985 -0.5058590173721313 0.0
v 0.0976559966802597 -0.4726560115814209 0.0
v -0.125 -0.4492189884185791 0.0
v 0.1015620008111 -0.4101560115814209 0.0
v -0.1367190033197403 -0.390625 0.0
v 0.109375 -0.3515619933605194 0.0
v -0.14257800579071045 -0.3320310115814209 0.0
v 0.11523400247097015 -0.3320310115814209 0.0
v 0.09375 -0.30664101243019104 0.0
v 0.08007799834012985 -0.2773439884185791 0.0
v -0.14648400247097015 -0.2734380066394806 0.0
v 0.07226599752902985 -0.24414099752902985 0.0
v -0.1484380066394806 -0.21289099752902985 0.0
v 0.06835900247097015 -0.20898400247097015 0.0
v 0.06835900247097015 -0.171875 0.0
v 0.07226599752902985 -0.1328119933605194 0.0
v 0.08007799834012985 -0.09375 0.0
v 0.09179700165987015 -0.054687999188899994 0.0
v 0.1054690033197403 -0.015625 0.0
v -0.1484380066394806 0.0039059999398887157 -0.0
v 0.12304700165987015 0.029296999797225 -0.0
v 0.1054690033197403 0.054687999188899994 -0.0
v -0.1523440033197403 0.0664059966802597 -0.0
v 0.1015620008111 0.0664059966802597 -0.0
v 0.1015620008111 0.0820309966802597 -0.0
v 0.1054690033197403 0.09960900247097015 -0.0
v -0.15625 0.1132809966802597 -0.0
v 0.11132799834012985 0.11523400247097015 -0.0
v 0.1210940033197403 0.13085900247097015 -0.0
v 0.1328119933605194 0.14648400247097015 -0.0
v -0.16601599752902985 0.1484380066394806 -0.0
v 0.14648400247097015 0.1601559966802597 -0.0
v 0.1640619933605194 0.17382800579071045 -0.0
v -0.18164099752902985 0.17773400247097015 -0.0
v 0.16601599752902985 0.18945300579071045 -0.0
v -0.21875 0.1992190033197403 -0.0
v -0.2226559966802597 0.203125 -0.0
v 0.16601599752902985 0.20898400247097015 -0.0
v 0.1601559966802597 0.22070300579071045 -0.0
v 0.1054690033197403 0.2226559966802597 -0.0
v -0.2226559966802597 0.23632800579071045 -0.0
v 0.08789099752902985 0.23632800579071045 -0.0
v -0.2148440033197403 0.2421880066394806 -0.0
v -0.1601559966802597 0.24414099752902985 -0.0
v 0.078125 0.25585898756980896 -0.0
v -0.13867199420928955 0.26367199420928955 -0.0
v 0.0703120008111 0.2734380066394806 -0.0
v -0.12304700165987015 0.2851560115814209 -0.0
v 0.07226599752902985 0.28710898756980896 -0.0
v 0.078125 0.29882800579071045 -0.0
v -0.11132799834012985 0.30664101243019104 -0.0
v 0.0703120008111 0.3203119933605194 -0.0
v -0.10351599752902985 0.33007800579071045 -0.0
v 0.06445299834012985 0.34375 -0.0
v -0.1054690033197403 0.3515619933605194 -0.0
v 0.06445299834012985 0.36523398756980896 -0.0
v 0.06835900247097015 0.37695300579071045 -0.0
v -0.1171879991889 0.38085898756980896 -0.0
v 0.0664059966802597 0.390625 -0.0
v -0.11132799834012985 0.4023439884185791 -0.0
v 0.0664059966802597 0.40429699420928955 -0.0
v 0.08007799834012985 0.41992199420928955 -0.0
v -0.10351599752902985 0.421875 -0.0
v 0.08007799834012985 0.4335939884185791 -0.0
v -0.09960900247097015 0.43945300579071045 -0.0
v 0.07617200165987015 0.4492189884185791 -0.0
v -0.0976559966802597 0.45117199420928955 -0.0
v -0.09375 0.4609380066394806 -0.0
v 0.07617200165987015 0.46679699420928955 -0.0
v -0.0898440033197403 0.46875 -0.0
v 0.08007799834012985 0.48242199420928955 -0.0
v -0.0898440033197403 0.4882810115814209 -0.0
v 0.08007799834012985 0.4960939884185791 -0.0
v -0.0898440033197403 0.5019530057907104 -0.0
v -0.08789099752902985 0.5136719942092896 -0.0
v 0.078125 0.5136719942092896 -0.0
v -0.08789099752902985 0.5253909826278687 -0.0
v 0.07617200165987015 0.5332030057907104 -0.0
v -0.0898440033197403 0.5390620231628418 -0.0
v -0.09179700165987015 0.5507810115814209 -0.0
v -0.08789099752902985 0.5605469942092896 -0.0
v 0.08398400247097015 0.5625 -0.0
v -0.0859379991889 0.5722659826278687 -0.0
v -0.08789099752902985 0.5898439884185791 -0.0
v 0.078125 0.5898439884185791 -0.0
v -0.09179700165987015 0.5996090173721313 -0.0
v -0.09375 0.6113280057907104 -0.0
v 0.078125 0.6113280057907104 -0.0
v -0.08789099752902985 0.6328120231628418 -0.0
v 0.0742190033197403 0.6328120231628418 -0.0
v -0.0898440033197403 0.6523439884185791 -0.0
v 0.07226599752902985 0.6523439884185791 -0.0
v -0.09570299834012985 0.6777340173721313 -0.0
v 0.06835900247097015 0.6777340173721313 -0.0
v -0.09375 0.6972659826278687 -0.0
v 0.0625 0.6972659826278687 -0.0
v -0.09570299834012985 0.7167969942092896 -0.0
v 0.06445299834012985 0.7167969942092896 -0.0
v -0.1015620008111 0.7363280057907104 -0.0
v 0.06054700165987015 0.7363280057907104 -0.0
v -0.1054690033197403 0.7597659826278687 -0.0
v 0.054687999188899994 0.7597659826278687 -0.0
v -0.10742200165987015 0.7714840173721313 -0.0
v 0.052733998745679855 0.7714840173721313 -0.0
v -0.10742200165987015 0.7851560115814209 -0.0
v 0.054687999188899994 0.7851560115814209 -0.0
v -0.109375 0.8007810115814209 -0.0
v 0.056641001254320145 0.8007810115814209 -0.0
v -0.1132809966802597 0.8164060115814209 -0.0
v 0.0625 0.8164060115814209 -0.0
v -0.11914099752902985 0.8300780057907104 -0.0
v 0.06835900247097015 0.8300780057907104 -0.0
v 0.07617200165987015 0.8476560115814209 -0.0
v -0.12695300579071045 0.8671879768371582 -0.0
v 0.06445299834012985 0.8671879768371582 -0.0
v -0.13476599752902985 0.8945310115814209 -0.0
v 0.04492200165987015 0.8945310115814209 -0.0
v -0.14257800579071045 0.921875 -0.0
v 0.015625 0.921875 -0.0
v -0.019531000405550003 0.9375 -0.0
v -0.15039099752902985 0.9492189884185791 -0.0
v -0.06445299834012985 0.9492189884185791 -0.0
v -0.0898440033197403 0.5996090173721313 0.00976600032299757
v -0.09179700165987015 0.6113280057907104 0.00976600032299757
v -0.0859379991889 0.6328120231628418 0.00976600032299757
v -0.08789099752902985 0.6523439884185791 0.00976600032299757
v -0.09179700165987015 0.6972659826278687 0.00976600032299757
v -0.08789099752902985 0.46875 0.011718999594449997
v -0.08789099752902985 0.4882810115814209 0.011718999594449997
v -0.08789099752902985 0.5019530057907104 0.011718999594449997
v -0.0859379991889 0.5136719942092896 0.011718999594449997
v -0.0859379991889 0.5253909826278687 0.011718999594449997
v -0.08789099752902985 0.5390620231628418 0.011718999594449997
v -0.0898440033197403 0.5507810115814209 0.011718999594449997
v -0.0859379991889 0.5605469942092896 0.011718999594449997
v -0.0859379991889 0.5722659826278687 0.011718999594449997
v -0.08789099752902985 0.5898439884185791 0.011718999594449997
v -0.09375 0.6777340173721313 0.011718999594449997
v -0.09570299834012985 0.7167969942092896 0.011718999594449997
v -0.09960900247097015 0.7363280057907104 0.011718999594449997
v -0.10351599752902985 0.7597659826278687 0.011718999594449997
v -0.1054690033197403 0.7714840173721313 0.011718999594449997
v -0.1054690033197403 0.7851560115814209 0.011718999594449997
v -0.10742200165987015 0.8007810115814209 0.011718999594449997
v -0.11132799834012985 0.8164060115814209 0.011718999594449997
v 0.17382800579071045 -0.8945310115814209 0.013671999797224998
v -0.1015620008111 0.421875 0.013671999797224998
v -0.0976559966802597 0.43945300579071045 0.013671999797224998
v -0.09570299834012985 0.45117199420928955 0.013671999797224998
v -0.09179700165987015 0.45898398756980896 0.013671999797224998
v -0.1171879991889 0.8300780057907104 0.013671999797224998
v -0.125 0.8671879768371582 0.013671999797224998
v 0.06445299834012985 0.8671879768371582 0.013671999797224998
v -0.1328119933605194 0.8945310115814209 0.013671999797224998
v -0.140625 0.921875 0.013671999797224998
v -0.14648400247097015 0.9433590173721313 0.013671999797224998
v 0.13867199420928955 -0.828125 0.015625
v 0.06054700165987015 0.34375 0.015625
v 0.06054700165987015 0.36523398756980896 0.015625
v 0.0625 0.390625 0.015625
v -0.109375 0.4023439884185791 0.015625
v 0.06445299834012985 0.40429699420928955 0.015625
v 0.07226599752902985 0.45117199420928955 0.015625
v 0.07226599752902985 0.46679699420928955 0.015625
v 0.0742190033197403 0.5136719942092896 0.015625
v 0.07226599752902985 0.5332030057907104 0.015625
v 0.0742190033197403 0.5898439884185791 0.015625
v 0.0703120008111 0.6328120231628418 0.015625
v 0.06445299834012985 0.6777340173721313 0.015625
v 0.05859399959445 0.6972659826278687 0.015625
v 0.05078100040555 0.7597659826278687 0.015625
v 0.04882799834012985 0.7714840173721313 0.015625
v 0.11914099752902985 -0.84375 0.017578000202775
v 0.11132799834012985 -0.7519530057907104 0.017578000202775
v 0.16210900247097015 0.16992199420928955 0.017578000202775
v 0.1640619933605194 0.18945300579071045 0.017578000202775
v -0.2148440033197403 0.19726599752902985 0.017578000202775
v 0.1640619933605194 0.20898400247097015 0.017578000202775
v 0.15820300579071045 0.22070300579071045 0.017578000202775
v -0.2109380066394806 0.24023400247097015 0.017578000202775
v 0.0664059966802597 0.3203119933605194 0.017578000202775
v 0.06445299834012985 0.37695300579071045 0.017578000202775
v -0.11523400247097015 0.38085898756980896 0.017578000202775
v 0.07617200165987015 0.41992199420928955 0.017578000202775
v 0.07617200165987015 0.4335939884185791 0.017578000202775
v 0.07617200165987015 0.48242199420928955 0.017578000202775
v 0.07617200165987015 0.4960939884185791 0.017578000202775
v 0.08007799834012985 0.5625 0.017578000202775
v -0.08789099752902985 0.6113280057907104 0.017578000202775
v 0.0742190033197403 0.6113280057907104 0.017578000202775
v 0.06835900247097015 0.6523439884185791 0.017578000202775
v 0.06054700165987015 0.7167969942092896 0.017578000202775
v 0.056641001254320145 0.7363280057907104 0.017578000202775
v 0.05078100040555 0.7851560115814209 0.017578000202775
v 0.052733998745679855 0.8007810115814209 0.017578000202775
v 0.04492200165987015 0.8945310115814209 0.017578000202775
v -0.11523400247097015 0.9472659826278687 0.017578000202775
v 0.0742190033197403 -0.7890620231628418 0.019531000405550003
v 0.0664059966802597 -0.6953120231628418 0.019531000405550003
v 0.09375 -0.6796879768371582 0.019531000405550003
v -0.21875 0.20117199420928955 0.019531000405550003
v -0.21875 0.234375 0.019531000405550003
v 0.0742190033197403 0.29882800579071045 0.019531000405550003
v -0.08398400247097015 0.5996090173721313 0.019531000405550003
v -0.0820309966802597 0.6328120231628418 0.019531000405550003
v -0.08398400247097015 0.6523439884185791 0.019531000405550003
v -0.08789099752902985 0.6972659826278687 0.019531000405550003
v -0.0898440033197403 0.7167969942092896 0.019531000405550003
v 0.05859399959445 0.8164060115814209 0.019531000405550003
v 0.06445299834012985 0.8300780057907104 0.019531000405550003
v 0.08007799834012985 -0.6074219942092896 0.021484000608325005
v 0.078125 0.25585898756980896 0.021484000608325005
v -0.13867199420928955 0.26367199420928955 0.021484000608325005
v 0.0703120008111 0.2734380066394806 0.021484000608325005
v -0.12304700165987015 0.2851560115814209 0.021484000608325005
v 0.07226599752902985 0.28710898756980896 0.021484000608325005
v -0.11132799834012985 0.30664101243019104 0.021484000608325005
v -0.10351599752902985 0.33007800579071045 0.021484000608325005
v -0.1054690033197403 0.3515619933605194 0.021484000608325005
v -0.0859379991889 0.4570310115814209 0.021484000608325005
v -0.08398400247097015 0.46679699420928955 0.021484000608325005
v -0.08398400247097015 0.48632800579071045 0.021484000608325005
v -0.0820309966802597 0.5 0.021484000608325005
v -0.08007799834012985 0.5117189884185791 0.021484000608325005
v -0.08007799834012985 0.5234379768371582 0.021484000608325005
v -0.0820309966802597 0.5371090173721313 0.021484000608325005
v -0.08398400247097015 0.5488280057907104 0.021484000608325005
v -0.08007799834012985 0.5585939884185791 0.021484000608325005
v -0.08007799834012985 0.5703120231628418 0.021484000608325005
v -0.0820309966802597 0.5898439884185791 0.021484000608325005
v -0.0898440033197403 0.6777340173721313 0.021484000608325005
v -0.09570299834012985 0.7363280057907104 0.021484000608325005
v -0.09960900247097015 0.7597659826278687 0.021484000608325005
v -0.09960900247097015 0.7714840173721313 0.021484000608325005
v -0.09960900247097015 0.7851560115814209 0.021484000608325005
v -0.1015620008111 0.8007810115814209 0.021484000608325005
v 0.0703120008111 0.84375 0.021484000608325005
v 0.05859399959445 0.8671879768371582 0.021484000608325005
v 0.015625 0.921875 0.021484000608325005
v -0.0859379991889 0.9492189884185791 0.021484000608325005
v 0.039062000811100006 -0.7382810115814209 0.023437999188899994
v 0.039062000811100006 -0.6484379768371582 0.023437999188899994
v 0.041016001254320145 -0.5800780057907104 0.023437999188899994
v 0.0703120008111 -0.5371090173721313 0.023437999188899994
v 0.08789099752902985 0.23632800579071045 0.023437999188899994
v -0.09570299834012985 0.41992199420928955 0.023437999188899994
v -0.09179700165987015 0.4375 0.023437999188899994
v -0.0898440033197403 0.4492189884185791 0.023437999188899994
v -0.1054690033197403 0.8164060115814209 0.023437999188899994
v -0.11132799834012985 0.8300780057907104 0.023437999188899994
v -0.11914099752902985 0.8671879768371582 0.023437999188899994
v -0.12695300579071045 0.8945310115814209 0.023437999188899994
v 0.041016001254320145 0.8945310115814209 0.023437999188899994
v -0.1367190033197403 0.921875 0.023437999188899994
v -0.06445299834012985 0.9492189884185791 0.023437999188899994
v 0.00976600032299757 -0.6875 0.025390999391674995
v 0.013671999797224998 -0.6054689884185791 0.025390999391674995
v 0.021484000608325005 -0.5292969942092896 0.025390999391674995
v 0.0664059966802597 -0.4726560115814209 0.025390999391674995
v 0.1054690033197403 0.2226559966802597 0.025390999391674995
v -0.1601559966802597 0.24414099752902985 0.025390999391674995
v -0.11132799834012985 0.3789060115814209 0.025390999391674995
v -0.10351599752902985 0.40039101243019104 0.025390999391674995
v 0.013671999797224998 0.921875 0.025390999391674995
v -0.019531000405550003 0.9375 0.025390999391674995
v -0.015625 -0.6386719942092896 0.027343999594449997
v -0.0078119998797774315 -0.5625 0.027343999594449997
v 0.025390999391674995 -0.47070300579071045 0.027343999594449997
v 0.06835900247097015 -0.4101560115814209 0.027343999594449997
v -0.13867199420928955 0.24023400247097015 0.027343999594449997
v 0.052733998745679855 0.40625 0.027343999594449997
v -0.027343999594449997 0.9375 0.027343999594449997
v -0.039062000811100006 -0.5898439884185791 0.029296999797225
v -0.05859399959445 -0.5410159826278687 0.029296999797225
v -0.027343999594449997 -0.5175780057907104 0.029296999797225
v -0.0039059999398887157 -0.4960939884185791 0.029296999797225
v -0.0742190033197403 -0.49023398756980896 0.029296999797225
v -0.04492200165987015 -0.4726560115814209 0.029296999797225
v -0.019531000405550003 -0.453125 0.029296999797225
v -0.08789099752902985 -0.4375 0.029296999797225
v 0.005859000142663717 -0.4335939884185791 0.029296999797225
v -0.05859399959445 -0.4257810115814209 0.029296999797225
v -0.03320299834012985 -0.4101560115814209 0.029296999797225
v -0.00976600032299757 -0.3945310115814209 0.029296999797225
v -0.0976559966802597 -0.3828119933605194 0.029296999797225
v 0.023437999188899994 -0.3789060115814209 0.029296999797225
v -0.06835900247097015 -0.37695300579071045 0.029296999797225
v -0.04296899959445 -0.3671880066394806 0.029296999797225
v -0.019531000405550003 -0.35351601243019104 0.029296999797225
v 0.07617200165987015 -0.34570300579071045 0.029296999797225
v 0.005859000142663717 -0.3398439884185791 0.029296999797225
v -0.1054690033197403 -0.328125 0.029296999797225
v -0.07617200165987015 -0.32617199420928955 0.029296999797225
v -0.05078100040555 -0.3203119933605194 0.029296999797225
v 0.06054700165987015 -0.3203119933605194 0.029296999797225
v -0.027343999594449997 -0.3125 0.029296999797225
v -0.0039059999398887157 -0.3007810115814209 0.029296999797225
v 0.046875 -0.28710898756980896 0.029296999797225
v -0.109375 -0.27148398756980896 0.029296999797225
v -0.08007799834012985 -0.27148398756980896 0.029296999797225
v -0.054687999188899994 -0.2695310115814209 0.029296999797225
v -0.03125 -0.265625 0.029296999797225
v -0.0078119998797774315 -0.25976601243019104 0.029296999797225
v 0.039062000811100006 -0.25 0.029296999797225
v -0.109375 -0.2109380066394806 0.029296999797225
v -0.08007799834012985 -0.2109380066394806 0.029296999797225
v -0.056641001254320145 -0.2109380066394806 0.029296999797225
v -0.03320299834012985 -0.2109380066394806 0.029296999797225
v -0.00976600032299757 -0.2109380066394806 0.029296999797225
v 0.03515600040555 -0.2109380066394806 0.029296999797225
v 0.037108998745679855 -0.16992199420928955 0.029296999797225
v 0.041016001254320145 -0.1289059966802597 0.029296999797225
v 0.05078100040555 -0.08789099752902985 0.029296999797225
v 0.0625 -0.046875 0.029296999797225
v 0.07617200165987015 -0.0078119998797774315 0.029296999797225
v -0.11132799834012985 0.0039059999398887157 0.029296999797225
v -0.0820309966802597 0.0039059999398887157 0.029296999797225
v -0.056641001254320145 0.0039059999398887157 0.029296999797225
v -0.03320299834012985 0.0039059999398887157 0.029296999797225
v -0.00976600032299757 0.0039059999398887157 0.029296999797225
v 0.0859379991889 0.019531000405550003 0.029296999797225
v 0.0664059966802597 0.04882799834012985 0.029296999797225
v -0.1132809966802597 0.0664059966802597 0.029296999797225
v -0.08398400247097015 0.0664059966802597 0.029296999797225
v -0.05859399959445 0.0664059966802597 0.029296999797225
v 0.06445299834012985 0.0664059966802597 0.029296999797225
v 0.0664059966802597 0.08789099752902985 0.029296999797225
v 0.0703120008111 0.10742200165987015 0.029296999797225
v -0.1171879991889 0.1132809966802597 0.029296999797225
v -0.08789099752902985 0.1132809966802597 0.029296999797225
v 0.078125 0.12695300579071045 0.029296999797225
v 0.0898440033197403 0.1445309966802597 0.029296999797225
v -0.1289059966802597 0.1484380066394806 0.029296999797225
v -0.0976559966802597 0.1484380066394806 0.029296999797225
v 0.07226599752902985 0.15429699420928955 0.029296999797225
v 0.1054690033197403 0.15820300579071045 0.029296999797225
v -0.109375 0.16210900247097015 0.029296999797225
v -0.14648400247097015 0.171875 0.029296999797225
v 0.05078100040555 0.34570300579071045 0.029296999797225
v 0.05078100040555 0.3671880066394806 0.029296999797225
v 0.052733998745679855 0.39257800579071045 0.029296999797225
v 0.0625 0.453125 0.029296999797225
v 0.0625 0.46875 0.029296999797225
v 0.06445299834012985 0.515625 0.029296999797225
v 0.0625 0.5351560115814209 0.029296999797225
v 0.06445299834012985 0.5898439884185791 0.029296999797225
v -0.07226599752902985 0.5976560115814209 0.029296999797225
v -0.07226599752902985 0.6328120231628418 0.029296999797225
v 0.06054700165987015 0.6328120231628418 0.029296999797225
v -0.078125 0.6972659826278687 0.029296999797225
v 0.04882799834012985 0.6972659826278687 0.029296999797225
v 0.041016001254320145 0.7597659826278687 0.029296999797225
v 0.039062000811100006 0.7714840173721313 0.029296999797225
v 0.0039059999398887157 0.921875 0.029296999797225
v -0.13867199420928955 0.9355469942092896 0.029296999797225
v -0.025390999391674995 0.052733998745679855 0.03125
v -0.03320299834012985 0.0664059966802597 0.03125
v -0.015625 0.0664059966802597 0.03125
v -0.06054700165987015 0.1132809966802597 0.03125
v 0.015625 0.1132809966802597 0.03125
v 0.041016001254320145 0.13867199420928955 0.03125
v 0.15429699420928955 0.16601599752902985 0.03125
v 0.15625 0.18945300579071045 0.03125
v -0.20507800579071045 0.1953119933605194 0.03125
v 0.15625 0.20898400247097015 0.03125
v 0.15039099752902985 0.21679699420928955 0.03125
v 0.06445299834012985 0.22460900247097015 0.03125
v -0.203125 0.23632800579071045 0.03125
v -0.10351599752902985 0.24023400247097015 0.03125
v 0.054687999188899994 0.32226601243019104 0.03125
v 0.054687999188899994 0.3789060115814209 0.03125
v 0.06445299834012985 0.421875 0.03125
v 0.06445299834012985 0.43554699420928955 0.03125
v -0.07226599752902985 0.4609380066394806 0.03125
v 0.0664059966802597 0.484375 0.03125
v 0.0664059966802597 0.49804699420928955 0.03125
v -0.06835900247097015 0.5058590173721313 0.03125
v -0.06835900247097015 0.5195310115814209 0.03125
v -0.06835900247097015 0.5546879768371582 0.03125
v 0.06835900247097015 0.5625 0.03125
v -0.06835900247097015 0.5683590173721313 0.03125
v -0.07617200165987015 0.6113280057907104 0.03125
v 0.06445299834012985 0.6113280057907104 0.03125
v -0.0742190033197403 0.6523439884185791 0.03125
v 0.05859399959445 0.6523439884185791 0.03125
v 0.054687999188899994 0.6777340173721313 0.03125
v -0.08007799834012985 0.7167969942092896 0.03125
v 0.05078100040555 0.7167969942092896 0.03125
v 0.046875 0.7363280057907104 0.03125
v -0.08789099752902985 0.7597659826278687 0.03125
v 0.041016001254320145 0.7851560115814209 0.03125
v -0.10351599752902985 0.9375 0.03125
v -0.04882799834012985 0.9375 0.03125
v 0.03320299834012985 0.234375 0.03320299834012985
v -0.0742190033197403 0.24804699420928955 0.03320299834012985
v -0.08007799834012985 0.4296880066394806 0.03320299834012985
v -0.07617200165987015 0.45117199420928955 0.03320299834012985
v -0.07226599752902985 0.4804689884185791 0.03320299834012985
v -0.0703120008111 0.49414101243019104 0.03320299834012985
v -0.0703120008111 0.5332030057907104 0.03320299834012985
v -0.0703120008111 0.5429689884185791 0.03320299834012985
v -0.0703120008111 0.5859379768371582 0.03320299834012985
v -0.08007799834012985 0.6777340173721313 0.03320299834012985
v -0.0859379991889 0.7363280057907104 0.03320299834012985
v -0.0898440033197403 0.7714840173721313 0.03320299834012985
v -0.0898440033197403 0.7851560115814209 0.03320299834012985
v -0.0898440033197403 0.8007810115814209 0.03320299834012985
v 0.04296899959445 0.8007810115814209 0.03320299834012985
v 0.025390999391674995 0.8945310115814209 0.03320299834012985
v -0.0742190033197403 0.9375 0.03320299834012985
v -0.20898400247097015 0.1992190033197403 0.03515600040555
v -0.20898400247097015 0.2304690033197403 0.03515600040555
v 0.06054700165987015 0.30273398756980896 0.03515600040555
v -0.08398400247097015 0.41210898756980896 0.03515600040555
v -0.078125 0.4414060115814209 0.03515600040555
v -0.09375 0.8164060115814209 0.03515600040555
v 0.046875 0.8164060115814209 0.03515600040555
v 0.041016001254320145 0.8671879768371582 0.03515600040555
v -0.013671999797224998 0.921875 0.03515600040555
v -0.025390999391674995 0.0664059966802597 0.037108998745679855
v 0.00976600032299757 0.25585898756980896 0.037108998745679855
v -0.05078100040555 0.26757800579071045 0.037108998745679855
v -0.0898440033197403 0.3945310115814209 0.037108998745679855
v -0.0976559966802597 0.8300780057907104 0.037108998745679855
v 0.052733998745679855 0.8300780057907104 0.037108998745679855
v -0.1054690033197403 0.8671879768371582 0.037108998745679855
v -0.027343999594449997 0.8789060115814209 0.037108998745679855
v -0.11523400247097015 0.8945310115814209 0.037108998745679855
v -0.12695300579071045 0.921875 0.037108998745679855
v -0.005859000142663717 0.28320300579071045 0.039062000811100006
v -0.03515600040555 0.2929689884185791 0.039062000811100006
v 0.03320299834012985 0.34960898756980896 0.039062000811100006
v 0.03515600040555 0.3710939884185791 0.039062000811100006
v 0.037108998745679855 0.39648398756980896 0.039062000811100006
v 0.037108998745679855 0.4101560115814209 0.039062000811100006
v 0.04492200165987015 0.4570310115814209 0.039062000811100006
v 0.046875 0.4726560115814209 0.039062000811100006
v 0.046875 0.5195310115814209 0.039062000811100006
v 0.046875 0.5371090173721313 0.039062000811100006
v 0.046875 0.5898439884185791 0.039062000811100006
v -0.056641001254320145 0.5957030057907104 0.039062000811100006
v -0.056641001254320145 0.6328120231628418 0.039062000811100006
v 0.04492200165987015 0.6328120231628418 0.039062000811100006
v -0.0625 0.6972659826278687 0.039062000811100006
v 0.03515600040555 0.6972659826278687 0.039062000811100006
v 0.025390999391674995 0.7597659826278687 0.039062000811100006
v -0.027343999594449997 0.8730469942092896 0.039062000811100006
v -0.03320299834012985 0.875 0.039062000811100006
v -0.023437999188899994 0.875 0.039062000811100006
v -0.03515600040555 0.8789060115814209 0.039062000811100006
v -0.021484000608325005 0.8789060115814209 0.039062000811100006
v -0.03320299834012985 0.8847659826278687 0.039062000811100006
v -0.023437999188899994 0.8847659826278687 0.039062000811100006
v -0.027343999594449997 0.8867189884185791 0.039062000811100006
v -0.03125 0.921875 0.039062000811100006
v 0.037108998745679855 0.32617199420928955 0.041016001254320145
v -0.09375 0.375 0.041016001254320145
v 0.037108998745679855 0.3828119933605194 0.041016001254320145
v 0.046875 0.42773398756980896 0.041016001254320145
v 0.046875 0.4414060115814209 0.041016001254320145
v -0.05859399959445 0.453125 0.041016001254320145
v 0.04882799834012985 0.4882810115814209 0.041016001254320145
v -0.052733998745679855 0.49804699420928955 0.041016001254320145
v 0.04882799834012985 0.5019530057907104 0.041016001254320145
v -0.052733998745679855 0.5117189884185791 0.041016001254320145
v -0.052733998745679855 0.5488280057907104 0.041016001254320145
v -0.052733998745679855 0.5625 0.041016001254320145
v -0.05859399959445 0.6113280057907104 0.041016001254320145
v 0.04882799834012985 0.6113280057907104 0.041016001254320145
v -0.05859399959445 0.6523439884185791 0.041016001254320145
v 0.04296899959445 0.6523439884185791 0.041016001254320145
v 0.039062000811100006 0.6777340173721313 0.041016001254320145
v -0.0664059966802597 0.7167969942092896 0.041016001254320145
v 0.03515600040555 0.7167969942092896 0.041016001254320145
v 0.03125 0.7363280057907104 0.041016001254320145
v -0.07226599752902985 0.7597659826278687 0.041016001254320145
v 0.025390999391674995 0.7714840173721313 0.041016001254320145
v 0.0039059999398887157 0.8945310115814209 0.041016001254320145
v -0.11914099752902985 0.921875 0.041016001254320145
v -0.056641001254320145 0.921875 0.041016001254320145
v -0.06835900247097015 0.40039101243019104 0.04296899959445
v -0.06445299834012985 0.4179689884185791 0.04296899959445
v -0.06054700165987015 0.4414060115814209 0.04296899959445
v -0.056641001254320145 0.4726560115814209 0.04296899959445
v -0.054687999188899994 0.48632800579071045 0.04296899959445
v -0.054687999188899994 0.5253909826278687 0.04296899959445
v -0.054687999188899994 0.5371090173721313 0.04296899959445
v 0.052733998745679855 0.5644530057907104 0.04296899959445
v -0.054687999188899994 0.5820310115814209 0.04296899959445
v -0.06445299834012985 0.6777340173721313 0.04296899959445
v -0.0703120008111 0.7363280057907104 0.04296899959445
v -0.0742190033197403 0.7714840173721313 0.04296899959445
v 0.025390999391674995 0.7851560115814209 0.04296899959445
v -0.08789099752902985 0.921875 0.04296899959445
v 0.1445309966802597 0.16992199420928955 0.04492200165987015
v 0.1445309966802597 0.18945300579071045 0.04492200165987015
v -0.19335900247097015 0.1953119933605194 0.04492200165987015
v 0.1445309966802597 0.20507800579071045 0.04492200165987015
v -0.19335900247097015 0.22460900247097015 0.04492200165987015
v 0.04296899959445 0.3046880066394806 0.04492200165987015
v -0.025390999391674995 0.31445300579071045 0.04492200165987015
v 0.013671999797224998 0.3554689884185791 0.04492200165987015
v 0.015625 0.37695300579071045 0.04492200165987015
v 0.017578000202775 0.41601601243019104 0.04492200165987015
v -0.0625 0.4296880066394806 0.04492200165987015
v -0.04492200165987015 0.6972659826278687 0.04492200165987015
v 0.015625 0.6972659826278687 0.04492200165987015
v -0.0742190033197403 0.7851560115814209 0.04492200165987015
v -0.0742190033197403 0.8007810115814209 0.04492200165987015
v 0.027343999594449997 0.8007810115814209 0.04492200165987015
v 0.021484000608325005 0.8671879768371582 0.04492200165987015
v -0.07226599752902985 0.38085898756980896 0.046875
v 0.017578000202775 0.4023439884185791 0.046875
v -0.041016001254320145 0.44335898756980896 0.046875
v 0.025390999391674995 0.46289101243019104 0.046875
v 0.027343999594449997 0.47851601243019104 0.046875
v -0.03515600040555 0.49023398756980896 0.046875
v -0.03515600040555 0.5039060115814209 0.046875
v 0.027343999594449997 0.5234379768371582 0.046875
v 0.027343999594449997 0.5410159826278687 0.046875
v -0.03515600040555 0.5429689884185791 0.046875
v -0.03515600040555 0.5566409826278687 0.046875
v 0.027343999594449997 0.5898439884185791 0.046875
v -0.037108998745679855 0.59375 0.046875
v -0.039062000811100006 0.6328120231628418 0.046875
v 0.025390999391674995 0.6328120231628418 0.046875
v -0.054687999188899994 0.7597659826278687 0.046875
v 0.0078119998797774315 0.7597659826278687 0.046875
v -0.07617200165987015 0.8164060115814209 0.046875
v 0.03125 0.8164060115814209 0.046875
v -0.019531000405550003 0.8945310115814209 0.046875
v 0.015625 0.3320310115814209 0.04882799834012985
v -0.0078119998797774315 0.3632810115814209 0.04882799834012985
v -0.005859000142663717 0.38476601243019104 0.04882799834012985
v -0.04882799834012985 0.3867189884185791 0.04882799834012985
v 0.017578000202775 0.38867199420928955 0.04882799834012985
v -0.046875 0.40625 0.04882799834012985
v -0.0019529999699443579 0.42382800579071045 0.04882799834012985
v -0.04296899959445 0.4296880066394806 0.04882799834012985
v -0.021484000608325005 0.4335939884185791 0.04882799834012985
v 0.025390999391674995 0.4335939884185791 0.04882799834012985
v 0.027343999594449997 0.44726601243019104 0.04882799834012985
v -0.039062000811100006 0.46289101243019104 0.04882799834012985
v -0.037108998745679855 0.4765619933605194 0.04882799834012985
v 0.029296999797225 0.49414101243019104 0.04882799834012985
v 0.029296999797225 0.5078120231628418 0.04882799834012985
v -0.03515600040555 0.5175780057907104 0.04882799834012985
v -0.03515600040555 0.5292969942092896 0.04882799834012985
v -0.039062000811100006 0.6113280057907104 0.04882799834012985
v 0.027343999594449997 0.6113280057907104 0.04882799834012985
v -0.041016001254320145 0.6523439884185791 0.04882799834012985
v 0.023437999188899994 0.6523439884185791 0.04882799834012985
v -0.04492200165987015 0.6777340173721313 0.04882799834012985
v 0.019531000405550003 0.6777340173721313 0.04882799834012985
v -0.025390999391674995 0.6972659826278687 0.04882799834012985
v -0.0039059999398887157 0.6972659826278687 0.04882799834012985
v -0.046875 0.7167969942092896 0.04882799834012985
v 0.015625 0.7167969942092896 0.04882799834012985
v -0.05078100040555 0.7363280057907104 0.04882799834012985
v 0.011718999594449997 0.7363280057907104 0.04882799834012985
v -0.056641001254320145 0.7714840173721313 0.04882799834012985
v 0.005859000142663717 0.7714840173721313 0.04882799834012985
v -0.08007799834012985 0.8300780057907104 0.04882799834012985
v 0.03515600040555 0.8300780057907104 0.04882799834012985
v -0.08789099752902985 0.8671879768371582 0.04882799834012985
v -0.017578000202775 0.8808590173721313 0.04882799834012985
v -0.03515600040555 0.8886719942092896 0.04882799834012985
v -0.021484000608325005 0.8886719942092896 0.04882799834012985
v -0.027343999594449997 0.890625 0.04882799834012985
v -0.09960900247097015 0.8945310115814209 0.04882799834012985
v -0.03320299834012985 0.8945310115814209 0.04882799834012985
v -0.171875 0.19335900247097015 0.05078100040555
v -0.171875 0.21679699420928955 0.05078100040555
v -0.07617200165987015 0.36132800579071045 0.05078100040555
v -0.029296999797225 0.375 0.05078100040555
v -0.027343999594449997 0.3945310115814209 0.05078100040555
v -0.0039059999398887157 0.4101560115814209 0.05078100040555
v -0.04492200165987015 0.4179689884185791 0.05078100040555
v -0.023437999188899994 0.41992199420928955 0.05078100040555
v 0.005859000142663717 0.47070300579071045 0.05078100040555
v -0.015625 0.4804689884185791 0.05078100040555
v 0.005859000142663717 0.48632800579071045 0.05078100040555
v -0.015625 0.49414101243019104 0.05078100040555
v 0.0078119998797774315 0.5292969942092896 0.05078100040555
v -0.013671999797224998 0.5351560115814209 0.05078100040555
v 0.0078119998797774315 0.5449219942092896 0.05078100040555
v -0.013671999797224998 0.5507810115814209 0.05078100040555
v 0.03125 0.5664060115814209 0.05078100040555
v -0.03515600040555 0.578125 0.05078100040555
v 0.005859000142663717 0.5898439884185791 0.05078100040555
v -0.015625 0.5917969942092896 0.05078100040555
v -0.017578000202775 0.6328120231628418 0.05078100040555
v 0.0039059999398887157 0.6328120231628418 0.05078100040555
v -0.03515600040555 0.7597659826278687 0.05078100040555
v -0.013671999797224998 0.7597659826278687 0.05078100040555
v -0.056641001254320145 0.7851560115814209 0.05078100040555
v 0.005859000142663717 0.7851560115814209 0.05078100040555
v 0.0 0.8671879768371582 0.05078100040555
v -0.019531000405550003 0.8730469942092896 0.05078100040555
v -0.039062000811100006 0.8808590173721313 0.05078100040555
v -0.0664059966802597 0.8945310115814209 0.05078100040555
v -0.052733998745679855 0.1445309966802597 0.052733998745679855
v 0.0078119998797774315 0.1445309966802597 0.052733998745679855
v -0.078125 0.1679690033197403 0.052733998745679855
v 0.03515600040555 0.1679690033197403 0.052733998745679855
v 0.0664059966802597 0.17773400247097015 0.052733998745679855
v 0.09960900247097015 0.1796880066394806 0.052733998745679855
v 0.1328119933605194 0.1796880066394806 0.052733998745679855
v -0.10742200165987015 0.1835940033197403 0.052733998745679855
v -0.13867199420928955 0.18945300579071045 0.052733998745679855
v 0.1328119933605194 0.1914059966802597 0.052733998745679855
v 0.09960900247097015 0.1992190033197403 0.052733998745679855
v 0.1328119933605194 0.1992190033197403 0.052733998745679855
v 0.0664059966802597 0.20117199420928955 0.052733998745679855
v -0.10742200165987015 0.2109380066394806 0.052733998745679855
v 0.03515600040555 0.2109380066394806 0.052733998745679855
v -0.13867199420928955 0.21289099752902985 0.052733998745679855
v -0.078125 0.21875 0.052733998745679855
v 0.0078119998797774315 0.22851599752902985 0.052733998745679855
v -0.052733998745679855 0.23632800579071045 0.052733998745679855
v -0.0078119998797774315 0.3398439884185791 0.052733998745679855
v -0.052733998745679855 0.36523398756980896 0.052733998745679855
v -0.0039059999398887157 0.39648398756980896 0.052733998745679855
v 0.0039059999398887157 0.44335898756980896 0.052733998745679855
v -0.017578000202775 0.453125 0.052733998745679855
v 0.005859000142663717 0.4570310115814209 0.052733998745679855
v -0.015625 0.46679699420928955 0.052733998745679855
v 0.0078119998797774315 0.5019530057907104 0.052733998745679855
v -0.013671999797224998 0.5097659826278687 0.052733998745679855
v 0.0078119998797774315 0.5136719942092896 0.052733998745679855
v -0.013671999797224998 0.5214840173721313 0.052733998745679855
v -0.017578000202775 0.6113280057907104 0.052733998745679855
v 0.005859000142663717 0.6113280057907104 0.052733998745679855
v -0.019531000405550003 0.6523439884185791 0.052733998745679855
v 0.0019529999699443579 0.6523439884185791 0.052733998745679855
v -0.023437999188899994 0.6777340173721313 0.052733998745679855
v -0.0019529999699443579 0.6777340173721313 0.052733998745679855
v -0.027343999594449997 0.7167969942092896 0.052733998745679855
v -0.005859000142663717 0.7167969942092896 0.052733998745679855
v -0.03125 0.7363280057907104 0.052733998745679855
v -0.00976600032299757 0.7363280057907104 0.052733998745679855
v -0.03515600040555 0.7714840173721313 0.052733998745679855
v -0.013671999797224998 0.7714840173721313 0.052733998745679855
v -0.056641001254320145 0.8007810115814209 0.052733998745679855
v 0.0078119998797774315 0.8007810115814209 0.052733998745679855
v -0.025390999391674995 0.8671879768371582 0.052733998745679855
v -0.027343999594449997 0.8710939884185791 0.052733998745679855
v -0.03515600040555 0.8730469942092896 0.052733998745679855
v -0.025390999391674995 0.16210900247097015 0.054687999188899994
v -0.03320299834012985 0.16601599752902985 0.054687999188899994
v -0.015625 0.16601599752902985 0.054687999188899994
v -0.041016001254320145 0.171875 0.054687999188899994
v -0.0078119998797774315 0.171875 0.054687999188899994
v -0.04492200165987015 0.18164099752902985 0.054687999188899994
v -0.0039059999398887157 0.18164099752902985 0.054687999188899994
v -0.04492200165987015 0.1914059966802597 0.054687999188899994
v -0.0039059999398887157 0.1914059966802597 0.054687999188899994
v -0.041016001254320145 0.20117199420928955 0.054687999188899994
v -0.0078119998797774315 0.20117199420928955 0.054687999188899994
v -0.03320299834012985 0.20898400247097015 0.054687999188899994
v -0.015625 0.20898400247097015 0.054687999188899994
v -0.025390999391674995 0.2109380066394806 0.054687999188899994
v 0.019531000405550003 0.31054699420928955 0.054687999188899994
v -0.03125 0.3515619933605194 0.054687999188899994
v -0.025390999391674995 0.40625 0.054687999188899994
v 0.00976600032299757 0.5703120231628418 0.054687999188899994
v -0.013671999797224998 0.5742189884185791 0.054687999188899994
v -0.03515600040555 0.7851560115814209 0.054687999188899994
v -0.015625 0.7851560115814209 0.054687999188899994
v -0.056641001254320145 0.8164060115814209 0.054687999188899994
v 0.00976600032299757 0.8164060115814209 0.054687999188899994
v -0.046875 0.8671879768371582 0.054687999188899994
v -0.025390999391674995 0.10351599752902985 0.056641001254320145
v -0.025390999391674995 0.27148398756980896 0.056641001254320145
v -0.03515600040555 0.8007810115814209 0.056641001254320145
v -0.013671999797224998 0.8007810115814209 0.056641001254320145
v -0.05859399959445 0.8300780057907104 0.056641001254320145
v 0.013671999797224998 0.8300780057907104 0.056641001254320145
v -0.06835900247097015 0.8671879768371582 0.056641001254320145
v -0.025390999391674995 0.1679690033197403 0.05859399959445
v -0.03125 0.16992199420928955 0.05859399959445
v -0.017578000202775 0.16992199420928955 0.05859399959445
v -0.037108998745679855 0.1757809966802597 0.05859399959445
v -0.011718999594449997 0.1757809966802597 0.05859399959445
v -0.041016001254320145 0.1835940033197403 0.05859399959445
v -0.0078119998797774315 0.1835940033197403 0.05859399959445
v -0.041016001254320145 0.1914059966802597 0.05859399959445
v -0.0078119998797774315 0.1914059966802597 0.05859399959445
v -0.037108998745679855 0.1992190033197403 0.05859399959445
v -0.011718999594449997 0.1992190033197403 0.05859399959445
v -0.03125 0.20507800579071045 0.05859399959445
v -0.017578000202775 0.20507800579071045 0.05859399959445
v -0.025390999391674995 0.2070309966802597 0.05859399959445
v -0.005859000142663717 0.31835898756980896 0.05859399959445
v -0.054687999188899994 0.34570300579071045 0.05859399959445
v -0.03515600040555 0.8164060115814209 0.05859399959445
v -0.011718999594449997 0.8164060115814209 0.05859399959445
v -0.03125 0.33007800579071045 0.06054700165987015
v -0.03515600040555 0.8300780057907104 0.06054700165987015
v -0.011718999594449997 0.8300780057907104 0.06054700165987015
v -0.029296999797225 0.1757809966802597 0.0625
v -0.025390999391674995 0.1757809966802597 0.0625
v -0.019531000405550003 0.1757809966802597 0.0625
v -0.03320299834012985 0.1796880066394806 0.0625
v -0.015625 0.1796880066394806 0.0625
v -0.03515600040555 0.18554699420928955 0.0625
v -0.013671999797224998 0.18554699420928955 0.0625
v -0.03515600040555 0.1914059966802597 0.0625
v -0.013671999797224998 0.1914059966802597 0.0625
v -0.03320299834012985 0.19726599752902985 0.0625
v -0.015625 0.19726599752902985 0.0625
v -0.029296999797225 0.20117199420928955 0.0625
v -0.019531000405550003 0.20117199420928955 0.0625
v -0.025390999391674995 0.203125 0.0625
v -0.025390999391674995 0.1914059966802597 0.0664059966802597
vt 0.5702630281448364 0.11492600291967392
vt 0.5697720050811768 0.12200699746608734
vt 0.5623930096626282 0.11729999631643295
vt 0.5628830194473267 0.11021900177001953
vt 0.5721989870071411 0.474712997674942
vt 0.577189028263092 0.4745219945907593
vt 0.5766810178756714 0.4805009961128235
vt 0.5724080204963684 0.48087000846862793
vt 0.12386500090360641 0.721705973148346
vt 0.13071900606155396 0.7165290117263794
vt 0.13629299402236938 0.7250229716300964
vt 0.12871600687503815 0.7313290238380432
vt 0.27646899223327637 0.48842498660087585
vt 0.2680230140686035 0.4614979922771454
vt 0.29211100935935974 0.46706798672676086
vt 0.29519200325012207 0.5038139820098877
vt 0.09470299631357193 0.6093479990959167
vt 0.09736700356006622 0.6080260276794434
vt 0.10026499629020691 0.6106770038604736
vt 0.09856799989938736 0.6128829717636108
vt 0.5146700143814087 0.4114849865436554
vt 0.5206360220909119 0.4106920063495636
vt 0.5211060047149658 0.4172529876232147
vt 0.5142120122909546 0.41830599308013916
vt 0.26219698786735535 0.09482800215482712
vt 0.2593179941177368 0.09464500099420547
vt 0.2591249942779541 0.08655299991369247
vt 0.26423001289367676 0.09292499721050262
vt 0.08820399641990662 0.7357850074768066
vt 0.09696800261735916 0.7285910248756409
vt 0.09799599647521973 0.7345409989356995
vt 0.08911000192165375 0.7407299876213074
vt 0.6443300247192383 0.06848999857902527
vt 0.6531999707221985 0.0691090002655983
vt 0.6531640291213989 0.07607299834489822
vt 0.644294023513794 0.0754539966583252
vt 0.5094659924507141 0.20392799377441406
vt 0.5187519788742065 0.20452100038528442
vt 0.5196449756622314 0.21478299796581268
vt 0.5113189816474915 0.21426400542259216
vt 0.26162999868392944 0.07640799880027771
vt 0.26306501030921936 0.04503000155091286
vt 0.27877798676490784 0.06833100318908691
vt 0.2663719952106476 0.07772599905729294
vt 0.4975239932537079 0.5680959820747375
vt 0.4994179904460907 0.5598530173301697
vt 0.5079399943351746 0.5582169890403748
vt 0.5054150223731995 0.5670509934425354
vt 0.5498530268669128 0.5560309886932373
vt 0.5431860089302063 0.5625860095024109
vt 0.5389860272407532 0.5578789710998535
vt 0.5456529855728149 0.5513250231742859
vt 0.5508099794387817 0.14076699316501617
vt 0.5506150126457214 0.15290699899196625
vt 0.5392500162124634 0.1499989926815033
vt 0.540473997592926 0.13692200183868408
vt 0.26998400688171387 0.08201900124549866
vt 0.291703999042511 0.07829499989748001
vt 0.2716200053691864 0.0872030034661293
vt 0.5463879704475403 0.5184630155563354
vt 0.5423920154571533 0.5272619724273682
vt 0.5235810279846191 0.5269070267677307
vt 0.530817985534668 0.5146909952163696
vt 0.5713210105895996 0.2573480010032654
vt 0.5773760080337524 0.25793299078941345
vt 0.576885998249054 0.26501399278640747
vt 0.571153998374939 0.2644290030002594
vt 0.4412499964237213 0.5610560178756714
vt 0.4353320002555847 0.5632309913635254
vt 0.43416500091552734 0.5606160163879395
vt 0.43851301074028015 0.5578659772872925
vt 0.12338099628686905 0.9112330079078674
vt 0.1249070018529892 0.9192469716072083
vt 0.11511500179767609 0.9204909801483154
vt 0.11413799971342087 0.9124420285224915
vt 0.28412100672721863 0.31728899478912354
vt 0.28333500027656555 0.2969200015068054
vt 0.30455198884010315 0.2968910038471222
vt 0.30545100569725037 0.31523600220680237
vt 0.6444309949874878 0.11651600152254105
vt 0.6524310111999512 0.11702899634838104
vt 0.6518579721450806 0.127143993973732
vt 0.6438570022583008 0.1266310065984726
vt 0.39510300755500793 0.5684059858322144
vt 0.38505101203918457 0.5687819719314575
vt 0.3843710124492645 0.559457004070282
vt 0.3950679898262024 0.5602390170097351
vt 0.11973399668931961 0.7018280029296875
vt 0.12743200361728668 0.6965280175209045
vt 0.13010700047016144 0.7023710012435913
vt 0.12240800261497498 0.7076709866523743
vt 0.6482419967651367 0.22165900468826294
vt 0.647146999835968 0.23194000124931335
vt 0.638276994228363 0.23132100701332092
vt 0.6393719911575317 0.22103999555110931
vt 0.24974599480628967 0.2947860062122345
vt 0.25598201155662537 0.18342800438404083
vt 0.2674979865550995 0.1841599941253662
vt 0.2612619996070862 0.29551801085472107
vt 0.2691340148448944 0.09720399975776672
vt 0.2666819989681244 0.09506499767303467
vt 0.26882800459861755 0.09113699942827225
vt 0.27133700251579285 0.09226399660110474
vt 0.5608289837837219 0.22799700498580933
vt 0.5691249966621399 0.2287299931049347
vt 0.5706650018692017 0.23899300396442413
vt 0.5620459914207458 0.23825900256633759
vt 0.5441849827766418 0.33361101150512695
vt 0.5569729804992676 0.3345699906349182
vt 0.5637490153312683 0.3433220088481903
vt 0.5509610176086426 0.34236401319503784
vt 0.21788999438285828 0.12411399930715561
vt 0.21315200626850128 0.10552600026130676
vt 0.22850799560546875 0.10650099813938141
vt 0.23228499293327332 0.12502899765968323
vt 0.2945840060710907 0.2336300015449524
vt 0.3015330135822296 0.21273699402809143
vt 0.3205470144748688 0.2176479995250702
vt 0.31365498900413513 0.237528994679451
vt 0.5526049733161926 0.11952599883079529
vt 0.552183985710144 0.12559500336647034
vt 0.5419179797172546 0.12073899805545807
vt 0.5423380136489868 0.11467000097036362
vt 0.5238869786262512 0.07475399971008301
vt 0.5233970284461975 0.08183500170707703
vt 0.5133619904518127 0.0781330019235611
vt 0.5138530135154724 0.07105299830436707
vt 0.5531039834022522 0.23752400279045105
vt 0.5627999901771545 0.250544011592865
vt 0.5538579821586609 0.24980899691581726
vt 0.5101659893989563 0.11960399895906448
vt 0.510424017906189 0.12979300320148468
vt 0.5034379959106445 0.12840799987316132
vt 0.503180980682373 0.11821900308132172
vt 0.5192679762840271 0.22489899396896362
vt 0.5099819898605347 0.22430600225925446
vt 0.629580020904541 0.23141300678253174
vt 0.6306750178337097 0.22113199532032013
vt 0.6176599860191345 0.11555899679660797
vt 0.6263719797134399 0.11133400350809097
vt 0.6266739964485168 0.12055999785661697
vt 0.6179659962654114 0.12379000335931778
vt 0.5543379783630371 0.04344100132584572
vt 0.5526090264320374 0.05449400097131729
vt 0.5416960120201111 0.04963500052690506
vt 0.543425977230072 0.038582999259233475
vt 0.33421599864959717 0.6555420160293579
vt 0.31854599714279175 0.620028018951416
vt 0.3319140076637268 0.6166210174560547
vt 0.3443810045719147 0.6519560217857361
vt 0.04112299904227257 0.36877501010894775
vt 0.0522180013358593 0.3681899905204773
vt 0.055038999766111374 0.39849600195884705
vt 0.0449099987745285 0.39996498823165894
vt 0.25232601165771484 0.3691140115261078
vt 0.24967700242996216 0.3476099967956543
vt 0.2615340054035187 0.3422679901123047
vt 0.2651979923248291 0.36281999945640564
vt 0.2558650076389313 0.4435029923915863
vt 0.2494339942932129 0.4207429885864258
vt 0.26247701048851013 0.41141200065612793
vt 0.2713199853897095 0.43125298619270325
vt 0.6569650173187256 0.04950299859046936
vt 0.655538022518158 0.0565279982984066
vt 0.6496250033378601 0.05534999817609787
vt 0.6501820087432861 0.048218999058008194
vt 0.5202699899673462 0.12229400128126144
vt 0.5196390151977539 0.131398007273674
vt 0.26905500888824463 0.08708799630403519
vt 0.26736199855804443 0.08291599899530411
vt 0.08569400012493134 0.7980780005455017
vt 0.09084799885749817 0.7965260148048401
vt 0.09158100187778473 0.8025630116462708
vt 0.0864270031452179 0.8041149973869324
vt 0.6310750246047974 0.3129189908504486
vt 0.6228269934654236 0.32906898856163025
vt 0.6184790134429932 0.32968899607658386
vt 0.6225519776344299 0.3137199878692627
vt 0.27270200848579407 0.38361498713493347
vt 0.28688299655914307 0.3367669880390167
vt 0.2926369905471802 0.3544040024280548
vt 0.5081729888916016 0.4435040056705475
vt 0.5140010118484497 0.44451001286506653
vt 0.5141509771347046 0.4560930132865906
vt 0.5087180137634277 0.4558570086956024
vt 0.5709159970283508 0.07316400110721588
vt 0.5692139863967896 0.0791580006480217
vt 0.5602999925613403 0.07336500287055969
vt 0.5623949766159058 0.06635899841785431
vt 0.49805599451065063 0.5054519772529602
vt 0.4978410005569458 0.5004630088806152
vt 0.5049939751625061 0.5003039836883545
vt 0.5052090287208557 0.5052919983863831
vt 0.06176599860191345 0.12094800174236298
vt 0.07517299801111221 0.1414400041103363
vt 0.06738600134849548 0.16722999513149261
vt 0.052831001579761505 0.14890800416469574
vt 0.3686319887638092 0.4226419925689697
vt 0.38937699794769287 0.41804900765419006
vt 0.3930380046367645 0.43683600425720215
vt 0.3723219931125641 0.4424239993095398
vt 0.140066996216774 0.8177340030670166
vt 0.14001800119876862 0.8289600014686584
vt 0.13073299825191498 0.8303059935569763
vt 0.129938006401062 0.8192030191421509
vt 0.1034879982471466 0.8778449892997742
vt 0.10272599756717682 0.8882380127906799
vt 0.09521300345659256 0.8890640139579773
vt 0.09597499668598175 0.8786709904670715
vt 0.14084400236606598 0.8524320125579834
vt 0.14012399315834045 0.8626880049705505
vt 0.130839005112648 0.8640339970588684
vt 0.13155899941921234 0.8537790179252625
vt 0.10507000237703323 0.921684980392456
vt 0.10490799695253372 0.9299430251121521
vt 0.09655000269412994 0.9308919906616211
vt 0.09671200066804886 0.9226329922676086
vt 0.5154150128364563 0.543042004108429
vt 0.5130149722099304 0.53752201795578
vt 0.5173199772834778 0.5365210175514221
vt 0.5197200179100037 0.542041003704071
vt 0.5309349894523621 0.1168920025229454
vt 0.5314260125160217 0.10981199890375137
vt 0.14825400710105896 0.8164590001106262
vt 0.1482049971818924 0.8276839852333069
vt 0.5029259920120239 0.22393199801445007
vt 0.5111989974975586 0.23456799983978271
vt 0.5041429996490479 0.23419399559497833
vt 0.49215900897979736 0.5603060126304626
vt 0.49279001355171204 0.5532450079917908
vt 0.4995439946651459 0.5519689917564392
vt 0.6258530020713806 0.17842799425125122
vt 0.6244099736213684 0.18843799829483032
vt 0.6157130002975464 0.18967799842357635
vt 0.6171560287475586 0.17966799437999725
vt 0.08864899724721909 0.7784159779548645
vt 0.09621399641036987 0.7754899859428406
vt 0.09677399694919586 0.7826200127601624
vt 0.08866000175476074 0.7855809926986694
vt 0.24446600675582886 0.18269599974155426
vt 0.24532000720500946 0.1502400040626526
vt 0.2574729919433594 0.15103599429130554
vt 0.4110899865627289 0.5578659772872925
vt 0.420974999666214 0.5592759847640991
vt 0.4191029965877533 0.5638449788093567
vt 0.4092180132865906 0.56243497133255
vt 0.5393360257148743 0.0697920024394989
vt 0.5355160236358643 0.07860200107097626
vt 0.5289890170097351 0.0660180002450943
vt 0.6354269981384277 0.10837700217962265
vt 0.6357290148735046 0.11760199815034866
vt 0.06847699731588364 0.5091710090637207
vt 0.05750399827957153 0.5107629895210266
vt 0.6355329751968384 0.15540699660778046
vt 0.6442300081253052 0.15531599521636963
vt 0.6433029770851135 0.16615399718284607
vt 0.6346070170402527 0.1662449985742569
vt 0.6440320014953613 0.09280499815940857
vt 0.6520329713821411 0.09331800043582916
vt 0.6530349850654602 0.10094500333070755
vt 0.6441649794578552 0.10032600164413452
vt 0.6230739951133728 0.21209099888801575
vt 0.6221519708633423 0.2219340056180954
vt 0.6134549975395203 0.22317400574684143
vt 0.6152459979057312 0.21343599259853363
vt 0.08033599704504013 0.740759015083313
vt 0.08196300268173218 0.7445740103721619
vt 0.5301480293273926 0.2256390005350113
vt 0.5313640236854553 0.23590099811553955
vt 0.5204839706420898 0.23516100645065308
vt 0.1298539936542511 0.7998059988021851
vt 0.1397390067577362 0.7963240146636963
vt 0.13817399740219116 0.8067020177841187
vt 0.12901200354099274 0.809054970741272
vt 0.09287100285291672 0.5942559838294983
vt 0.0959009975194931 0.5959519743919373
vt 0.09470099955797195 0.6002209782600403
vt 0.0917930006980896 0.5995320081710815
vt 0.28548499941825867 0.2757219970226288
vt 0.3056289851665497 0.27765700221061707
vt 0.06134700030088425 0.3443410098552704
vt 0.07220900058746338 0.3489089906215668
vt 0.07308600097894669 0.37028199434280396
vt 0.06259100139141083 0.3687329888343811
vt 0.0596500001847744 0.19092099368572235
vt 0.07250600308179855 0.20232200622558594
vt 0.06779000163078308 0.22967000305652618
vt 0.05360199883580208 0.21436700224876404
vt 0.5085819959640503 0.47780299186706543
vt 0.5083670020103455 0.47281399369239807
vt 0.51459801197052 0.4710400104522705
vt 0.5158089995384216 0.47610801458358765
vt 0.5133669972419739 0.08731000125408173
vt 0.5063819885253906 0.08592499792575836
vt 0.5054180026054382 0.07667499780654907
vt 0.04546099901199341 0.17561699450016022
vt 0.03893499821424484 0.20220400393009186
vt 0.3093850016593933 0.19291600584983826
vt 0.3149769902229309 0.17904900014400482
vt 0.33834001421928406 0.17509299516677856
vt 0.32839900255203247 0.1978279948234558
vt 0.11488399654626846 0.7210050225257874
vt 0.12271499633789062 0.7147499918937683
vt 0.11603499948978424 0.727961003780365
vt 0.14220400154590607 0.9085909724235535
vt 0.14457400143146515 0.9164819717407227
vt 0.1352899968624115 0.9178289771080017
vt 0.13376300036907196 0.9098150134086609
vt 0.17430999875068665 0.07671499997377396
vt 0.17521700263023376 0.06051800027489662
vt 0.1811089962720871 0.06406000256538391
vt 0.18025900423526764 0.07924599945545197
vt 0.5416120290756226 0.2782610058784485
vt 0.5531179904937744 0.2791450023651123
vt 0.5529500246047974 0.2862260043621063
vt 0.5414450168609619 0.2853420078754425
vt 0.06516800075769424 0.39702698588371277
vt 0.0786060020327568 0.5077019929885864
vt 0.5763329863548279 0.511352002620697
vt 0.574537992477417 0.5143579840660095
vt 0.5722190141677856 0.5113630294799805
vt 0.5748040080070496 0.5089309811592102
vt 0.48036500811576843 0.5329089760780334
vt 0.4804520010948181 0.5271729826927185
vt 0.4828000068664551 0.5278949737548828
vt 0.4827350080013275 0.5321959853172302
vt 0.24629099667072296 0.5170339941978455
vt 0.23586900532245636 0.49099698662757874
vt 0.25234100222587585 0.4777970016002655
vt 0.26197299361228943 0.5007359981536865
vt 0.0751819983124733 0.7423110008239746
vt 0.07735799998044968 0.7460899949073792
vt 0.14913199841976166 0.8378329873085022
vt 0.14903099834918976 0.851157009601593
vt 0.1409440040588379 0.8391079902648926
vt 0.5270000100135803 0.44086501002311707
vt 0.5271499752998352 0.4524489939212799
vt 0.5210450291633606 0.45504000782966614
vt 0.5208950042724609 0.4434570074081421
vt 0.25691500306129456 0.09749200195074081
vt 0.2573989927768707 0.09452299773693085
vt 0.2597370147705078 0.09868700057268143
vt 0.2653599977493286 0.08994899690151215
vt 0.265529990196228 0.08691199868917465
vt 0.0009599999757483602 0.6227390170097351
vt 0.00801400002092123 0.6211310029029846
vt 0.010091000236570835 0.6382349729537964
vt 0.003037000074982643 0.6398429870605469
vt 0.5110179781913757 0.5120909810066223
vt 0.5107839703559875 0.5042489767074585
vt 0.5170789957046509 0.5031859874725342
vt 0.5183110237121582 0.5111079812049866
vt 0.6432589888572693 0.006868999917060137
vt 0.6529979705810547 0.007592999842017889
vt 0.6508539915084839 0.01920199953019619
vt 0.6419839859008789 0.01858299970626831
vt 0.6399070024490356 0.28466400504112244
vt 0.636713981628418 0.29760000109672546
vt 0.6259300112724304 0.2983570098876953
vt 0.628288984298706 0.2783510088920593
vt 0.09078100323677063 0.8894870281219482
vt 0.09055899828672409 0.9018059968948364
vt 0.08642199635505676 0.9021419882774353
vt 0.0866440013051033 0.8898230195045471
vt 0.5477399826049805 0.3195280134677887
vt 0.5643630027770996 0.32078099250793457
vt 0.5726360082626343 0.335750013589859
vt 0.6455190181732178 0.244377002120018
vt 0.6449660062789917 0.2505129873752594
vt 0.6369659900665283 0.25
vt 0.6375190019607544 0.2438649982213974
vt 0.6181039810180664 0.2651660144329071
vt 0.6182370185852051 0.27268698811531067
vt 0.6090180277824402 0.27409300208091736
vt 0.6094070076942444 0.26640599966049194
vt 0.6597819924354553 0.10919199883937836
vt 0.6583439707756042 0.11820700019598007
vt 0.6529989838600159 0.10790900141000748
vt 0.03959000110626221 0.31370899081230164
vt 0.05117399990558624 0.31714800000190735
vt 0.05073000118136406 0.3417859971523285
vt 0.03939000144600868 0.3403579890727997
vt 0.4715670049190521 0.46286600828170776
vt 0.47303399443626404 0.47492000460624695
vt 0.46206000447273254 0.4756770133972168
vt 0.4605939984321594 0.4636229872703552
vt 0.5054429769515991 0.5131340026855469
vt 0.610164999961853 0.12016099691390991
vt 0.6109930276870728 0.12822599709033966
vt 0.5684409737586975 0.14122499525547028
vt 0.5679500102996826 0.1483059972524643
vt 0.5605000257492065 0.14461100101470947
vt 0.5609909892082214 0.13752999901771545
vt 0.09130299836397171 0.915008008480072
vt 0.0914359986782074 0.9231789708137512
vt 0.08729899674654007 0.9235159754753113
vt 0.08716599643230438 0.9153439998626709
vt 0.5674129724502563 0.48082101345062256
vt 0.5734249949455261 0.4864499866962433
vt 0.5684300065040588 0.4864000082015991
vt 0.5612720251083374 0.20769299566745758
vt 0.5698909759521484 0.20842699706554413
vt 0.5675849914550781 0.21846699714660645
vt 0.5599250197410583 0.21780699491500854
vt 0.09409800171852112 0.8349170088768005
vt 0.09447599947452545 0.845100998878479
vt 0.09004300087690353 0.84552401304245
vt 0.08966600149869919 0.8353400230407715
vt 0.2374889999628067 0.32448500394821167
vt 0.23823000490665436 0.2940540015697479
vt 0.24911800026893616 0.3231920003890991
vt 0.4683069884777069 0.5613030195236206
vt 0.4689379930496216 0.5559059977531433
vt 0.4769270122051239 0.55690598487854
vt 0.47629600763320923 0.5623040199279785
vt 0.30832600593566895 0.3326900005340576
vt 0.314193993806839 0.3483020067214966
vt 0.503462016582489 0.48382899165153503
vt 0.5030069947242737 0.4788469970226288
vt 0.5088620185852051 0.4835030138492584
vt 0.4769099950790405 0.3866350054740906
vt 0.48156899213790894 0.3803830146789551
vt 0.48399999737739563 0.38262900710105896
vt 0.4784109890460968 0.3891359865665436
vt 0.5689740180969238 0.02713399939239025
vt 0.5672339797019958 0.03825800120830536
vt 0.5558249950408936 0.031304001808166504
vt 0.5566070079803467 0.02010600082576275
vt 0.07894399762153625 0.7024490237236023
vt 0.0884300023317337 0.6941260099411011
vt 0.09024199843406677 0.704014003276825
vt 0.08075600117444992 0.7123370170593262
vt 0.6346539855003357 0.3302760124206543
vt 0.6442189812660217 0.33143898844718933
vt 0.6365240216255188 0.342602014541626
vt 0.6252189874649048 0.34122800827026367
vt 0.573632001876831 0.0571260005235672
vt 0.5719730257987976 0.0671669989824295
vt 0.5631279945373535 0.06036200001835823
vt 0.5647879838943481 0.050321001559495926
vt 0.5564020276069641 0.30588498711586
vt 0.5455319881439209 0.305074006319046
vt 0.3081730008125305 0.6275209784507751
vt 0.28736400604248047 0.5977759957313538
vt 0.30699801445007324 0.579695999622345
vt 0.5404360294342041 0.21626099944114685
vt 0.5509840250015259 0.21707099676132202
vt 0.5518879890441895 0.2272610068321228
vt 0.5413399934768677 0.22645099461078644
vt 0.3627220094203949 0.36146000027656555
vt 0.38461199402809143 0.3604770004749298
vt 0.3851490020751953 0.3793720006942749
vt 0.3638319969177246 0.3821600079536438
vt 0.5101609826087952 0.11042799800634384
vt 0.5031759738922119 0.10904300212860107
vt 0.6329219937324524 0.05592299997806549
vt 0.6416239738464355 0.054836999624967575
vt 0.6421099901199341 0.06163499876856804
vt 0.6337559819221497 0.06299299746751785
vt 0.4702340066432953 0.4493409991264343
vt 0.4592610001564026 0.4500980079174042
vt 0.3387809991836548 0.09754200279712677
vt 0.32246699929237366 0.09650500118732452
vt 0.32303398847579956 0.08638200163841248
vt 0.339121013879776 0.09146799892187119
vt 0.12197700142860413 0.9042260050773621
vt 0.11273399740457535 0.9054350256919861
vt 0.626380980014801 0.14273199439048767
vt 0.6357790231704712 0.14104099571704865
vt 0.6264879703521729 0.1563750058412552
vt 0.563256025314331 0.2718609869480133
vt 0.570592999458313 0.2725209891796112
vt 0.5713139772415161 0.28068798780441284
vt 0.5630189776420593 0.2799539864063263
vt 0.0811849981546402 0.76801598072052
vt 0.08633899688720703 0.7664639949798584
vt 0.08791600167751312 0.7723789811134338
vt 0.08276200294494629 0.7739310264587402
vt 0.10765600204467773 0.7342510223388672
vt 0.12004300206899643 0.7377060055732727
vt 0.11027099937200546 0.7441549897193909
vt 0.4793030023574829 0.03046499937772751
vt 0.48214301466941833 0.05643799901008606
vt 0.4607189893722534 0.05402500182390213
vt 0.4591990113258362 0.028566999360919
vt 0.5503649711608887 0.19358700513839722
vt 0.5602660179138184 0.1943960040807724
vt 0.5513719916343689 0.2068839967250824
vt 0.5105689764022827 0.4992609918117523
vt 0.1142830029129982 0.7140129804611206
vt 0.513450026512146 0.2530690133571625
vt 0.5220990180969238 0.253589004278183
vt 0.5219320058822632 0.2606709897518158
vt 0.5123230218887329 0.26007699966430664
vt 0.2276889979839325 0.46507900953292847
vt 0.2437250018119812 0.45390599966049194
vt 0.08796799927949905 0.14777499437332153
vt 0.08712799847126007 0.18582400679588318
vt 0.5758810043334961 0.4926280081272125
vt 0.5708060264587402 0.49381500482559204
vt 0.05592700093984604 0.2714090049266815
vt 0.068121999502182 0.27987900376319885
vt 0.0638120025396347 0.30098098516464233
vt 0.0527070015668869 0.29440099000930786
vt 0.07497099786996841 0.7512480020523071
vt 0.07910799980163574 0.7509120106697083
vt 0.0803299993276596 0.7609729766845703
vt 0.07619299739599228 0.7613099813461304
vt 0.5010790228843689 0.35896599292755127
vt 0.5028480291366577 0.3680169880390167
vt 0.4930259883403778 0.36959999799728394
vt 0.4932219982147217 0.36023300886154175
vt 0.5166440010070801 0.3675769865512848
vt 0.5163050293922424 0.3517490029335022
vt 0.528465986251831 0.36319500207901
vt 0.5270450115203857 0.3790830075740814
vt 0.2608709931373596 0.07844000309705734
vt 0.2646529972553253 0.07969699800014496
vt 0.5160890221595764 0.48180899024009705
vt 0.5063940286636353 0.2526949942111969
vt 0.5052679777145386 0.25970301032066345
vt 0.1263130009174347 0.7797549962997437
vt 0.13523100316524506 0.7753900289535522
vt 0.13620799779891968 0.7834389805793762
vt 0.12728999555110931 0.7878040075302124
vt 0.5296319723129272 0.2052610069513321
vt 0.5408250093460083 0.20607300102710724
vt 0.5302029848098755 0.21552300453186035
vt 0.13681599497795105 0.9258419871330261
vt 0.13821999728679657 0.9328500032424927
vt 0.12699300050735474 0.9343900084495544
vt 0.12643299996852875 0.9272599816322327
vt 0.644074022769928 0.08484599739313126
vt 0.6520789861679077 0.08436399698257446
vt 0.5734149813652039 0.10192400217056274
vt 0.5719659924507141 0.10893099755048752
vt 0.5646550059318542 0.10321299731731415
vt 0.5661050081253052 0.09620600193738937
vt 0.03656399995088577 0.6135969758033752
vt 0.051217999309301376 0.6094679832458496
vt 0.0526840016245842 0.6215419769287109
vt 0.038029998540878296 0.6256710290908813
vt 0.09240400046110153 0.604561984539032
vt 0.09519000351428986 0.6042460203170776
vt 0.1164190024137497 0.7851970195770264
vt 0.11727499961853027 0.7922400236129761
vt 0.062157999724149704 0.3227219879627228
vt 0.0739860013127327 0.32817399501800537
vt 0.6510729789733887 0.1780479997396469
vt 0.6569859981536865 0.17922599613666534
vt 0.6572819948196411 0.18944700062274933
vt 0.6504999995231628 0.18816299736499786
vt 0.6326109766960144 0.04868699982762337
vt 0.6413120031356812 0.04760099947452545
vt 0.6278859972953796 0.25678300857543945
vt 0.6274970173835754 0.26447001099586487
vt 0.6184930205345154 0.2574790120124817
vt 0.6176040172576904 0.09311500191688538
vt 0.626317024230957 0.08889000117778778
vt 0.6267979741096497 0.09668300300836563
vt 0.6180850267410278 0.10090799629688263
vt 0.1010579988360405 0.9714999794960022
vt 0.09770400077104568 0.9863200187683105
vt 0.0896420031785965 0.9871820211410522
vt 0.09215299785137177 0.9724839925765991
vt 0.498759001493454 0.4283599853515625
vt 0.5080230236053467 0.43192198872566223
vt 0.49930399656295776 0.44071200489997864
vt 0.10547800362110138 0.7213450074195862
vt 0.10650599747896194 0.727295994758606
vt 0.26363301277160645 0.09791900217533112
vt 0.5493689775466919 0.5131620168685913
vt 0.5507739782333374 0.5071629881858826
vt 0.5556979775428772 0.5080479979515076
vt 0.5542929768562317 0.5140470266342163
vt 0.5212290287017822 0.3033030033111572
vt 0.5327450037002563 0.3041149973869324
vt 0.5407050251960754 0.31901100277900696
vt 0.5282310247421265 0.31812500953674316
vt 0.6044179797172546 0.02152100019156933
vt 0.612962007522583 0.01559200044721365
vt 0.6144710183143616 0.027184000238776207
vt 0.6064490079879761 0.032947998493909836
vt 0.11055900156497955 0.8329690098762512
vt 0.11148499697446823 0.8431169986724854
vt 0.10198900103569031 0.8442749977111816
vt 0.10106199979782104 0.8341270089149475
vt 0.5041170120239258 0.3760930001735687
vt 0.49429601430892944 0.37767601013183594
vt 0.5726140141487122 0.5739079713821411
vt 0.565434992313385 0.5743870139122009
vt 0.565434992313385 0.5650380253791809
vt 0.5724539756774902 0.5655519962310791
vt 0.5410339832305908 0.12883000075817108
vt 0.5303789973258972 0.13416099548339844
vt 0.5310099720954895 0.12505699694156647
vt 0.11229600012302399 0.8993120193481445
vt 0.10323700308799744 0.9065930247306824
vt 0.10279899835586548 0.9004700183868408
vt 0.28311601281166077 0.05419100075960159
vt 0.27590999007225037 0.03953399881720543
vt 0.520334005355835 0.056320998817682266
vt 0.5195209980010986 0.063400998711586
vt 0.5118989944458008 0.06194299831986427
vt 0.5133489966392517 0.0549359992146492
vt 0.5439540147781372 0.026372000575065613
vt 0.5330790281295776 0.03480900079011917
vt 0.5323259830474854 0.022523999214172363
vt 0.14978699386119843 0.87152498960495
vt 0.14932000637054443 0.8818309903144836
vt 0.14113299548625946 0.883105993270874
vt 0.14159999787807465 0.8727999925613403
vt 0.5342029929161072 0.5658280253410339
vt 0.5288289785385132 0.5610449910163879
vt 0.5332580208778381 0.5524370074272156
vt 0.5792120099067688 0.07389699667692184
vt 0.5781559944152832 0.07989399880170822
vt 0.12527300417423248 0.766638994216919
vt 0.13406899571418762 0.7612680196762085
vt 0.13480199873447418 0.7673050165176392
vt 0.12600600719451904 0.7726759910583496
vt 0.44576600193977356 0.5777429938316345
vt 0.44829100370407104 0.5689100027084351
vt 0.45555099844932556 0.5684559941291809
vt 0.4530259966850281 0.5772899985313416
vt 0.5207449793815613 0.43187400698661804
vt 0.51385098695755 0.4329270124435425
vt 0.5068899989128113 0.14373399317264557
vt 0.5075029730796814 0.15804199874401093
vt 0.5004469752311707 0.15766799449920654
vt 0.4988749921321869 0.14328600466251373
vt 0.5163919925689697 0.31731098890304565
vt 0.5349100232124329 0.3329469859600067
vt 0.5253109931945801 0.3322809934616089
vt 0.5672039985656738 0.47466298937797546
vt 0.5684300065040588 0.46886399388313293
vt 0.5734239816665649 0.4689129889011383
vt 0.5070549845695496 0.16916899383068085
vt 0.4999989867210388 0.16879500448703766
vt 0.09117700159549713 0.8179349899291992
vt 0.09886299818754196 0.8160160183906555
vt 0.09857899695634842 0.8232679963111877
vt 0.0896729975938797 0.8242530226707458
vt 0.26625001430511475 0.02273700013756752
vt 0.2617979943752289 0.03355700150132179
vt 0.2321929931640625 0.012156999669969082
vt 0.23185600340366364 0.0009599999757483602
vt 0.0973839983344078 0.787651002407074
vt 0.08854900300502777 0.7917400002479553
vt 0.21231800317764282 0.29240700602531433
vt 0.2175939977169037 0.18098799884319305
vt 0.2319899946451187 0.18190300464630127
vt 0.22671400010585785 0.29332199692726135
vt 0.5407440066337585 0.5453010201454163
vt 0.5552939772605896 0.3792110085487366
vt 0.5448060035705566 0.37992799282073975
vt 0.5453929901123047 0.3688400089740753
vt 0.5550060272216797 0.3681829869747162
vt 0.24396400153636932 0.39804399013519287
vt 0.2559329867362976 0.39067700505256653
vt 0.09901200234889984 0.5882459878921509
vt 0.10047599673271179 0.5911930203437805
vt 0.09806600213050842 0.5925660133361816
vt 0.09588100016117096 0.5907480120658875
vt 0.16915400326251984 0.5974820256233215
vt 0.17238999903202057 0.5999079942703247
vt 0.15112000703811646 0.6117690205574036
vt 0.1548050045967102 0.5995630025863647
vt 0.4489220082759857 0.561847984790802
vt 0.44765999913215637 0.5565590262413025
vt 0.4544140100479126 0.5552840232849121
vt 0.45567700266838074 0.5605729818344116
vt 0.09559699892997742 0.8684870004653931
vt 0.09124699980020523 0.8791810274124146
vt 0.09116499871015549 0.8689110279083252
vt 0.5211949944496155 0.4666230082511902
vt 0.5142120122909546 0.4650839865207672
vt 0.10579700022935867 0.666903018951416
vt 0.0669260025024414 0.6914669871330261
vt 0.06642600148916245 0.6802769899368286
vt 0.09858699887990952 0.6565549969673157
vt 0.2362689971923828 0.0707089975476265
vt 0.2216469943523407 0.07384400069713593
vt 0.22797000408172607 0.05874200165271759
vt 0.24226899445056915 0.05561099946498871
vt 0.352495014667511 0.10526099801063538
vt 0.35413500666618347 0.09317400306463242
vt 0.36023399233818054 0.0933929979801178
vt 0.358707994222641 0.10345499962568283
vt 0.1157969981431961 0.9286270141601562
vt 0.2537060081958771 0.04622599855065346
vt 0.22767400741577148 0.02406099997460842
vt 0.516340970993042 0.1697620004415512
vt 0.5171639919281006 0.18103499710559845
vt 0.5078780055046082 0.18044200539588928
vt 0.5283340215682983 0.28438299894332886
vt 0.2555930018424988 0.09237600117921829
vt 0.26080501079559326 0.3208869993686676
vt 0.5340660214424133 0.08560899645090103
vt 0.5341410040855408 0.09377399832010269
vt 0.523472011089325 0.09000000357627869
vt 0.10462400317192078 0.9371950030326843
vt 0.10356800258159637 0.9568020105361938
vt 0.09381800144910812 0.9579089879989624
vt 0.09487400203943253 0.9383019804954529
vt 0.49842900037765503 0.5332670211791992
vt 0.4896329939365387 0.5318300127983093
vt 0.4904400110244751 0.521926999092102
vt 0.49823999404907227 0.5232830047607422
vt 0.4915269911289215 0.5479559898376465
vt 0.4994179904460907 0.5469110012054443
vt 0.5508779883384705 0.1722719967365265
vt 0.560778021812439 0.17308099567890167
vt 0.5596849918365479 0.18420599400997162
vt 0.5497840046882629 0.18339699506759644
vt 0.5672039985656738 0.5035070180892944
vt 0.5674120187759399 0.49841099977493286
vt 0.5702620148658752 0.4994499981403351
vt 0.5701069831848145 0.5032719969749451
vt 0.040755998343229294 0.2879439890384674
vt 0.024039000272750854 0.5722939968109131
vt 0.04915200173854828 0.5693100094795227
vt 0.04628700017929077 0.5881549715995789
vt 0.02201700024306774 0.5910170078277588
vt 0.5313490033149719 0.045862000435590744
vt 0.5542920231819153 0.10442700237035751
vt 0.5551049709320068 0.09734699875116348
vt 0.6576359868049622 0.02048500068485737
vt 0.6551399827003479 0.03281699866056442
vt 0.6492260098457336 0.03163899853825569
vt 0.5128070116043091 0.09540200233459473
vt 0.5106520056724548 0.10334700345993042
vt 0.5036659836769104 0.10196200013160706
vt 0.5058209896087646 0.09401699900627136
vt 0.10436700284481049 0.7632650136947632
vt 0.11312100291252136 0.7580310106277466
vt 0.11397600173950195 0.7650740146636963
vt 0.10522200167179108 0.7703080177307129
vt 0.10839799791574478 0.7964670062065125
vt 0.11971600353717804 0.8032360076904297
vt 0.10932400077581406 0.8066160082817078
vt 0.4857330024242401 0.12951800227165222
vt 0.4854150116443634 0.15252099931240082
vt 0.4634070098400116 0.14534300565719604
vt 0.4635140001773834 0.12355399876832962
vt 0.6260460019111633 0.07369499653577805
vt 0.6351069808006287 0.06974299997091293
vt 0.6350709795951843 0.07670699805021286
vt 0.626010000705719 0.08066000044345856
vt 0.4949660003185272 0.30166900157928467
vt 0.49913498759269714 0.3018929958343506
vt 0.5071060061454773 0.3167180120944977
vt 0.5042189955711365 0.316567987203598
vt 0.11551299691200256 0.9358789920806885
vt 0.11445800215005875 0.955485999584198
vt 0.10954300314188004 0.6982309818267822
vt 0.11754599958658218 0.6908829808235168
vt 0.11160799860954285 0.7081699967384338
vt 0.4982900023460388 0.513293981552124
vt 0.5166770219802856 0.5483310222625732
vt 0.5203499794006348 0.5479210019111633
vt 0.6111729741096497 0.3308680057525635
vt 0.6109570264816284 0.34041398763656616
vt 0.6034780144691467 0.34203100204467773
vt 0.6047369837760925 0.33215299248695374
vt 0.14818599820137024 0.5784950256347656
vt 0.17019100487232208 0.5817980170249939
vt 0.16793200373649597 0.5874210000038147
vt 0.15358300507068634 0.5895019769668579
vt 0.49335700273513794 0.5370529890060425
vt 0.5007429718971252 0.5351870059967041
vt 0.5044050216674805 0.5395259857177734
vt 0.4963879883289337 0.5419819951057434
vt 0.5576810240745544 0.3910900056362152
vt 0.5633220076560974 0.39031699299812317
vt 0.5636569857597351 0.3939040005207062
vt 0.5583710074424744 0.3931179940700531
vt 0.257735013961792 0.0771770030260086
vt 0.2492550015449524 0.0623910017311573
vt 0.0866829976439476 0.8132920265197754
vt 0.09195899963378906 0.8127470016479492
vt 0.08590099960565567 0.8184810280799866
vt 0.5397679805755615 0.3415519893169403
vt 0.40870800614356995 0.5675789713859558
vt 0.41859200596809387 0.5689889788627625
vt 0.09499099850654602 0.9013829827308655
vt 0.4007120132446289 0.5473520159721375
vt 0.3964959979057312 0.5523840188980103
vt 0.3866179883480072 0.5507569909095764
vt 0.39092200994491577 0.5447229743003845
vt 0.3098500072956085 0.13300499320030212
vt 0.3142560124397278 0.12312600016593933
vt 0.3350760042667389 0.13018399477005005
vt 0.331743985414505 0.13809999823570251
vt 0.4840970039367676 0.08147600293159485
vt 0.4618479907512665 0.07871100306510925
vt 0.3067759871482849 0.08433300256729126
vt 0.3060950040817261 0.09648100286722183
vt 0.21629899740219116 0.41051000356674194
vt 0.2130880057811737 0.3818590044975281
vt 0.22765299677848816 0.379736989736557
vt 0.23103399574756622 0.405349999666214
vt 0.10413700342178345 0.6031240224838257
vt 0.1061829999089241 0.6078590154647827
vt 0.10377299785614014 0.6092320084571838
vt 0.10196299850940704 0.6084709763526917
vt 0.6202999949455261 0.2447579950094223
vt 0.6193990111351013 0.2506209909915924
vt 0.6107019782066345 0.25186100602149963
vt 0.6121240258216858 0.24583199620246887
vt 0.5736960172653198 0.5061590075492859
vt 0.5707420110702515 0.5076680183410645
vt 0.5730090141296387 0.5030379891395569
vt 0.1474670022726059 0.8615350127220154
vt 0.3224950134754181 0.5784329771995544
vt 0.11875200271606445 0.8114789724349976
vt 0.10823699831962585 0.8138520121574402
vt 0.3757759928703308 0.11765500158071518
vt 0.39126700162887573 0.11801999807357788
vt 0.3891890048980713 0.15492400527000427
vt 0.3723379969596863 0.15566100180149078
vt 0.5572140216827393 0.35575899481773376
vt 0.5617849826812744 0.35365501046180725
vt 0.5653179883956909 0.3585279881954193
vt 0.5607460141181946 0.3606320023536682
vt 0.46140000224113464 0.35447800159454346
vt 0.4629479944705963 0.36975300312042236
vt 0.44227901101112366 0.35788199305534363
vt 0.4400239884853363 0.343656986951828
vt 0.09935200214385986 0.6946330070495605
vt 0.10128600150346756 0.7055280208587646
vt 0.09205500036478043 0.7139019966125488
vt 0.508870005607605 0.40408000349998474
vt 0.5146970152854919 0.4050860106945038
vt 0.5079140067100525 0.4107399880886078
vt 0.10206600278615952 0.6133990287780762
vt 0.10616499930620193 0.6117810010910034
vt 0.11696600168943405 0.6204090118408203
vt 0.10640200227499008 0.6445540189743042
vt 0.5280439853668213 0.18177500367164612
vt 0.5286250114440918 0.1919649988412857
vt 0.5177450180053711 0.19122500717639923
vt 0.5537599921226501 0.2558780014514923
vt 0.5636609792709351 0.2566869854927063
vt 0.5634940266609192 0.2637679874897003
vt 0.5535929799079895 0.26295900344848633
vt 0.0857900008559227 0.8246399760246277
vt 0.5764539837837219 0.08588799834251404
vt 0.5759879946708679 0.13885100185871124
vt 0.5742849707603455 0.14484600722789764
vt 0.5701429843902588 0.13523000478744507
vt 0.5502970218658447 0.1620820015668869
vt 0.539372980594635 0.17138800024986267
vt 0.5398200154304504 0.16026000678539276
vt 0.5638099908828735 0.28710898756980896
vt 0.2763409912586212 0.11186199635267258
vt 0.25818899273872375 0.1320910006761551
vt 0.2602129876613617 0.10171700268983841
vt 0.26512500643730164 0.09999699890613556
vt 0.13911199569702148 0.5905759930610657
vt 0.13359299302101135 0.5785639882087708
vt 0.6599829792976379 0.07039199769496918
vt 0.6599469780921936 0.07735700160264969
vt 0.11196999996900558 0.751075029373169
vt 0.12174200266599655 0.7446269989013672
vt 0.12204799801111221 0.7517049908638
vt 0.5272110104560852 0.46143901348114014
vt 0.5109009742736816 0.35738301277160645
vt 0.5143849849700928 0.3656289875507355
vt 0.34611499309539795 0.09283199906349182
vt 0.34554800391197205 0.10295599699020386
vt 0.5531100034713745 0.3883509933948517
vt 0.5417479872703552 0.3891269862651825
vt 0.1229029968380928 0.7587479948997498
vt 0.49685099720954895 0.4790860116481781
vt 0.4966360032558441 0.47409701347351074
vt 0.5027920007705688 0.4738579988479614
vt 0.008901000022888184 0.2212589979171753
vt 0.03354800119996071 0.2285809963941574
vt 0.029972000047564507 0.25572100281715393
vt 0.004724999889731407 0.25053301453590393
vt 0.5705639719963074 0.12916199862957
vt 0.5622249841690063 0.12438099831342697
vt 0.6550250053405762 0.22294199466705322
vt 0.6539289951324463 0.23322300612926483
vt 0.6235880255699158 0.011140000075101852
vt 0.6326379776000977 0.009177000261843204
vt 0.6327599883079529 0.019835999235510826
vt 0.6237050294876099 0.022794000804424286
vt 0.08349499851465225 0.7799680233001709
vt 0.08350600302219391 0.787132978439331
vt 0.1003739982843399 0.5953909754753113
vt 0.09893099963665009 0.597648024559021
vt 0.3678460121154785 0.3033809959888458
vt 0.38990500569343567 0.30836498737335205
vt 0.3867180049419403 0.3245680034160614
vt 0.36471500992774963 0.3215729892253876
vt 0.6210569739341736 0.2322150021791458
vt 0.6123600006103516 0.23345500230789185
vt 0.6377180218696594 0.2718389928340912
vt 0.6392470002174377 0.27830401062965393
vt 0.6276299953460693 0.2719910144805908
vt 0.10578099638223648 0.7774379849433899
vt 0.039243001490831375 0.1103769987821579
vt 0.029758000746369362 0.138373002409935
vt 0.5670220255851746 0.18486599624156952
vt 0.5676029920578003 0.1950560063123703
vt 0.480648010969162 0.5378959774971008
vt 0.4829089939594269 0.5364770293235779
vt 0.5281969904899597 0.1471640020608902
vt 0.5164279937744141 0.1453389972448349
vt 0.10409200191497803 0.9136360287666321
vt 0.09657900035381317 0.9144619703292847
vt 0.24041199684143066 0.375467985868454
vt 0.0841120034456253 0.03424699977040291
vt 0.10749000310897827 0.03218799829483032
vt 0.08812999725341797 0.06170399859547615
vt 0.06557600200176239 0.05843700096011162
vt 0.47073298692703247 0.40796801447868347
vt 0.4804059863090515 0.4080579876899719
vt 0.47964999079704285 0.4131540060043335
vt 0.47097501158714294 0.41299599409103394
vt 0.3057810068130493 0.15408200025558472
vt 0.26611000299453735 0.15158499777317047
vt 0.2828260064125061 0.12826499342918396
vt 0.30736398696899414 0.14300699532032013
vt 0.300135999917984 0.5416949987411499
vt 0.28624600172042847 0.5489389896392822
vt 0.2735249996185303 0.5237969756126404
vt 0.5513709783554077 0.13267500698566437
vt 0.10163900256156921 0.7503939867019653
vt 0.10333800315856934 0.7573149800300598
vt 0.4978660047054291 0.49546799063682556
vt 0.5050839781761169 0.49602100253105164
vt 0.12117700278759003 0.855197012424469
vt 0.12130100280046463 0.8653299808502197
vt 0.11205799877643585 0.8665390014648438
vt 0.11108999699354172 0.8565279841423035
vt 0.62608402967453 0.16704699397087097
vt 0.6168649792671204 0.16845299303531647
vt 0.07529599964618683 0.3955579996109009
vt 0.08873499929904938 0.5062329769134521
vt 0.5129110217094421 0.24692699313163757
vt 0.5221959948539734 0.24751999974250793
vt 0.02575499936938286 0.6160569787025452
vt 0.027588000521063805 0.6311489939689636
vt 0.12277600169181824 0.8754420280456543
vt 0.12230999767780304 0.885748028755188
vt 0.11222299933433533 0.8870800137519836
vt 0.11214099824428558 0.8768090009689331
vt 0.4877130091190338 0.4097999930381775
vt 0.48602598905563354 0.41422799229621887
vt 0.09893199801445007 0.6845880150794983
vt 0.09535899758338928 0.7684469819068909
vt 0.5704600214958191 0.2512049973011017
vt 0.49219799041748047 0.39643600583076477
vt 0.5009289979934692 0.40102699398994446
vt 0.49997401237487793 0.4076870083808899
vt 0.49084800481796265 0.40232598781585693
vt 0.5497499704360962 0.48806801438331604
vt 0.565284013748169 0.4827530086040497
vt 0.5649030208587646 0.49744701385498047
vt 0.5591040253639221 0.5041859745979309
vt 0.5817599892616272 0.06494099646806717
vt 0.09811899811029434 0.41374900937080383
vt 0.10237299650907516 0.4346329867839813
vt 0.6343759894371033 0.17762699723243713
vt 0.48308300971984863 0.5250059962272644
vt 0.4808659851551056 0.5235570073127747
vt 0.46784600615501404 0.39616599678993225
vt 0.46045398712158203 0.4094339907169342
vt 0.4575670063495636 0.39763200283050537
vt 0.5198709964752197 0.33191099762916565
vt 0.12499599903821945 0.5875049829483032
vt 0.11012999713420868 0.6019909977912903
vt 0.10951899737119675 0.5969610214233398
vt 0.12918800115585327 0.9818419814109802
vt 0.12037400156259537 0.9911350011825562
vt 0.10716400295495987 0.9930070042610168
vt 0.1162320002913475 0.9837650060653687
vt 0.294189989566803 0.40121200680732727
vt 0.5222039818763733 0.04324600100517273
vt 0.5229750275611877 0.03211899846792221
vt 0.23284399509429932 0.1494469940662384
vt 0.5136899948120117 0.3740220069885254
vt 0.5123230218887329 0.3827019929885864
vt 0.5047150254249573 0.384456992149353
vt 0.5308660268783569 0.01117900013923645
vt 0.522221028804779 0.01983500085771084
vt 0.520691990852356 0.009499999694526196
vt 0.43537700176239014 0.3401939868927002
vt 0.42267000675201416 0.34916698932647705
vt 0.41764798760414124 0.33274200558662415
vt 0.43376898765563965 0.3313179910182953
vt 0.4914880096912384 0.512017011642456
vt 0.5777400135993958 0.11356300115585327
vt 0.5760380029678345 0.11955700069665909
vt 0.6510279774665833 0.2873170077800751
vt 0.6417580246925354 0.29752400517463684
vt 0.5576189756393433 0.5270630121231079
vt 0.5578389763832092 0.5227469801902771
vt 0.5631930232048035 0.5226719975471497
vt 0.5637710094451904 0.5254349708557129
vt 0.5119640231132507 0.522159993648529
vt 0.519366979598999 0.5197479724884033
vt 0.13385899364948273 0.6923930048942566
vt 0.13598500192165375 0.6982709765434265
vt 0.5207560062408447 0.10603699833154678
vt 0.5202649831771851 0.1131180003285408
vt 0.5185800194740295 0.27663499116897583
vt 0.5304189920425415 0.27744901180267334
vt 0.5164949893951416 0.28356900811195374
vt 0.07935799658298492 0.7803040146827698
vt 0.07936900109052658 0.7874690294265747
vt 0.5042629837989807 0.21389000117778778
vt 0.6264079809188843 0.10436999797821045
vt 0.6354640126228333 0.10141299664974213
vt 0.6329330205917358 0.18763600289821625
vt 0.6318219900131226 0.20090200006961823
vt 0.6232990026473999 0.2017039954662323
vt 0.5876539945602417 0.33692800998687744
vt 0.5948129892349243 0.34474000334739685
vt 0.5778080224990845 0.3444269895553589
vt 0.36948099732398987 0.25697699189186096
vt 0.3904699981212616 0.2549229860305786
vt 0.3933820128440857 0.2840229868888855
vt 0.3716059923171997 0.28898298740386963
vt 0.5440959930419922 0.09855800122022629
vt 0.5435349941253662 0.10665000230073929
vt 0.5326219797134399 0.10179299861192703
vt 0.047908999025821686 0.5449180006980896
vt 0.06057000160217285 0.5430819988250732
vt 0.061813000589609146 0.5674740076065063
vt 0.09902399778366089 0.7404909729957581
vt 0.36990299820899963 0.19230400025844574
vt 0.3881149888038635 0.1904660016298294
vt 0.38853299617767334 0.22346700727939606
vt 0.36893200874328613 0.2254129946231842
vt 0.09086000174283981 0.7455509901046753
vt 0.08341799676418304 0.7494819760322571
vt 0.07597099989652634 0.7260339856147766
vt 0.08383999764919281 0.7210609912872314
vt 0.08607800304889679 0.7299069762229919
vt 0.07875899970531464 0.7348440289497375
vt 0.46919000148773193 0.5687819719314575
vt 0.4775579869747162 0.5688560009002686
vt 0.11537999659776688 0.7720819711685181
vt 0.11611299961805344 0.7781190276145935
vt 0.5518749952316284 0.06049000099301338
vt 0.5510619878768921 0.06757000088691711
vt 0.540149986743927 0.06271199882030487
vt 0.5409629940986633 0.05563199892640114
vt 0.5068039894104004 0.545045018196106
vt 0.6454520225524902 0.25731000304222107
vt 0.6365820169448853 0.25669199228286743
vt 0.1015930026769638 0.8576859831809998
vt 0.14220799505710602 0.77121901512146
vt 0.14330700039863586 0.780273973941803
vt 0.08687599748373032 0.9730299711227417
vt 0.08854199945926666 0.9584540128707886
vt 0.10206200182437897 0.5951460003852844
vt 0.5710330009460449 0.38997501134872437
vt 0.5713649988174438 0.3922039866447449
vt 0.5661749839782715 0.3939040005207062
vt 0.5655779838562012 0.3908520042896271
vt 0.6351550221443176 0.1277170032262802
vt 0.6514319777488708 0.24555499851703644
vt 0.6508790254592896 0.25169000029563904
vt 0.5286269783973694 0.15944799780845642
vt 0.5177469849586487 0.15870900452136993
vt 0.6282690167427063 0.25009098649024963
vt 0.6449980139732361 0.14078299701213837
vt 0.6538680195808411 0.141402006149292
vt 0.6522300243377686 0.15582899749279022
vt 0.6412259936332703 0.031125999987125397
vt 0.09572400152683258 0.9074190258979797
vt 0.09044799953699112 0.9079650044441223
vt 0.4979560077190399 0.4911850094795227
vt 0.5041130185127258 0.4909459948539734
vt 0.6577709913253784 0.12832100689411163
vt 0.07921600341796875 0.620764970779419
vt 0.06606700271368027 0.6185770034790039
vt 0.0643559992313385 0.6044909954071045
vt 0.558713972568512 0.5354650020599365
vt 0.5556600093841553 0.530551016330719
vt 0.5617960095405579 0.5293149948120117
vt 0.5648499727249146 0.5342289805412292
vt 0.5437769889831543 0.015100999735295773
vt 0.4846020042896271 0.17535999417304993
vt 0.4624130129814148 0.1661970019340515
vt 0.567903995513916 0.5391430258750916
vt 0.5710830092430115 0.5373730063438416
vt 0.5717430114746094 0.5432500243186951
vt 0.5685639977455139 0.5450199842453003
vt 0.5685319900512695 0.1584949940443039
vt 0.568352997303009 0.16564799845218658
vt 0.5601270198822021 0.16390299797058105
vt 0.5603749752044678 0.1557379961013794
vt 0.562047004699707 0.36643698811531067
vt 0.566618025302887 0.364331990480423
vt 0.5665379762649536 0.3731679916381836
vt 0.5612959861755371 0.3745790123939514
vt 0.542809009552002 0.27024200558662415
vt 0.5533549785614014 0.2710520029067993
vt 0.155131995677948 0.9230980277061462
vt 0.15822400152683258 0.92985999584198
vt 0.14834800362586975 0.9313809871673584
vt 0.14694400131702423 0.9243729710578918
vt 0.09841299802064896 0.7936009764671326
vt 0.04015599936246872 0.6013309955596924
vt 0.017097000032663345 0.607088029384613
vt 0.5398179888725281 0.19277699291706085
vt 0.6521729826927185 0.1667719930410385
vt 0.658955991268158 0.16805599629878998
vt 0.13800500333309174 0.6402040123939514
vt 0.13970500230789185 0.6471239924430847
vt 0.11063700169324875 0.6496869921684265
vt 0.1151299998164177 0.6346579790115356
vt 0.469217985868454 0.3910839855670929
vt 0.4697889983654022 0.3938399851322174
vt 0.45981401205062866 0.39424601197242737
vt 0.46017199754714966 0.39123401045799255
vt 0.5201889872550964 0.04916800186038017
vt 0.5132039785385132 0.04778299853205681
vt 0.5699059963226318 0.5509790182113647
vt 0.5759549736976624 0.5501109957695007
vt 0.5728449821472168 0.5595510005950928
vt 0.5668110251426697 0.5598970055580139
vt 0.026606999337673187 0.3411889970302582
vt 0.0284620001912117 0.3706119954586029
vt 0.5618039965629578 0.13044999539852142
vt 0.13107700645923615 0.8968070149421692
vt 0.13235899806022644 0.9028080105781555
vt 0.12153899669647217 0.8981029987335205
vt 0.09500999748706818 0.35276898741722107
vt 0.09395399689674377 0.3723750114440918
vt 0.487652987241745 0.37716400623321533
vt 0.48834800720214844 0.3687720000743866
vt 0.6606500148773193 0.008981999941170216
vt 0.13165999948978424 0.8404549956321716
vt 0.12127699702978134 0.8418729901313782
vt 0.12035100162029266 0.8317239880561829
vt 0.3952130079269409 0.29341599345207214
vt 0.642553985118866 0.31385400891304016
vt 0.6250889897346497 0.32911399006843567
vt 0.6347280144691467 0.3129029870033264
vt 0.6081770062446594 0.06853599846363068
vt 0.615676999092102 0.06293900310993195
vt 0.6165099740028381 0.07000900059938431
vt 0.6095319986343384 0.07543999701738358
vt 0.4910379946231842 0.4991860091686249
vt 0.4911290109157562 0.49490299820899963
vt 0.6235550045967102 0.05164499953389168
vt 0.6243889927864075 0.05871500074863434
vt 0.5302929878234863 0.051858000457286835
vt 0.535610020160675 0.3412559926509857
vt 0.13079799711704254 0.9895790219306946
vt 0.12258300185203552 0.9967380166053772
vt 0.11274900287389755 0.9981210231781006
vt 0.4647729992866516 0.5534430146217346
vt 0.46603599190711975 0.5587319731712341
vt 0.10256200283765793 0.86769700050354
vt 0.09408000111579895 0.8585119843482971
vt 0.3205240070819855 0.11438100039958954
vt 0.34032800793647766 0.12239000201225281
vt 0.567441999912262 0.08616399765014648
vt 0.5585269927978516 0.08037099987268448
vt 0.4525200128555298 0.5505859851837158
vt 0.4623740017414093 0.5479239821434021
vt 0.5083839893341064 0.4172999858856201
vt 0.5495970249176025 0.5189399719238281
vt 0.5545210242271423 0.5198249816894531
vt 0.09882000088691711 0.6038069725036621
vt 0.10002999752759933 0.606702983379364
vt 0.5063890218734741 0.5232040286064148
vt 0.1260019987821579 0.968189001083374
vt 0.10217799991369247 0.9857590198516846
vt 0.11110399663448334 0.9703059792518616
vt 0.38024601340293884 0.07928299903869629
vt 0.3948639929294586 0.07957100123167038
vt 0.5328119993209839 0.26141101121902466
vt 0.5440049767494202 0.2622230052947998
vt 0.5316159725189209 0.269430011510849
vt 0.5693060159683228 0.35662201046943665
vt 0.570605993270874 0.3624269962310791
vt 0.09886900335550308 0.9990220069885254
vt 0.23793399333953857 0.35092800855636597
vt 0.2347950041294098 0.09702999889850616
vt 0.25118300318717957 0.09098400175571442
vt 0.2528190016746521 0.09616799652576447
vt 0.2465910017490387 0.10997100174427032
vt 0.09845300018787384 0.6007890105247498
vt 0.5451779961585999 0.4664349853992462
vt 0.5402910113334656 0.4659320116043091
vt 0.5388060212135315 0.4556970000267029
vt 0.5451779961585999 0.45537900924682617
vt 0.07268600165843964 0.09265600144863129
vt 0.09049499779939651 0.10948199778795242
vt 0.6325240135192871 0.0322129987180233
vt 0.6234689950942993 0.03517000004649162
vt 0.264739990234375 0.08381400257349014
vt 0.4188790023326874 0.409837007522583
vt 0.4254760146141052 0.3977679908275604
vt 0.43372300267219543 0.4010930061340332
vt 0.4290499985218048 0.41284799575805664
vt 0.10754299908876419 0.7894240021705627
vt 0.09926799684762955 0.8006439805030823
vt 0.6581429839134216 0.15700699388980865
vt 0.47617700695991516 0.0031129999551922083
vt 0.45700299739837646 0.0009599999757483602
vt 0.014042999595403671 0.19286899268627167
vt 0.26293399930000305 0.08166699856519699
vt 0.260111004114151 0.08047199994325638
vt 0.5299909710884094 0.4880630075931549
vt 0.5235810279846191 0.4734100103378296
vt 0.5367469787597656 0.46854400634765625
vt 0.5452979803085327 0.49388599395751953
vt 0.5617679953575134 0.5403800010681152
vt 0.5456799864768982 0.35899099707603455
vt 0.5552939772605896 0.3583340048789978
vt 0.08554700016975403 0.5809400081634521
vt 0.09589599817991257 0.5580260157585144
vt 0.20566800236701965 0.0840039998292923
vt 0.2063480019569397 0.07185599952936172
vt 0.22085300087928772 0.08801700174808502
vt 0.21844899654388428 0.14853200316429138
vt 0.5281789898872375 0.17057499289512634
vt 0.08231200277805328 0.8187819719314575
vt 0.08220099657773972 0.8249409794807434
vt 0.032248999923467636 0.4018009901046753
vt 0.2514669895172119 0.0859220027923584
vt 0.0708170011639595 0.7275859713554382
vt 0.0736050009727478 0.7363960146903992
vt 0.5685300230979919 0.3984209895133972
vt 0.5689430236816406 0.39616599678993225
vt 0.5760390162467957 0.397038996219635
vt 0.5756850242614746 0.39855700731277466
vt 0.07154200226068497 0.5414900183677673
vt 0.4832639992237091 0.5130280256271362
vt 0.4775010049343109 0.5137190222740173
vt 0.47719600796699524 0.5043749809265137
vt 0.48283201456069946 0.5046809911727905
vt 0.5791900157928467 0.1065559983253479
vt 0.5449090003967285 0.09147900342941284
vt 0.07704800367355347 0.7683529853820801
vt 0.5599780082702637 0.5540580153465271
vt 0.5666229724884033 0.5536400079727173
vt 0.5629169940948486 0.562628984451294
vt 0.5556600093841553 0.5631179809570312
vt 0.49489301443099976 0.38604000210762024
vt 0.5837910175323486 0.08654800057411194
vt 0.5821580290794373 0.09153100103139877
vt 0.5618150234222412 0.5463280081748962
vt 0.10863299667835236 0.6750339865684509
vt 0.10832999646663666 0.6862080097198486
vt 0.14898699522018433 0.9003090262413025
vt 0.15039099752902985 0.9073160290718079
vt 0.14164400100708008 0.9014610052108765
vt 0.44576600193977356 0.5518609881401062
vt 0.5757439732551575 0.40072301030158997
vt 0.5694670081138611 0.401980996131897
vt 0.020572999492287636 0.5154600143432617
vt 0.044842999428510666 0.512598991394043
vt 0.022794999182224274 0.54790198802948
vt 0.424360990524292 0.28062599897384644
vt 0.42730599641799927 0.305992990732193
vt 0.40870800614356995 0.29239699244499207
vt 0.42000699043273926 0.2783080041408539
vt 0.08463999629020691 0.7595440149307251
vt 0.13169899582862854 0.7533770203590393
vt 0.139397993683815 0.7480769753456116
vt 0.14176799356937408 0.7559679746627808
vt 0.5059279799461365 0.2829020023345947
vt 0.5100250244140625 0.30256199836730957
vt 0.5207350254058838 0.26868999004364014
vt 0.08964800089597702 0.8589360117912292
vt 0.08551099896430969 0.8592720031738281
vt 0.08645500242710114 0.8458250164985657
vt 0.6183750033378601 0.279213011264801
vt 0.4973059892654419 0.48406800627708435
vt 0.0009599999757483602 0.31148600578308105
vt 0.026562999933958054 0.31252700090408325
vt 0.002093000104650855 0.34203800559043884
vt 0.5761629939079285 0.540814995765686
vt 0.6397709846496582 0.2113640010356903
vt 0.6310740113258362 0.21145500242710114
vt 0.05138299986720085 0.08302000164985657
vt 0.6073430180549622 0.061466000974178314
vt 0.6148430109024048 0.05587000027298927
vt 0.49125298857688904 0.5041750073432922
vt 0.5565549731254578 0.09034000337123871
vt 0.6478449702262878 0.2982639968395233
vt 0.27091699838638306 0.5703639984130859
vt 0.2576729953289032 0.5431320071220398
vt 0.48999398946762085 0.408378005027771
vt 0.49911999702453613 0.4137380123138428
vt 0.4896329939365387 0.4230000078678131
vt 0.04851900041103363 0.23869700729846954
vt 0.51288902759552 0.5648170113563538
vt 0.5154150128364563 0.5559830069541931
vt 0.5202249884605408 0.5558030009269714
vt 0.5176990032196045 0.5646370053291321
vt 0.12524400651454926 0.6855829954147339
vt 0.5425580143928528 0.2367130070924759
vt 0.5700550079345703 0.5134459733963013
vt 0.5682089924812317 0.5088269710540771
vt 0.5690749883651733 0.17381399869918823
vt 0.22148600220680237 0.4382700026035309
vt 0.23639099299907684 0.430074006319046
vt 0.5463590025901794 0.08447200059890747
vt 0.05558300018310547 0.5939739942550659
vt 0.05979200080037117 0.586197018623352
vt 0.07603999972343445 0.594605028629303
vt 0.299576997756958 0.36805200576782227
vt 0.08785499632358551 0.22262099385261536
vt 0.09074699878692627 0.2560330033302307
vt 0.07369299978017807 0.2595739960670471
vt 0.016503000631928444 0.6192269921302795
vt 0.01845799945294857 0.635325014591217
vt 0.461340993642807 0.33969399333000183
vt 0.4395740032196045 0.3281030058860779
vt 0.51521897315979 0.04185999929904938
vt 0.5159890055656433 0.030734000727534294
vt 0.4853000044822693 0.49707600474357605
vt 0.47979098558425903 0.49577298760414124
vt 0.09128899872303009 0.6282280087471008
vt 0.31038299202919006 0.4679409861564636
vt 0.31223800778388977 0.503616988658905
vt 0.2252880036830902 0.3531720042228699
vt 0.1000719964504242 0.8097860217094421
vt 0.5492889881134033 0.0745759978890419
vt 0.15276099741458893 0.915207028388977
vt 0.39643698930740356 0.0009599999757483602
vt 0.4067870080471039 0.004002999980002642
vt 0.40000900626182556 0.040571000427007675
vt 0.387239009141922 0.03800300136208534
vt 0.5008230209350586 0.1800680011510849
vt 0.5084589719772339 0.19063200056552887
vt 0.5014039874076843 0.1902579963207245
vt 0.4616929888725281 0.41439199447631836
vt 0.4541020095348358 0.4164299964904785
vt 0.4517990052700043 0.4122770130634308
vt 0.6146020293235779 0.20294299721717834
vt 0.5111259818077087 0.268095999956131
vt 0.5037479996681213 0.2677209973335266
vt 0.0860769972205162 0.8356410264968872
vt 0.1250939965248108 0.9541190266609192
vt 0.532118022441864 0.24818600714206696
vt 0.5329800248146057 0.25432899594306946
vt 0.5024020075798035 0.4695869982242584
vt 0.5079759955406189 0.46854400634765625
vt 0.3159550130367279 0.540427029132843
vt 0.4421190023422241 0.565392017364502
vt 0.4353320002555847 0.565451979637146
vt 0.5080659985542297 0.5503339767456055
vt 0.07913900166749954 0.3069489896297455
vt 0.096049003303051 0.28807100653648376
vt 0.10400599986314774 0.3207480013370514
vt 0.09884200245141983 0.33480700850486755
vt 0.08795499801635742 0.8793950080871582
vt 0.08757700026035309 0.8692110180854797
vt 0.39721599221229553 0.4554400146007538
vt 0.3764989972114563 0.46102800965309143
vt 0.12471900135278702 0.5337769985198975
vt 0.12690599262714386 0.5447229743003845
vt 0.10709799826145172 0.560949981212616
vt 0.09066099673509598 0.5387610197067261
vt 0.52947998046875 0.05893800035119057
vt 0.4942229986190796 0.2893129885196686
vt 0.6416289806365967 0.18754500150680542
vt 0.6430720090866089 0.17753499746322632
vt 0.40335598587989807 0.5588560104370117
vt 0.40263301134109497 0.5538859963417053
vt 0.4062249958515167 0.5546429753303528
vt 0.4062249958515167 0.5594210028648376
vt 0.5392370223999023 0.18258699774742126
vt 0.5572140216827393 0.38897401094436646
vt 0.5636569857597351 0.38646501302719116
vt 0.44259700179100037 0.5222129821777344
vt 0.4368630051612854 0.5217649936676025
vt 0.4355640113353729 0.5087389945983887
vt 0.44259700179100037 0.5083379745483398
vt 0.13041499257087708 0.7382490038871765
vt 0.1338299959897995 0.9528080224990845
vt 0.08339499682188034 0.7932919859886169
vt 0.07925800234079361 0.7936279773712158
vt 0.6288220286369324 0.24395599961280823
vt 0.09263099730014801 0.755577027797699
vt 0.09432999789714813 0.7624970078468323
vt 0.22495600581169128 0.32470399141311646
vt 0.5143849849700928 0.38977399468421936
vt 0.5048120021820068 0.3918449878692627
vt 0.06355000287294388 0.6338160037994385
vt 0.04726000130176544 0.6360909938812256
vt 0.4825409948825836 0.4621089994907379
vt 0.4840080142021179 0.4741629958152771
vt 0.5507739782333374 0.5263770222663879
vt 0.5556979775428772 0.5272619724273682
vt 0.5433109998703003 0.2489980012178421
vt 0.059992000460624695 0.24829499423503876
vt 0.04373300075531006 0.262939989566803
vt 0.4322449862957001 0.5578659772872925
vt 0.4322449862957001 0.571366012096405
vt 0.42289599776268005 0.5713809728622437
vt 0.4238879978656769 0.5580400228500366
vt 0.2946549952030182 0.06605099886655807
vt 0.31929001212120056 0.056297000497579575
vt 0.32319799065589905 0.06672900170087814
vt 0.31005001068115234 0.07208599895238876
vt 0.4812079966068268 0.4485839903354645
vt 0.563355028629303 0.5653669834136963
vt 0.5635150074958801 0.5737230181694031
vt 0.5556600093841553 0.5743870139122009
vt 0.5556600093841553 0.5650380253791809
vt 0.29603898525238037 0.11589699983596802
vt 0.29045701026916504 0.10056699812412262
vt 0.2917400002479553 0.43354299664497375
vt 0.31129398941993713 0.4344730079174042
vt 0.08558499813079834 0.5323299765586853
vt 0.0830639973282814 0.5398629903793335
vt 0.4692719876766205 0.4343009889125824
vt 0.4563030004501343 0.43519601225852966
vt 0.10459499806165695 0.5947790145874023
vt 0.10652700066566467 0.5965459942817688
vt 0.5258129835128784 0.4083609879016876
vt 0.5272110104560852 0.4146609902381897
vt 0.07724899798631668 0.6359689831733704
vt 0.05517499893903732 0.6583600044250488
vt 0.04707900062203407 0.6482719779014587
vt 0.487652987241745 0.2911059856414795
vt 0.6139140129089355 0.33985400199890137
vt 0.24539799988269806 0.1258859932422638
vt 0.5629799962043762 0.519756019115448
vt 0.5576189756393433 0.5190830230712891
vt 0.14768099784851074 0.7930369973182678
vt 0.47480401396751404 0.48619499802589417
vt 0.48577800393104553 0.4854379892349243
vt 0.4877130091190338 0.49233800172805786
vt 0.47673898935317993 0.4930950105190277
vt 0.616362988948822 0.2994909882545471
vt 0.40870800614356995 0.5356150269508362
vt 0.41067901253700256 0.5245000123977661
vt 0.4189090132713318 0.5230510234832764
vt 0.4161120057106018 0.534932017326355
vt 0.061583999544382095 0.6686930060386658
vt 0.08969700336456299 0.6444900035858154
vt 0.027362000197172165 0.2837429940700531
vt 0.5691660046577454 0.5326840281486511
vt 0.5734670162200928 0.5316619873046875
vt 0.5753840208053589 0.5363510251045227
vt 0.490572988986969 0.43612000346183777
vt 0.5096619725227356 0.4948979914188385
vt 0.5095120072364807 0.49062100052833557
vt 0.5157430171966553 0.4888469874858856
vt 0.5167139768600464 0.4939210116863251
vt 0.5776969790458679 0.46854400634765625
vt 0.5882899761199951 0.04500899836421013
vt 0.5850250124931335 0.0549749992787838
vt 0.5769670009613037 0.04614799842238426
vt 0.5795959830284119 0.03610900044441223
vt 0.6176959872245789 0.10859499871730804
vt 0.5581439733505249 0.5467560291290283
vt 0.5556939840316772 0.5545570254325867
vt 0.6579869985580444 0.08653700351715088
vt 0.657945990562439 0.0944959968328476
vt 0.6353309750556946 0.09389200061559677
vt 0.2885960042476654 0.25458401441574097
vt 0.30868300795555115 0.257532000541687
vt 0.5755469799041748 0.1266379952430725
vt 0.6493890285491943 0.20142899453639984
vt 0.6413879990577698 0.20091600716114044
vt 0.3753049969673157 0.5106760263442993
vt 0.397597998380661 0.5055310130119324
vt 0.39888501167297363 0.5141140222549438
vt 0.37661999464035034 0.5202530026435852
vt 0.06720200181007385 0.7058489918708801
vt 0.07192199677228928 0.7164270281791687
vt 0.5335969924926758 0.45090699195861816
vt 0.5344240069389343 0.4553369879722595
vt 0.5318670272827148 0.4559890031814575
vt 0.5311570167541504 0.4529609978199005
vt 0.3851349949836731 0.34220901131629944
vt 0.3631879985332489 0.3412030041217804
vt 0.13072200119495392 0.7453280091285706
vt 0.25648799538612366 0.09944800287485123
vt 0.5538010001182556 0.11150699853897095
vt 0.3465690016746521 0.0847340002655983
vt 0.3547019958496094 0.08304999768733978
vt 0.6477720141410828 0.2118770033121109
vt 0.5636439919471741 0.3831329941749573
vt 0.5584020018577576 0.3845449984073639
vt 0.36545801162719727 0.4026769995689392
vt 0.38674700260162354 0.3988949954509735
vt 0.3393479883670807 0.08741900324821472
vt 0.46383100748062134 0.486952006816864
vt 0.613332986831665 0.3151269853115082
vt 0.6044620275497437 0.31680500507354736
vt 0.6080139875411987 0.30100300908088684
vt 0.25480300188064575 0.08927799761295319
vt 0.25251299142837524 0.09010100364685059
vt 0.2527399957180023 0.08605100214481354
vt 0.25497299432754517 0.08624099940061569
vt 0.10892000049352646 0.8219879865646362
vt 0.6553019881248474 0.20260700583457947
vt 0.6536849737167358 0.21305400133132935
vt 0.11717700213193893 0.678737998008728
vt 0.517861008644104 0.4982779920101166
vt 0.3143480122089386 0.6551269888877869
vt 0.2915459871292114 0.6323429942131042
vt 0.14516200125217438 0.9653220176696777
vt 0.13961200416088104 0.9802860021591187
vt 0.1398019939661026 0.9661440253257751
vt 0.3285990059375763 0.10778199881315231
vt 0.3465389907360077 0.11465699970722198
vt 0.5848469734191895 0.08055199682712555
vt 0.5730640292167664 0.28791600465774536
vt 0.48261499404907227 0.19588600099086761
vt 0.4802379906177521 0.21563999354839325
vt 0.4587559998035431 0.20542700588703156
vt 0.4610289931297302 0.18627899885177612
vt 0.3311159908771515 0.07436800003051758
vt 0.38172098994255066 0.570015013217926
vt 0.3627220094203949 0.5707240104675293
vt 0.3627220094203949 0.5577229857444763
vt 0.38245099782943726 0.56113201379776
vt 0.40870800614356995 0.40682700276374817
vt 0.41707900166511536 0.39616599678993225
vt 0.5350750088691711 0.46035701036453247
vt 0.5347790122032166 0.46493300795555115
vt 0.5321030020713806 0.4641819894313812
vt 0.5322210192680359 0.46019598841667175
vt 0.5451779961585999 0.44432300329208374
vt 0.5402910113334656 0.44582998752593994
vt 0.5496490001678467 0.5407999753952026
vt 0.5537390112876892 0.547406017780304
vt 0.4723449945449829 0.5764889717102051
vt 0.48071300983428955 0.5765630006790161
vt 0.5119789838790894 0.5328620076179504
vt 0.5216609835624695 0.5284609794616699
vt 0.2108359932899475 0.3532699942588806
vt 0.21056100726127625 0.3237900137901306
vt 0.6370630264282227 0.2644850015640259
vt 0.3205670118331909 0.3720729947090149
vt 0.31502801179885864 0.40220001339912415
vt 0.5219519734382629 0.09801799803972244
vt 0.4921509921550751 0.4899879992008209
vt 0.5142769813537598 0.01837499998509884
vt 0.14854900538921356 0.8941850066184998
vt 0.1403619945049286 0.8954610228538513
vt 0.10651399940252304 0.7834740281105042
vt 0.5002440214157104 0.4538330137729645
vt 0.4968070089817047 0.4512780010700226
vt 0.6441289782524109 0.10728999972343445
vt 0.4896329939365387 0.5691400170326233
vt 0.4091159999370575 0.572039008140564
vt 0.41876301169395447 0.5744199752807617
vt 0.30623000860214233 0.1632539927959442
vt 0.3304400146007538 0.1613830029964447
vt 0.3982749879360199 0.5753899812698364
vt 0.38813599944114685 0.5767660140991211
vt 0.5803390145301819 0.32203298807144165
vt 0.5432140231132507 0.25506800413131714
vt 0.11965899914503098 0.5724380016326904
vt 0.4505249857902527 0.3918269872665405
vt 0.4518139958381653 0.3885590136051178
vt 0.5092920064926147 0.39844998717308044
vt 0.5151200294494629 0.3994559943675995
vt 0.3794749975204468 0.4740320146083832
vt 0.40250998735427856 0.47666001319885254
vt 0.3982340097427368 0.491241991519928
vt 0.37474000453948975 0.49078598618507385
vt 0.09130000323057175 0.9942399859428406
vt 0.08402200043201447 0.9990400075912476
vt 0.08521000295877457 0.9876049757003784
vt 0.6156259775161743 0.03950100019574165
vt 0.6081259846687317 0.045097000896930695
vt 0.5363159775733948 0.5397830009460449
vt 0.5452209711074829 0.5352820158004761
vt 0.16866500675678253 0.5934569835662842
vt 0.6097919940948486 0.09147600084543228
vt 0.6172980070114136 0.08488400280475616
vt 0.6106259822845459 0.09854599833488464
vt 0.4949910044670105 0.3934290111064911
vt 0.48834800720214844 0.3929170072078705
vt 0.4882499873638153 0.38552799820899963
vt 0.5731130242347717 0.5004889965057373
vt 0.5715770125389099 0.4971249997615814
vt 0.574006974697113 0.4985150098800659
vt 0.5657730102539062 0.3517490029335022
vt 0.6097959876060486 0.25871899724006653
vt 0.09484200179576874 0.722711980342865
vt 0.13184800744056702 0.8844529986381531
vt 0.49844399094581604 0.35269901156425476
vt 0.49451500177383423 0.3533329963684082
vt 0.20519599318504333 0.09282899647951126
vt 0.2231460064649582 0.09905000030994415
vt 0.10722000151872635 0.5921750068664551
vt 0.1117129996418953 0.577144980430603
vt 0.47057801485061646 0.5499680042266846
vt 0.47818899154663086 0.5518929958343506
vt 0.5182660222053528 0.3318359851837158
vt 0.1405780017375946 0.602649986743927
vt 0.46308600902557373 0.3235819935798645
vt 0.44131898880004883 0.31198999285697937
vt 0.5694540143013 0.3721739947795868
vt 0.4661639928817749 0.5024200081825256
vt 0.4647800028324127 0.5251330137252808
vt 0.44576600193977356 0.5132529735565186
vt 0.4612079858779907 0.5007079839706421
vt 0.1298159956932068 0.5545390248298645
vt 0.07417900115251541 0.5657240152359009
vt 0.6243529915809631 0.06567899882793427
vt 0.132314994931221 0.8741469979286194
vt 0.5967339873313904 0.029546000063419342
vt 0.5992860198020935 0.04080599918961525
vt 0.48382699489593506 0.5447989702224731
vt 0.4871079921722412 0.5448290109634399
vt 0.4871079921722412 0.5517169833183289
vt 0.48263299465179443 0.5522599816322327
vt 0.5210859775543213 0.3986630141735077
vt 0.5206639766693115 0.4042930006980896
vt 0.14256499707698822 0.9514970183372498
vt 0.4773640036582947 0.2352299988269806
vt 0.4554919898509979 0.22424499690532684
vt 0.5058559775352478 0.24655300378799438
vt 0.4238460063934326 0.5550169944763184
vt 0.4263690114021301 0.5422449707984924
vt 0.4383389949798584 0.5413879752159119
vt 0.43681201338768005 0.5540879964828491
vt 0.5535719990730286 0.5602319836616516
vt 0.5477250218391418 0.5662040114402771
vt 0.38231799006462097 0.5373110175132751
vt 0.40346500277519226 0.5285559892654419
vt 0.4067870080471039 0.5354099869728088
vt 0.3866429924964905 0.5428029894828796
vt 0.002360000042244792 0.28056800365448
vt 0.5877180099487305 0.07159599661827087
vt 0.07862500101327896 0.7742670178413391
vt 0.10292000323534012 0.6113150119781494
vt 0.10335200279951096 0.7154669761657715
vt 0.08959700167179108 0.9388480186462402
vt 0.083856001496315 0.958827018737793
vt 0.08491100370883942 0.9392200112342834
vt 0.5303859710693359 0.3899030089378357
vt 0.5343179702758789 0.3806439936161041
vt 0.25366899371147156 0.08098199963569641
vt 0.13714699447155 0.7123929858207703
vt 0.1430159956216812 0.72079998254776
vt 0.576337993144989 0.13379299640655518
vt 0.48516300320625305 0.10557900369167328
vt 0.46312499046325684 0.10159999877214432
vt 0.6266279816627502 0.12951399385929108
vt 0.35204899311065674 0.07881800085306168
vt 0.3582629859447479 0.07701300084590912
vt 0.36080101132392883 0.08326999843120575
vt 0.5470989942550659 0.4474790096282959
vt 0.5523899793624878 0.44432300329208374
vt 0.5536199808120728 0.4532969892024994
vt 0.5475289821624756 0.45591500401496887
vt 0.5528590083122253 0.4636470079421997
vt 0.5470989942550659 0.4654659926891327
vt 0.4853000044822693 0.5209450125694275
vt 0.4795370101928711 0.5216360092163086
vt 0.4659090042114258 0.5666149854660034
vt 0.08808600157499313 0.5392659902572632
vt 0.10397499799728394 0.5917090177536011
vt 0.641169011592865 0.04207000136375427
vt 0.6324669718742371 0.04315600171685219
vt 0.6171579957008362 0.14513300359249115
vt 0.6177909970283508 0.15761500597000122
vt 0.6491699814796448 0.04258200153708458
vt 0.19046999514102936 0.06879100203514099
vt 0.20122100412845612 0.054937999695539474
vt 0.211340993642807 0.05763800069689751
vt 0.4138289988040924 0.31543099880218506
vt 0.12281700223684311 0.6221929788589478
vt 0.13516299426555634 0.6152390241622925
vt 0.14383000135421753 0.6199489831924438
vt 0.14028200507164001 0.630657970905304
vt 0.5691480040550232 0.4957349896430969
vt 0.6353719830513 0.08593299984931946
vt 0.4490810036659241 0.4011690020561218
vt 0.5713649988174438 0.3874019980430603
vt 0.5658429861068726 0.3868730068206787
vt 0.18978999555110931 0.08093900233507156
vt 0.09470999985933304 0.39274200797080994
vt 0.4126740097999573 0.5104809999465942
vt 0.42160001397132874 0.5097399950027466
vt 0.5915489792823792 0.06271500140428543
vt 0.5075759887695312 0.5332670211791992
vt 0.6539319753646851 0.2990039885044098
vt 0.65038001537323 0.3148050010204315
vt 0.5668320059776306 0.45728799700737
vt 0.5555400252342224 0.4628010094165802
vt 0.5555400252342224 0.44432300329208374
vt 0.5700309872627258 0.45055800676345825
vt 0.26091501116752625 0.15836699306964874
vt 0.6091560125350952 0.2806189954280853
vt 0.09072499722242355 0.9314730167388916
vt 0.09699899703264236 0.06856399774551392
vt 0.5115360021591187 0.006955000106245279
vt 0.10347700119018555 0.5896459817886353
vt 0.5755680203437805 0.3074299991130829
vt 0.5672720074653625 0.30669599771499634
vt 0.410878986120224 0.5559459924697876
vt 0.41440001130104065 0.5431029796600342
vt 0.5357789993286133 0.3694959878921509
vt 0.5235810279846191 0.5561079978942871
vt 0.5288289785385132 0.5469189882278442
vt 0.6239349842071533 0.04594799876213074
vt 0.5747510194778442 0.09188199788331985
vt 0.5727440118789673 0.5173640251159668
vt 0.6606500148773193 0.14268499612808228
vt 0.2603429853916168 0.15129099786281586
vt 0.25813600420951843 0.08136200159788132
vt 0.5268499851226807 0.429282009601593
vt 0.5020880103111267 0.20355400443077087
vt 0.14262300729751587 0.7630109786987305
vt 0.2735989987850189 0.6088520288467407
vt 0.4007120132446289 0.5682899951934814
vt 0.3999449908733368 0.5599669814109802
vt 0.3789669871330261 0.529462993144989
vt 0.4006589949131012 0.5215190052986145
vt 0.4286090135574341 0.3633269965648651
vt 0.12768399715423584 0.6096400022506714
vt 0.5948129892349243 0.052747998386621475
vt 0.4851039946079254 0.5314840078353882
vt 0.48514801263809204 0.5286160111427307
vt 0.3293139934539795 0.14708900451660156
vt 0.32886001467704773 0.15518799424171448
vt 0.4896329939365387 0.543258011341095
vt 0.4872629940509796 0.5592049956321716
vt 0.48263299465179443 0.5592049956321716
vt 0.4826740026473999 0.5545979738235474
vt 0.4848549962043762 0.5541809797286987
vt 0.5593870282173157 0.5117059946060181
vt 0.5587159991264343 0.5071629881858826
vt 0.5631510019302368 0.5071629881858826
vt 0.5625399947166443 0.5113160014152527
vt 0.6550830006599426 0.04376000165939331
vt 0.0040699997916817665 0.37246599793434143
vt 0.1195560023188591 0.8206210136413574
vt 0.6459329724311829 0.2651030123233795
vt 0.5760390162467957 0.40284499526023865
vt 0.5711140036582947 0.40540799498558044
vt 0.4633840024471283 0.5754489898681641
vt 0.6598179936408997 0.10222800076007843
vt 0.529367983341217 0.4600360095500946
vt 0.5291320085525513 0.46261799335479736
vt 0.4853000044822693 0.5264549851417542
vt 0.5767199993133545 0.2395790070295334
vt 0.5765150189399719 0.25178998708724976
vt 0.13757699728012085 0.7401509881019592
vt 0.5056120157241821 0.4616599977016449
vt 0.576324999332428 0.27310600876808167
vt 0.4734809994697571 0.5447989702224731
vt 0.48071300983428955 0.5476499795913696
vt 0.0070130000822246075 0.403779000043869
vt 0.3744780123233795 0.4999200105667114
vt 0.3973720073699951 0.4975759983062744
vt 0.4822410047054291 0.4334070086479187
vt 0.5305709838867188 0.5325940251350403
vt 0.5416120290756226 0.5291829705238342
vt 0.536067008972168 0.3596470057964325
vt 0.5343120098114014 0.3530629873275757
vt 0.5439249873161316 0.35240599513053894
vt 0.31217101216316223 0.10876999795436859
vt 0.10905300080776215 0.6072670221328735
vt 0.14636200666427612 0.8054270148277283
vt 0.4853000044822693 0.5343310236930847
vt 0.5737950205802917 0.15192599594593048
vt 0.4811919927597046 0.5414270162582397
vt 0.4833439886569977 0.5393019914627075
vt 0.38172098994255066 0.5520150065422058
vt 0.3627220094203949 0.5447229743003845
vt 0.5043370127677917 0.3517490029335022
vt 0.08658800274133682 0.9318100214004517
vt 0.21299099922180176 0.045478999614715576
vt 0.22129200398921967 0.03483099862933159
vt 0.579567015171051 0.09644100069999695
vt 0.5089709758758545 0.2760410010814667
vt 0.02099600061774254 0.16524100303649902
vt 0.49624601006507874 0.46982699632644653
vt 0.527417004108429 0.39407700300216675
vt 0.5163050293922424 0.39051398634910583
vt 0.6160910129547119 0.05027800053358078
vt 0.06676799803972244 0.7179790139198303
vt 0.1379919946193695 0.7319440245628357
vt 0.5535380244255066 0.3517490029335022
vt 0.03767099976539612 0.6394860148429871
vt 0.0634400025010109 0.7072420120239258
vt 0.48263299465179443 0.5657140016555786
vt 0.48263299465179443 0.561581015586853
vt 0.4857099950313568 0.5611249804496765
vt 0.48487499356269836 0.5654860138893127
vt 0.4656749963760376 0.3026140034198761
vt 0.44429799914360046 0.29179298877716064
vt 0.6179199814796448 0.13274399936199188
vt 0.5776969790458679 0.48608100414276123
vt 0.5659930109977722 0.5291829705238342
vt 0.5671430230140686 0.3498289883136749
vt 0.5569189786911011 0.34901899099349976
vt 0.5017459988594055 0.39616599678993225
vt 0.5744460225105286 0.1611039936542511
vt 0.574338972568512 0.16724500060081482
vt 0.5474479794502258 0.5071790218353271
vt 0.5325919985771179 0.5029000043869019
vt 0.5291320085525513 0.45723098516464233
vt 0.46576499938964844 0.49385198950767517
vt 0.5235810279846191 0.5419830083847046
vt 0.4910449981689453 0.4778890013694763
vt 0.4908300042152405 0.47290000319480896
vt 0.6495879888534546 0.062313999980688095
vt 0.411532998085022 0.5805649757385254
vt 0.420974999666214 0.5807160139083862
vt 0.08631099760532379 0.9083009958267212
vt 0.44048601388931274 0.5675050020217896
vt 0.43416500091552734 0.5672780275344849
vt 0.576088011264801 0.17447400093078613
vt 0.5730770230293274 0.18545199930667877
vt 0.5493689775466919 0.4743430018424988
vt 0.565284013748169 0.46854400634765625
vt 0.46638599038124084 0.5377259850502014
vt 0.45024800300598145 0.546002984046936
vt 0.44767799973487854 0.5342450141906738
vt 0.5779129862785339 0.5124989748001099
vt 0.5769090056419373 0.5160790085792542
vt 0.31596100330352783 0.04694199934601784
vt 0.31731799244880676 0.0399169996380806
vt 0.1251409947872162 0.49480998516082764
vt 0.12446299940347672 0.5246000289916992
vt 0.11678899824619293 0.4755440056324005
vt 0.15298999845981598 0.9499409794807434
vt 0.2577419877052307 0.5824459791183472
vt 0.5585470199584961 0.3676300048828125
vt 0.5572140216827393 0.3759709894657135
vt 0.5059090256690979 0.06959400326013565
vt 0.32401299476623535 0.3621329963207245
vt 0.5755360126495361 0.5187349915504456
vt 0.616811990737915 0.0780860036611557
vt 0.12301699817180634 0.0009599999757483602
vt 0.1108890026807785 0.03548299893736839
vt 0.1062690019607544 0.011579999700188637
vt 0.5606080293655396 0.5145630240440369
vt 0.5618100166320801 0.517162024974823
vt 0.5595930218696594 0.517162024974823
vt 0.5576189756393433 0.5152130126953125
vt 0.02025900036096573 0.638047993183136
vt 0.5501160025596619 0.3084770143032074
vt 0.5463510155677795 0.30717000365257263
vt 0.47017499804496765 0.3502170145511627
vt 0.4857330024242401 0.3739669919013977
vt 0.5514299869537354 0.3126690089702606
vt 0.14491599798202515 0.9541839957237244
vt 0.14196600019931793 0.9536319971084595
vt 0.1405780017375946 0.5724310278892517
vt 0.13441400229930878 0.5641109943389893
vt 0.5297650098800659 0.5700420141220093
vt 0.5300120115280151 0.5722789764404297
vt 0.5260729789733887 0.5709159970283508
vt 0.5273740291595459 0.5681250095367432
vt 0.5503249764442444 0.4186969995498657
vt 0.5452820062637329 0.40254300832748413
vt 0.5666090250015259 0.405456006526947
vt 0.5603579878807068 0.41864800453186035
vt 0.5235810279846191 0.5732380151748657
vt 0.5236629843711853 0.5700420141220093
vt 0.525065004825592 0.574836015701294
vt 0.13871200382709503 0.9551270008087158
vt 0.42928799986839294 0.460191011428833
vt 0.4368619918823242 0.4043700098991394
vt 0.4427649974822998 0.41523298621177673
vt 0.5641679763793945 0.5124850273132324
vt 0.13696399331092834 0.9594320058822632
vt 0.4429590106010437 0.38572001457214355
vt 0.52811598777771 0.574836015701294
vt 0.5642709732055664 0.5152130126953125
vt 0.5252299904823303 0.568444013595581
vt 0.5666090250015259 0.43560901284217834
vt 0.5452820062637329 0.43470698595046997
vt 0.1789119988679886 0.05765699967741966
vt 0.5578619837760925 0.5132650136947632
vt 0.36080101132392883 0.685509979724884
vt 0.3411020040512085 0.6761299967765808
vt 0.5421220064163208 0.307886004447937
vt 0.641897976398468 0.0009599999757483602
vt 0.42922699451446533 0.5098479986190796
vt 0.43805500864982605 0.5333600044250488
vt 0.6027500033378601 0.3497529923915863
vt 0.5405600070953369 0.31185799837112427
vt 0.5421969890594482 0.31605100631713867
vt 0.5388060212135315 0.41856101155281067
vt 0.5409299731254578 0.4094089865684509
vt 0.4038819968700409 0.5519660115242004
vt 0.40263301134109497 0.54898601770401
vt 0.4038819968700409 0.5447229743003845
vt 0.43597400188446045 0.37739598751068115
vt 0.5779129862785339 0.503600001335144
vt 0.4401879906654358 0.4561159908771515
vt 0.4434410035610199 0.4418250024318695
vt 0.42353400588035583 0.27329200506210327
vt 0.5450040102005005 0.3172839879989624
vt 0.13859200477600098 0.9632480144500732
vt 0.5476130247116089 0.4424020051956177
vt 0.5489090085029602 0.31656700372695923
vt 0.14569999277591705 0.9581210017204285
vt 0.4683069884777069 0.49577298760414124
vt 0.47527599334716797 0.5168830156326294
vt 0.4724090099334717 0.5309579968452454
vt 0.46638599038124084 0.49577298760414124
vt 0.5409299731254578 0.42750099301338196
vt 0.5908430218696594 0.3372209966182709
vt 0.14208999276161194 0.9637640118598938
vt 0.5368859767913818 0.4489859938621521
vt 0.5312259793281555 0.42845800518989563
vt 0.5368859767913818 0.39616599678993225
vt 0.5291309952735901 0.41530200839042664
vt 0.44576600193977356 0.41642698645591736
vt 0.4358310103416443 0.46980100870132446
vt 0.43136799335479736 0.48229101300239563
vt 0.5476130247116089 0.39616599678993225
vt 0.3773939907550812 0.5447880029678345
vt 0.11832399666309357 0.6674410104751587
vt 0.10915900021791458 0.45514899492263794
vt 0.3773939907550812 0.5767880082130432
vt 0.4246160089969635 0.4926399886608124
vt 0.131071999669075 0.5082830190658569
vt 0.4438450038433075 0.4275740087032318
vt 0.1718129962682724 0.6058279871940613
vt 0.5303099751472473 0.40174600481987
vt 0.1445000022649765 0.9623910188674927
vt 0.2561030089855194 0.08326499909162521
vt 0.40870800614356995 0.5064169764518738
vt 0.5132380127906799 0.0009599999757483602
vt 0.4683069884777069 0.5428789854049683
o mesh_input
f 243/1 245/2 191/3 190/4
f 690/5 692/6 579/7 578/8
f 1147/9 1113/10 1150/11 1233/12
f 463/13 453/14 464/15 476/16
f 1267/17 1298/18 1300/19 1269/20
f 588/21 718/22 720/23 565/24
f 4/25 3/26 1/27 6/28
f 1024/29 1114/30 1092/31 1006/32
f 793/33 671/34 673/35 794/36
f 353/37 252/38 276/39 439/40
f 57/41 38/42 85/43 56/44
f 253/45 354/46 316/47 232/48
f 715/49 540/50 541/51 717/52
f 130/53 62/54 61/55 129/56
f 54/57 85/43 82/58 52/59
f 1223/60 1221/61 869/62 976/63
f 233/64 317/65 318/66 218/67
f 1209/68 1059/69 1061/70 1176/71
f 1205/72 1253/73 1118/74 1117/75
f 392/76 398/77 623/78 621/79
f 774/80 685/81 687/82 775/83
f 549/84 530/85 671/86 670/87
f 1143/88 1112/89 1145/90 1232/91
f 707/92 709/93 802/94 801/95
f 396/96 407/97 408/98 397/99
f 48/100 23/101 25/102 50/103
f 170/104 253/105 232/106 172/107
f 286/108 260/109 322/110 360/111
f 417/112 421/113 422/114 418/115
f 401/116 402/117 627/118 626/119
f 95/120 97/121 96/122 94/123
f 239/124 240/125 340/126 339/127
f 106/128 172/107 200/129 137/130
f 432/131 433/132 553/133 552/134
f 439/40 276/39 254/135 355/136
f 801/95 802/94 998/137 997/138
f 1155/139 1073/140 1047/141 1128/142
f 146/143 147/144 213/145 212/146
f 560/147 544/148 599/149 597/150
f 909/151 910/152 916/153 915/154
f 377/155 384/156 385/157 379/158
f 364/159 367/160 369/161 446/162
f 528/163 547/164 668/165 666/166
f 269/167 270/168 433/132 432/131
f 52/59 27/169 29/170 54/57
f 744/171 837/172 838/173 745/174
f 862/175 873/176 963/177 1018/178
f 374/179 379/158 386/180 383/181
f 472/182 568/183 569/184 474/185
f 121/186 152/187 122/188 60/189
f 674/190 676/191 563/192 562/193
f 850/194 808/195 851/196 865/197
f 922/198 626/199 627/200 923/201
f 1242/202 1202/203 1201/204 1241/205
f 996/206 1013/207 841/208 817/209
f 1246/210 1165/211 1164/212 1245/213
f 1016/214 1025/215 858/216 845/217
f 584/218 710/219 712/220 585/221
f 94/123 96/122 159/222 158/223
f 1159/224 1135/225 1202/203 1242/202
f 538/226 355/136 356/227 539/228
f 438/229 515/230 516/231 354/46
f 1052/232 1080/233 1161/234 1135/235
f 834/236 987/237 1009/238 835/239
f 406/240 413/241 324/242 407/97
f 733/243 734/244 698/245 696/246
f 214/247 154/248 239/124 266/249
f 1073/140 985/250 953/251 1047/141
f 915/154 916/153 927/252 926/253
f 955/254 776/255 799/256 992/257
f 773/258 678/259 680/260 795/261
f 1054/262 1083/263 1167/264 1116/265
f 857/266 1024/29 1006/32 829/267
f 254/135 171/268 173/269 255/270
f 1276/271 1275/272 1199/273 1200/274
f 1261/275 1292/276 1294/277 1263/278
f 398/77 399/279 624/280 623/78
f 905/281 906/282 912/283 911/284
f 866/285 852/286 867/287 876/288
f 488/289 489/290 344/291 311/292
f 340/126 430/293 550/294 531/295
f 875/296 866/285 876/288 882/297
f 403/298 409/299 630/300 628/301
f 1188/302 1186/303 1147/9 1149/304
f 1278/305 1285/306 1284/307 1277/308
f 297/309 298/310 209/311 207/312
f 36/313 35/314 17/315 18/316
f 916/153 917/317 928/318 927/252
f 1314/319 1293/320 1295/321 1316/322
f 53/323 55/324 30/325 28/326
f 444/327 361/328 445/329 452/330
f 758/331 857/266 829/267 759/332
f 1161/333 1163/334 1246/210 1244/335
f 763/336 764/337 727/338 725/339
f 20/340 2/341 3/26 19/342
f 8/343 10/344 27/169 25/102
f 646/345 810/346 811/347 650/348
f 466/349 467/350 308/351 300/352
f 812/353 659/354 661/355 790/356
f 846/357 847/358 1027/359 1034/360
f 749/361 750/362 710/363 708/364
f 184/365 144/366 235/367 260/109
f 711/368 713/369 781/370 780/371
f 1119/372 1139/373 1280/374 1254/375
f 533/376 552/377 685/81 682/378
f 896/379 897/380 903/381 902/382
f 657/383 660/384 482/385 480/386
f 561/387 562/193 467/350 466/349
f 1239/388 1155/139 1128/142 1193/389
f 246/390 247/391 195/392 194/393
f 752/394 753/395 716/396 714/397
f 577/398 578/8 493/399 492/400
f 166/401 231/402 275/403 216/404
f 814/405 815/406 735/407 734/408
f 389/409 395/410 396/96 390/411
f 496/412 581/413 593/414 515/415
f 568/183 725/339 727/338 569/184
f 383/181 386/180 619/416 618/417
f 572/418 573/419 488/289 487/420
f 786/421 973/422 1020/423 810/424
f 16/425 59/426 87/427 33/428
f 1066/429 1183/430 1121/431 1032/432
f 728/433 504/434 460/435 729/436
f 148/437 150/438 119/439 118/440
f 18/316 17/315 67/441 112/442
f 544/148 519/443 506/444 520/445
f 169/446 168/447 104/448 105/449
f 919/450 623/451 624/452 920/453
f 343/454 432/131 552/134 533/455
f 950/456 769/457 771/458 880/459
f 655/460 657/383 480/386 478/461
f 74/462 73/463 78/464 77/465
f 1170/466 1205/72 1117/75 1101/467
f 1097/468 989/469 955/254 1049/470
f 110/471 219/472 202/473 65/474
f 739/475 832/476 833/477 740/478
f 1123/479 1149/304 1234/480 1152/481
f 603/482 605/483 444/484 451/485
f 386/180 392/76 621/79 619/416
f 100/486 164/487 166/401 102/488
f 562/193 563/192 468/489 467/350
f 1274/490 1232/91 1186/303 1188/302
f 441/491 257/492 234/493 358/494
f 361/328 362/495 363/496 445/329
f 809/497 820/498 851/196 808/195
f 492/400 493/399 346/499 313/500
f 888/501 890/502 893/503 892/504
f 679/505 737/506 738/507 681/508
f 1105/509 972/510 974/511 1107/512
f 86/513 84/514 307/515 289/516
f 32/517 57/41 56/44 31/518
f 487/420 488/289 311/292 310/519
f 559/520 441/491 358/494 540/521
f 1194/522 1193/523 1195/524 1196/525
f 167/526 103/527 169/446 217/528
f 1305/529 1308/530 1286/531 1279/532
f 772/533 675/534 678/259 773/258
f 225/535 226/536 157/537 156/538
f 1181/539 1219/540 1226/541 1182/542
f 1265/543 1296/544 1298/18 1267/17
f 1130/545 1194/522 1196/525 1131/546
f 898/547 900/548 906/282 905/281
f 699/549 555/550 537/551 701/552
f 980/553 791/554 769/457 950/456
f 1000/555 1017/556 1119/372 1102/557
f 1124/558 1045/559 1046/560 1125/561
f 1037/562 1038/563 863/564 861/565
f 293/566 471/567 472/182 295/568
f 1114/30 1187/569 1148/570 1092/31
f 21/571 19/342 3/26 4/25
f 585/572 712/573 714/574 586/575
f 221/576 141/577 204/578 258/579
f 1303/580 1272/581 1141/582 1230/583
f 1051/584 1079/585 993/586 957/587
f 972/510 785/588 787/589 974/511
f 892/504 893/503 898/547 897/380
f 551/590 532/591 680/592 678/593
f 127/594 129/56 193/595 192/596
f 1085/597 1101/467 1014/598 999/599
f 288/600 85/43 38/42 261/601
f 429/602 449/603 549/604 547/605
f 145/606 212/146 263/607 236/608
f 1167/609 1169/610 1250/611 1248/612
f 541/51 320/613 303/614 517/615
f 223/616 215/617 121/186 150/438
f 1238/618 1237/619 1239/620 1240/621
f 273/622 436/623 351/624 250/625
f 565/24 720/23 723/626 566/627
f 347/628 434/629 554/630 534/631
f 321/632 258/579 305/633 442/634
f 689/635 743/636 744/637 690/5
f 434/629 350/638 536/639 554/630
f 813/640 956/641 991/642 798/643
f 211/644 262/645 483/646 484/647
f 835/239 1009/238 1010/648 836/649
f 393/650 404/651 405/652 394/653
f 717/52 541/51 517/615 719/654
f 854/655 651/656 654/657 821/658
f 367/160 371/659 372/660 369/161
f 1258/661 1289/662 1290/663 1259/664
f 1222/665 1107/666 869/667 1221/668
f 513/669 591/670 592/671 514/672
f 816/673 817/209 748/674 736/675
f 569/184 727/338 730/676 570/677
f 1110/678 828/679 827/680 1040/681
f 84/682 81/683 336/684 307/685
f 329/686 330/687 522/688 521/689
f 1118/74 1138/690 1025/215 1016/214
f 262/645 289/691 482/692 483/646
f 350/638 249/693 274/694 437/695
f 42/696 18/316 112/442 141/577
f 2/341 5/697 1/27 3/26
f 390/411 396/96 397/99 391/698
f 155/699 188/700 267/701 240/125
f 1033/702 1035/703 860/704 859/705
f 667/706 792/707 770/708 669/709
f 96/122 127/594 192/596 159/222
f 515/230 593/710 582/711 516/231
f 98/712 162/713 198/714 135/715
f 1268/716 1270/717 1301/718 1299/719
f 891/720 892/504 897/380 896/379
f 636/721 938/722 942/723 640/724
f 212/146 213/145 264/725 263/607
f 157/537 190/4 124/726 93/727
f 527/728 545/729 663/730 661/355
f 431/731 342/732 532/733 551/734
f 1072/735 1126/736 1127/737 1074/738
f 1076/739 1131/546 1198/740 1098/741
f 610/742 612/743 368/744 365/745
f 1068/746 981/747 982/748 1069/749
f 567/750 503/751 473/752 542/753
f 1172/754 1174/755 1035/703 1033/702
f 1184/756 1142/757 1143/88 1185/758
f 672/759 674/190 562/193 561/387
f 498/760 584/218 585/221 499/761
f 1028/762 881/763 1002/764 1064/765
f 945/766 1104/767 1217/768 1216/769
f 104/448 170/104 172/107 106/128
f 748/770 749/771 708/772 706/773
f 1058/774 1208/775 1175/776 1060/777
f 57/41 55/778 86/779 38/42
f 746/780 839/781 813/640 732/782
f 305/633 286/108 360/111 450/783
f 590/784 696/246 698/245 591/785
f 1013/207 999/599 842/786 841/208
f 880/787 771/788 793/789 981/790
f 416/791 419/792 637/793 635/794
f 605/483 606/795 361/796 444/484
f 52/59 82/58 80/797 72/798
f 368/799 373/800 375/801 370/802
f 1324/803 1322/804 1323/805 1321/806
f 1055/807 1086/808 1171/809 1137/810
f 1318/811 1297/812 1299/719 1320/813
f 1116/814 1167/609 1248/612 1165/211
f 544/148 520/445 602/815 599/149
f 1098/741 1198/740 1133/816 1050/817
f 118/440 119/439 147/144 146/143
f 809/818 604/819 607/820 820/821
f 686/822 688/823 576/824 575/825
f 640/826 643/827 426/828 421/829
f 1121/431 1231/830 1144/831 1090/832
f 501/833 587/834 588/21 469/835
f 1271/836 1270/837 1228/838 1283/839
f 274/694 199/840 165/841 251/842
f 108/843 174/844 139/845 63/846
f 732/782 813/640 798/643 733/847
f 215/617 224/848 152/187 121/186
f 313/849 346/850 246/390 228/851
f 134/852 98/712 99/853 133/854
f 35/314 65/474 41/855 17/315
f 69/856 37/857 44/858 46/859
f 945/766 1216/769 1215/860 944/861
f 530/862 531/863 673/35 671/34
f 1153/864 1236/865 1190/866 1126/736
f 764/337 765/867 730/676 727/338
f 1104/868 971/869 972/510 1105/509
f 74/462 77/465 206/870 205/871
f 869/872 649/873 651/656 854/655
f 1126/736 1190/866 1192/874 1127/737
f 683/875 684/876 574/877 573/419
f 1149/304 1147/9 1233/12 1234/480
f 608/878 883/879 886/880 610/881
f 245/2 227/882 160/883 191/3
f 707/92 538/884 539/885 709/93
f 1109/886 1022/887 979/888 1065/889
f 741/890 834/236 835/239 742/891
f 1292/276 1290/663 1310/892 1313/893
f 904/894 618/895 619/896 907/897
f 1084/898 1055/807 1137/810 1169/899
f 818/900 819/901 1034/360 1026/902
f 987/237 1074/738 1095/903 1009/238
f 601/904 850/194 865/197 603/905
f 198/714 273/906 250/907 164/487
f 51/908 53/323 28/326 26/909
f 193/595 131/910 229/911 270/168
f 1015/912 1016/214 845/217 844/913
f 370/802 375/801 376/914 371/659
f 596/915 755/916 782/917 598/918
f 650/919 811/920 789/921 652/922
f 1263/278 1294/277 1296/544 1265/543
f 414/923 325/924 327/925 415/926
f 508/927 507/928 462/929 476/16
f 128/930 130/53 129/56 127/594
f 62/54 134/852 133/854 61/55
f 1093/931 1152/481 1153/864 1094/932
f 676/191 677/933 564/934 563/192
f 1162/935 1115/936 1053/937 1099/938
f 1078/939 1052/232 1135/235 1159/940
f 917/317 918/941 929/942 928/318
f 440/943 277/944 257/492 441/491
f 1106/945 1181/539 1182/542 1108/946
f 1166/947 1168/948 1100/949 1082/950
f 811/920 1021/951 977/952 789/921
f 1183/430 1304/953 1231/830 1121/431
f 240/125 267/701 430/293 340/126
f 833/477 986/954 987/237 834/236
f 200/129 256/955 233/64 174/844
f 219/956 319/957 302/958 202/959
f 1253/73 1279/532 1138/690 1118/74
f 424/960 73/961 74/962 205/963
f 222/964 223/616 150/438 148/437
f 918/941 920/965 921/966 929/942
f 1025/215 1033/702 859/705 858/216
f 992/257 958/967 1052/232 1078/939
f 32/968 30/325 55/324 57/969
f 646/970 650/919 510/971 509/972
f 473/752 321/632 442/634 459/973
f 1214/974 1215/860 1266/975 1264/976
f 1089/977 1019/978 1001/979 1103/980
f 991/642 957/587 814/405 798/643
f 369/161 372/660 374/179 447/981
f 263/607 264/725 428/982 427/983
f 405/652 412/984 413/241 406/240
f 784/985 642/986 644/987 785/588
f 210/988 236/608 337/989 299/990
f 425/991 75/992 70/993 422/994
f 669/709 770/708 756/995 672/759
f 311/996 344/997 243/1 226/536
f 722/998 762/999 847/358 846/357
f 143/1000 180/1001 283/1002 281/1003
f 458/1004 466/349 300/352 290/1005
f 1112/89 1042/1006 1067/1007 1145/90
f 242/1008 244/1009 343/454 342/732
f 203/1010 66/1011 42/696 177/1012
f 686/1013 741/890 742/891 688/1014
f 557/1015 439/40 355/136 538/226
f 1071/1016 984/1017 985/250 1073/140
f 994/1018 995/1019 1081/1020 1080/233
f 235/367 259/1021 443/1022 359/1023
f 878/1024 613/1025 615/1026 899/1027
f 123/1028 125/1029 189/1030 188/700
f 932/1031 933/1032 939/1033 938/722
f 1070/1034 1123/479 1152/481 1093/931
f 1185/758 1143/88 1232/91 1274/490
f 853/1035 609/1036 611/1037 868/1038
f 829/267 1006/32 983/1039 830/1040
f 855/1041 1023/1042 1005/1043 856/1044
f 315/1045 496/412 515/415 438/1046
f 1156/1047 1238/618 1240/621 1157/1048
f 89/1049 120/1050 186/1051 149/1052
f 582/711 706/773 708/772 583/1053
f 713/369 715/1054 803/1055 781/370
f 1079/585 1099/938 1012/1056 993/586
f 1193/523 1128/1057 1129/1058 1195/524
f 860/704 861/565 763/1059 761/1060
f 1290/663 1289/662 1311/1061 1310/892
f 284/1062 285/1063 182/1064 181/1065
f 953/251 774/80 775/83 954/1066
f 711/368 558/1067 559/1068 713/369
f 131/910 196/1069 271/1070 229/911
f 962/1071 1000/555 1102/557 1086/808
f 797/1072 691/1073 694/1074 776/255
f 790/356 661/355 663/730 767/1075
f 842/786 843/1076 751/1077 750/362
f 677/933 679/1078 571/1079 564/934
f 552/377 553/1080 687/82 685/81
f 177/1012 42/696 141/577 221/576
f 1265/543 1227/1081 1224/1082 1218/1083
f 1014/598 1015/912 844/913 843/1076
f 692/1084 745/1085 746/1086 693/1087
f 33/428 87/427 145/606 58/1088
f 612/743 614/1089 373/1090 368/744
f 342/732 343/454 533/455 532/733
f 580/1091 589/1092 512/1093 495/1094
f 230/1095 272/1096 197/1097 132/1098
f 490/1099 491/1100 312/1101 345/1102
f 40/1103 39/1104 35/314 36/313
f 1280/1105 1287/1106 1309/1107 1306/1108
f 1101/467 1117/75 1015/912 1014/598
f 836/649 1010/648 988/1109 837/172
f 640/724 942/723 947/1110 643/1111
f 165/841 101/1112 103/527 167/526
f 697/1113 536/1114 555/550 699/549
f 823/1115 825/1116 1039/1117 1030/1118
f 645/1119 646/1120 509/1121 523/1122
f 338/1123 429/602 547/605 528/1124
f 435/1125 349/1126 248/1127 272/1128
f 901/1129 902/382 909/151 908/1130
f 227/882 228/851 161/1131 160/883
f 1203/1132 1251/1133 1170/466 1136/1134
f 900/548 907/1135 913/1136 906/282
f 452/330 445/329 453/14 463/13
f 974/511 787/589 788/1137 975/1138
f 511/1139 527/728 661/355 659/354
f 1201/204 1243/1140 1160/1141 1134/1142
f 899/1027 617/1143 618/895 904/894
f 726/1144 728/433 848/1145 805/1146
f 1186/1147 1122/1148 1113/1149 1147/1150
f 676/191 758/1151 759/1152 677/933
f 1067/1153 980/553 950/456 1043/1154
f 213/145 149/1052 238/1155 264/725
f 442/634 305/633 450/783 460/1156
f 1002/1157 864/1158 849/1159 1019/978
f 514/672 592/671 581/1160 496/1161
f 1012/1056 959/1162 816/673 840/1163
f 419/792 420/1164 638/1165 637/793
f 356/227 255/270 277/944 440/943
f 152/187 187/1166 153/1167 122/188
f 592/671 700/1168 702/1169 581/1160
f 470/1170 565/24 566/627 471/567
f 499/1171 585/572 586/575 500/1172
f 1317/1173 1319/1174 1298/18 1296/544
f 548/1175 561/387 466/349 458/1004
f 1210/1176 1103/980 1088/1177 1179/1178
f 783/1179 602/1180 604/819 809/818
f 140/1181 64/1182 40/1103 111/1183
f 576/824 577/1184 492/1185 491/1100
f 1019/978 849/1159 806/1186 1001/979
f 709/93 539/885 558/1067 711/368
f 376/914 382/1187 384/156 377/155
f 70/1188 49/1189 47/1190 68/1191
f 1315/1192 1317/1173 1296/544 1294/277
f 481/1193 511/1194 659/1195 658/1196
f 807/1197 783/1198 808/195 850/194
f 1065/889 979/888 948/1199 1041/1200
f 10/344 12/1201 29/170 27/169
f 664/1202 667/1203 529/1204 484/1205
f 988/1109 1075/1206 1076/739 990/1207
f 554/1208 536/1114 697/1113 694/1074
f 601/1209 603/482 451/485 461/1210
f 606/1211 882/297 883/879 608/878
f 14/1212 15/1213 32/517 31/518
f 1030/1214 1039/1215 1283/1216 1228/1217
f 692/1084 693/1087 580/1091 579/1218
f 821/658 654/657 656/1219 823/1220
f 1211/1221 1282/1222 1258/661 1259/664
f 76/1223 83/1224 81/683 75/1225
f 411/1226 417/112 418/115 412/984
f 196/1069 163/1227 249/693 271/1070
f 695/1228 732/782 733/847 696/1229
f 908/1130 909/151 915/154 914/1230
f 997/138 998/137 1084/898 1083/263
f 1284/307 1305/529 1279/532 1253/73
f 70/1188 75/1225 51/1231 49/1189
f 756/1232 855/1041 856/1044 757/1233
f 135/715 198/714 164/487 100/486
f 113/1234 114/1235 279/1236 278/1237
f 926/253 927/252 934/1238 933/1032
f 546/1239 528/1240 666/1241 665/1242
f 847/358 862/175 1018/178 1027/359
f 310/1243 311/996 226/536 225/535
f 92/1244 123/1028 188/700 155/699
f 681/508 738/507 739/475 683/1245
f 433/132 347/628 534/631 553/133
f 348/1246 314/1247 230/1248 247/1249
f 785/588 644/987 647/1250 787/589
f 1049/470 955/254 992/257 1078/939
f 301/1251 309/1252 224/848 215/617
f 579/1218 580/1091 495/1094 494/1253
f 1304/953 1307/1254 1273/1255 1231/830
f 1171/1256 1206/1257 1278/305 1252/1258
f 469/835 588/21 565/24 470/1170
f 591/670 698/1259 700/1168 592/671
f 278/1237 280/1260 142/1261 113/1234
f 1053/937 1082/950 996/206 959/1162
f 629/1262 925/1263 932/1031 632/1264
f 324/1265 326/1266 37/1267 287/1268
f 737/506 830/1040 831/1269 738/507
f 1191/1270 1125/1271 1154/1272 1237/619
f 292/1273 177/1012 221/576 304/1274
f 220/1275 111/1183 66/1011 203/1010
f 735/407 747/1276 702/1277 700/1278
f 1026/902 1034/360 1173/1279 1139/373
f 679/1078 681/1280 572/418 571/1079
f 614/1281 894/1282 901/1129 616/1283
f 512/1093 535/1284 349/1126 435/1125
f 779/1285 801/95 997/138 960/1286
f 258/579 204/578 286/108 305/633
f 925/1263 926/253 933/1032 932/1031
f 445/329 363/496 364/159 453/14
f 600/1287 807/1197 850/194 601/904
f 1232/1288 1145/1289 1122/1148 1186/1147
f 672/759 756/995 757/1290 674/190
f 187/1166 156/538 91/1291 153/1167
f 355/136 254/135 255/270 356/227
f 724/1292 726/1144 805/1146 762/999
f 776/255 694/1074 697/1113 799/256
f 1135/225 1161/333 1244/335 1202/203
f 461/1293 451/1294 462/929 507/928
f 1100/949 1085/597 999/599 1013/207
f 176/1295 291/1296 293/566 178/1297
f 882/297 876/288 884/1298 883/879
f 256/1299 357/1300 317/1301 233/1302
f 125/1029 94/123 158/223 189/1030
f 44/858 19/342 21/571 46/859
f 1272/581 1109/886 1065/889 1141/582
f 1142/757 1111/1303 1112/89 1143/88
f 171/268 105/449 107/1304 173/269
f 1313/893 1315/1192 1294/277 1292/276
f 1264/1305 1266/1306 1297/812 1295/321
f 162/713 248/1307 273/906 198/714
f 365/1308 368/799 370/802 366/1309
f 395/410 406/240 407/97 396/96
f 205/871 206/870 330/687 329/686
f 91/1291 93/727 92/1244 90/1310
f 1277/308 1284/307 1253/73 1205/72
f 1168/948 1136/1134 1085/597 1100/949
f 946/1311 943/1312 1213/1313 1218/1083
f 374/179 383/181 378/1314 447/981
f 867/287 853/1315 868/1316 877/1317
f 810/346 1020/1318 1021/1319 811/347
f 636/1320 640/826 421/829 417/1321
f 427/983 428/982 546/1322 545/1323
f 1310/892 1311/1061 1324/803 1313/893
f 59/426 118/440 146/143 87/427
f 768/1324 665/1242 666/1241 791/1325
f 1271/836 1283/839 1229/1326 1269/20
f 856/1044 1005/1043 1024/29 857/266
f 476/16 464/15 609/1327 607/1328
f 375/801 381/1329 382/1187 376/914
f 1011/1330 1098/741 1050/817 956/641
f 122/188 153/1167 151/1331 120/1050
f 1254/1332 1280/1105 1306/1108 1285/306
f 755/1333 597/1334 599/1335 766/1336
f 555/1337 437/695 352/1338 537/1339
f 510/971 526/1340 335/1341 298/1342
f 1081/1020 1054/262 1116/265 1163/1343
f 1080/233 1081/1020 1163/1343 1161/234
f 540/521 358/494 320/1344 541/1345
f 734/408 735/407 700/1278 698/1346
f 276/39 217/528 171/268 254/135
f 1286/531 1288/1347 1174/755 1172/754
f 632/1264 932/1031 938/722 636/721
f 139/845 218/67 219/472 110/471
f 471/567 566/627 568/183 472/182
f 277/944 201/1348 175/1349 257/492
f 574/877 575/1350 490/1351 489/290
f 508/927 476/16 607/1328 604/1352
f 1257/1353 1057/1354 1059/69 1209/68
f 497/1355 583/1053 584/218 498/760
f 895/1356 878/1357 899/1358 904/1359
f 516/231 582/711 583/1053 497/1355
f 736/675 748/674 706/1360 704/1361
f 168/447 216/404 170/104 104/448
f 923/201 627/200 628/1362 924/1363
f 993/586 1012/1056 840/1163 815/406
f 938/722 939/1033 943/1312 942/723
f 935/1364 936/1365 969/1366 967/1367
f 238/1155 265/1368 429/602 338/1123
f 502/1369 292/1273 304/1274 503/751
f 699/549 701/552 800/1370 777/1371
f 1063/1372 1178/1373 1176/1374 1061/1375
f 136/1376 135/715 100/486 101/1112
f 1056/1377 1256/1378 1208/775 1058/774
f 1001/1379 806/1380 765/1381 964/1382
f 709/93 711/368 780/371 802/94
f 1234/480 1233/12 1235/1383 1236/865
f 195/392 132/1098 62/54 130/53
f 316/47 497/1355 498/760 357/1300
f 158/223 159/222 244/1009 242/1008
f 172/107 232/106 256/955 200/129
f 1281/1384 1210/1176 1179/1178 1288/1347
f 775/83 687/82 691/1073 797/1072
f 244/1009 269/167 432/131 343/454
f 688/1014 742/891 743/1385 689/1386
f 802/94 780/371 961/1387 998/137
f 1007/1388 1093/931 1094/932 1008/1389
f 381/1329 388/1390 389/409 382/1187
f 868/1038 611/1037 613/1025 878/1024
f 521/1391 522/1392 644/987 642/986
f 1224/1082 978/1393 879/1394 1226/541
f 153/1167 91/1291 90/1310 151/1331
f 657/383 824/1395 826/1396 660/384
f 831/1269 1007/1388 1008/1389 832/476
f 103/527 102/488 168/447 169/446
f 317/1397 499/1171 500/1172 318/1398
f 1279/532 1286/531 1172/754 1138/690
f 107/1304 106/128 137/130 138/1399
f 884/1298 885/1400 888/501 887/1401
f 553/1402 534/1403 691/1404 687/1405
f 46/859 21/571 23/101 48/100
f 1134/1142 1160/1141 1079/585 1051/584
f 306/1406 477/1407 465/1408 334/1409
f 655/460 822/1410 824/1395 657/383
f 705/1411 557/1412 538/1413 707/1414
f 328/1415 327/925 69/856 71/1416
f 464/15 454/1417 611/1418 609/1327
f 928/318 929/942 965/1419 966/1420
f 526/1340 652/922 653/1421 456/1422
f 1312/1423 1314/1424 1324/803 1311/1061
f 754/1425 760/1426 720/23 718/22
f 1004/1427 824/1428 822/1429 978/1393
f 722/1430 502/1369 503/751 567/750
f 728/433 729/436 874/1431 848/1145
f 412/984 418/115 326/1432 413/241
f 285/1433 283/1002 180/1001 182/1434
f 1195/524 1129/1058 1197/1435 1275/272
f 662/1436 827/1437 828/1438 664/1439
f 1034/360 1027/359 1120/1440 1173/1279
f 322/1441 359/1442 543/1443 505/1444
f 1040/681 827/680 826/1445 1031/1446
f 1174/755 1179/1178 1037/562 1035/703
f 886/880 887/1401 891/720 889/1447
f 695/1448 696/1449 590/1450 589/1092
f 178/1297 293/566 295/568 183/1451
f 799/256 777/1371 958/967 992/257
f 485/1452 486/1453 341/1454 309/1455
f 690/5 744/637 745/1456 692/6
f 117/1457 185/1458 88/1459 34/1460
f 1125/561 1046/560 1071/1016 1154/1461
f 493/1462 494/1253 348/1246 346/1463
f 550/1464 551/1465 678/259 675/534
f 653/1421 655/460 478/461 456/1422
f 1046/560 952/1466 984/1017 1071/1016
f 400/1467 401/116 626/119 625/1468
f 344/997 345/1469 245/2 243/1
f 701/552 703/1470 778/1471 800/1370
f 1083/263 1084/898 1169/899 1167/264
f 936/1472 634/1473 635/1474 937/1475
f 34/1460 88/1459 59/426 16/425
f 871/1476 1066/429 1032/432 872/1477
f 999/599 1014/598 843/1076 842/786
f 44/1478 45/1479 20/1480 19/1481
f 164/487 250/907 231/402 166/401
f 757/1233 856/1044 857/266 758/331
f 1308/530 1281/1384 1288/1347 1286/531
f 907/897 619/896 621/1482 913/1483
f 1190/866 1189/1484 1191/1270 1192/874
f 363/496 366/1309 367/160 364/159
f 451/1294 444/327 452/330 462/929
f 51/1231 75/1225 81/683 84/682
f 68/1191 45/1485 44/858 37/857
f 503/751 304/1274 321/632 473/752
f 124/726 126/1486 125/1029 123/1028
f 206/870 208/1487 332/1488 330/687
f 705/1489 707/92 801/95 779/1285
f 345/1102 312/1101 227/1490 245/1491
f 921/1492 625/1493 626/199 922/198
f 77/465 79/1494 208/1487 206/870
f 660/384 662/1436 483/1495 482/385
f 1120/1440 1087/1496 1140/1497 1207/1498
f 7/1499 24/1500 26/1501 9/1502
f 1077/1503 1051/584 957/587 991/642
f 703/1470 556/1504 557/1505 705/1489
f 520/445 508/927 604/1352 602/815
f 1273/1255 1230/1506 1142/757 1184/756
f 71/1416 69/856 48/100 50/103
f 645/1119 786/421 810/424 646/1120
f 467/350 468/489 301/1507 308/351
f 596/1508 598/1509 519/443 560/147
f 1140/1510 1064/1511 1089/977 1180/1512
f 420/1164 424/1513 639/1514 638/1165
f 564/934 571/1079 486/1453 485/1452
f 961/1387 962/1071 1086/808 1055/807
f 249/693 163/1227 199/840 274/694
f 1117/75 1118/74 1016/214 1015/912
f 1074/738 1127/737 1156/1047 1095/903
f 308/1515 301/1251 215/617 223/616
f 65/474 202/473 176/1516 41/855
f 1148/570 1188/302 1149/304 1123/479
f 616/1517 620/1518 387/1519 380/1520
f 80/797 334/1409 455/1521 78/464
f 525/1522 455/1523 649/1524 648/1525
f 614/1089 616/1517 380/1520 373/1090
f 664/1202 828/1526 792/1527 667/1203
f 47/1528 49/1529 24/1530 22/1531
f 88/1459 148/437 118/440 59/426
f 794/36 673/35 675/534 772/533
f 825/1532 658/1196 659/1195 812/1533
f 717/52 719/654 818/1534 804/1535
f 394/653 405/652 406/240 395/410
f 231/1536 315/1045 438/1046 275/1537
f 889/1447 891/720 896/379 894/1282
f 457/1538 458/1004 290/1005 237/1539
f 681/1280 683/875 573/419 572/418
f 380/1540 387/1541 388/1390 381/1329
f 804/1542 818/900 1026/902 1017/556
f 447/981 378/1314 615/1543 613/1544
f 897/380 898/547 905/281 903/381
f 188/700 189/1030 268/1545 267/701
f 373/800 380/1540 381/1329 375/801
f 226/536 243/1 190/4 157/537
f 677/933 759/1152 737/1546 679/1078
f 337/989 427/983 545/1323 527/1547
f 1137/1548 1171/1256 1252/1258 1204/1549
f 1009/238 1095/903 1096/1550 1010/648
f 183/1451 295/568 296/1551 259/1552
f 795/261 680/260 682/378 796/1553
f 302/958 469/835 470/1170 291/1296
f 1227/1081 1004/1427 978/1393 1224/1082
f 93/727 124/726 123/1028 92/1244
f 352/1338 251/842 252/38 353/37
f 1198/740 1276/271 1200/274 1133/816
f 275/1554 438/229 354/46 253/45
f 535/1555 590/784 591/785 513/1556
f 372/660 377/155 379/158 374/179
f 409/299 410/1557 631/1558 630/300
f 449/1559 339/1560 530/85 549/84
f 571/1079 572/418 487/420 486/1453
f 144/366 183/1561 259/1021 235/367
f 201/1348 138/1399 109/1562 175/1349
f 944/861 1215/860 1214/974 970/1563
f 523/1122 509/1121 297/1564 331/1565
f 54/57 29/170 31/518 56/44
f 500/1566 586/1567 587/834 501/833
f 930/1568 630/1569 631/1570 931/1571
f 863/564 964/1572 765/1573 764/1574
f 12/1201 14/1212 31/518 29/170
f 1230/583 1141/582 1111/1575 1142/1576
f 446/162 369/161 447/981 454/1417
f 745/174 838/173 839/781 746/780
f 719/654 721/1577 819/1578 818/1534
f 192/596 193/595 270/168 269/167
f 1217/768 1220/1579 1221/668 1216/769
f 1235/1580 1151/1581 1124/558 1189/1582
f 1094/932 1153/864 1126/736 1072/735
f 1082/950 1100/949 1013/207 996/206
f 524/1583 525/1584 648/1585 647/1250
f 270/168 229/911 347/628 433/132
f 462/929 452/330 463/13 476/16
f 1095/903 1156/1047 1157/1048 1096/1550
f 272/1096 248/1307 162/713 197/1097
f 1322/1586 1301/718 1302/1587 1323/1588
f 688/823 689/1589 577/1184 576/824
f 1102/557 1119/372 1254/375 1206/1590
f 382/1187 389/409 390/411 384/156
f 924/1363 628/1362 630/1569 930/1568
f 890/502 878/1357 895/1356 893/503
f 958/967 994/1018 1080/233 1052/232
f 1005/1043 1091/1591 1114/30 1024/29
f 1249/1592 1203/1132 1136/1134 1168/948
f 468/489 485/1452 309/1455 301/1507
f 247/391 230/1095 132/1098 195/392
f 1220/1593 1105/509 1107/512 1222/1594
f 404/651 411/1226 412/984 405/652
f 421/113 426/1595 425/1596 422/114
f 1214/974 1264/976 1262/1597 1212/1598
f 99/853 98/712 135/715 136/1376
f 402/117 403/298 628/301 627/118
f 581/413 702/1599 704/1600 593/414
f 563/192 564/934 485/1452 468/489
f 542/753 473/752 459/973 504/1601
f 1216/769 1221/668 1223/1602 1215/860
f 1250/611 1204/1549 1203/1132 1249/1592
f 1115/936 1166/947 1082/950 1053/937
f 632/1603 636/1320 417/1321 411/1604
f 491/1100 492/1185 313/1605 312/1101
f 911/284 912/283 918/941 917/317
f 967/1606 969/1607 1282/1608 1029/1609
f 937/1610 970/1563 969/1366 936/1365
f 1211/1221 1213/1313 943/1312 968/1611
f 1044/1612 880/459 981/747 1068/746
f 1017/556 1026/902 1139/373 1119/372
f 1248/612 1250/611 1249/1592 1247/1613
f 778/1471 779/1285 960/1286 995/1019
f 1307/1614 1303/580 1230/583 1273/1615
f 495/1616 512/1617 435/1618 314/1619
f 1252/1258 1278/305 1277/308 1251/1133
f 586/1567 714/1620 716/1621 587/834
f 742/891 835/239 836/649 743/1385
f 1309/1107 1255/1622 1281/1384 1308/530
f 620/1518 622/1623 393/1624 387/1519
f 385/157 391/698 398/77 392/76
f 933/1032 934/1238 968/1611 939/1033
f 64/1182 63/846 39/1104 40/1103
f 558/1625 440/943 441/491 559/520
f 729/1626 731/1627 864/1628 874/1629
f 387/1541 393/650 394/653 388/1390
f 713/1630 559/1631 540/50 715/49
f 1316/322 1295/321 1297/812 1318/811
f 161/1131 194/393 128/930 97/121
f 941/1632 638/1633 639/1634 945/1635
f 612/1636 889/1447 894/1282 614/1281
f 300/1637 308/1515 223/616 222/964
f 684/1638 740/478 741/890 686/1013
f 267/701 268/1545 431/731 430/293
f 1321/806 1323/805 1302/1639 1300/19
f 1090/832 1144/831 1146/1640 1091/1591
f 453/14 446/162 454/1417 464/15
f 573/419 574/877 489/290 488/289
f 760/1641 761/1060 723/1642 720/1643
f 1064/1511 1002/1157 1019/978 1089/977
f 455/1644 465/1645 651/656 649/873
f 194/393 195/392 130/53 128/930
f 539/228 356/227 440/943 558/1625
f 53/1646 51/1231 84/682 86/779
f 954/1066 775/83 797/1072 989/469
f 832/476 1008/1389 986/954 833/477
f 1113/10 1044/1647 1068/1648 1150/11
f 803/1055 804/1542 1017/556 1000/555
f 1152/481 1234/480 1236/865 1153/864
f 312/1649 313/849 228/851 227/882
f 606/795 608/1650 362/1651 361/796
f 1047/141 953/251 954/1066 1048/1652
f 90/1310 92/1244 155/699 154/248
f 598/918 782/917 807/1197 600/1287
f 129/56 61/55 131/910 193/595
f 984/1017 795/261 796/1553 985/250
f 332/1488 333/1653 525/1654 524/1655
f 1006/32 1092/31 1070/1034 983/1039
f 766/1336 599/1335 602/1180 783/1179
f 486/1656 487/1657 310/1658 341/1659
f 341/1659 310/1658 225/1660 241/1661
f 1187/569 1274/490 1188/302 1148/570
f 428/1662 338/1663 528/1240 546/1239
f 1154/1461 1071/1016 1073/140 1155/139
f 351/624 514/672 496/1161 315/1664
f 252/38 167/526 217/528 276/39
f 960/1286 997/138 1083/263 1054/262
f 174/844 233/64 218/67 139/845
f 966/1420 1029/1665 1282/1222 968/1611
f 1291/1666 1312/1423 1311/1061 1289/662
f 197/1097 162/713 98/712 134/852
f 156/538 157/537 93/727 91/1291
f 948/1199 767/1075 768/1667 949/1668
f 902/382 903/381 910/152 909/151
f 840/1163 816/673 736/675 747/1276
f 959/1162 996/206 817/209 816/673
f 255/270 173/269 201/1348 277/944
f 1196/525 1195/524 1275/272 1276/271
f 71/1416 50/103 52/59 72/798
f 796/1553 682/378 685/81 774/80
f 1197/1669 1097/468 1049/470 1132/1670
f 566/627 723/626 725/339 568/183
f 767/1075 663/730 665/1671 768/1667
f 159/222 192/596 269/167 244/1009
f 116/1672 456/1673 448/1674 83/1224
f 68/1675 326/1266 422/994 70/993
f 1003/1676 976/1677 854/1678 821/1679
f 1136/1134 1170/466 1101/467 1085/597
f 1302/1587 1301/718 1270/717 1271/1680
f 97/121 128/930 127/594 96/122
f 951/1681 772/533 773/258 952/1466
f 133/854 99/853 163/1227 196/1069
f 575/825 576/824 491/1100 490/1099
f 509/972 510/971 298/1342 297/1682
f 282/1683 284/1062 181/1065 179/1684
f 1020/1318 1106/945 1108/946 1021/1319
f 397/99 408/98 400/1467 399/279
f 264/725 238/1155 338/1123 428/982
f 149/1052 186/1051 265/1368 238/1155
f 1164/212 1247/1613 1166/947 1115/936
f 844/913 845/217 753/395 752/394
f 982/748 794/36 772/533 951/1681
f 295/568 472/182 474/185 296/1551
f 137/130 200/129 174/844 108/843
f 1319/1174 1321/806 1300/19 1298/18
f 1267/17 1229/1326 1227/1081 1265/543
f 986/954 1072/735 1074/738 987/237
f 207/312 209/311 116/1672 115/1685
f 132/1098 197/1097 134/852 62/54
f 912/283 919/1686 920/965 918/941
f 359/1442 443/1687 570/1688 543/1443
f 290/1689 300/1637 222/964 185/1458
f 667/706 669/709 548/1175 529/1690
f 191/3 160/883 95/120 126/1486
f 989/469 797/1072 776/255 955/254
f 1285/306 1306/1108 1305/529 1284/307
f 1306/1108 1309/1107 1308/530 1305/529
f 724/1292 567/1691 542/1692 726/1144
f 79/1693 78/1694 455/1695 208/1696
f 1146/1640 1185/758 1274/490 1187/569
f 101/1112 100/486 102/488 103/527
f 1163/334 1116/814 1165/211 1246/210
f 408/98 323/1697 325/924 414/923
f 1139/373 1173/1279 1287/1698 1280/374
f 947/1110 946/1311 1218/1083 1219/540
f 985/250 796/1553 774/80 953/251
f 858/216 859/705 760/1641 754/1699
f 766/1700 783/1198 807/1197 782/917
f 299/990 337/989 527/1547 511/1701
f 45/1479 47/1528 22/1531 20/1480
f 1258/661 1260/1702 1291/1666 1289/662
f 268/1545 242/1008 342/732 431/731
f 798/643 814/405 734/408 733/847
f 41/855 176/1516 178/1703 43/1704
f 729/1626 460/1705 475/1706 731/1627
f 1087/1496 1028/762 1064/765 1140/1497
f 82/58 306/1406 334/1409 80/797
f 929/942 935/1364 967/1367 965/1419
f 949/1668 768/1667 791/554 980/553
f 780/371 781/370 962/1071 961/1387
f 920/453 624/452 625/1493 921/1492
f 115/1685 116/1672 83/1224 76/1223
f 465/1645 477/1707 654/657 651/656
f 669/709 672/759 561/387 548/1175
f 189/1030 158/223 242/1008 268/1545
f 357/1300 498/760 499/761 317/1301
f 517/615 303/614 292/1708 518/1709
f 407/97 324/242 323/1697 408/98
f 1041/1200 948/1199 949/1668 1042/1710
f 109/1562 108/843 63/846 64/1182
f 1099/938 1053/937 959/1162 1012/1056
f 1018/178 963/177 1028/762 1087/1496
f 494/1253 495/1094 314/1247 348/1246
f 820/821 607/820 609/1036 853/1035
f 66/1011 36/313 18/316 42/696
f 719/654 517/615 518/1709 721/1577
f 241/1711 225/535 156/538 187/1166
f 1192/874 1191/1270 1237/619 1238/618
f 837/172 988/1109 990/1207 838/173
f 330/687 332/1488 524/1655 522/688
f 1262/1712 1264/1305 1295/321 1293/320
f 534/1713 554/1208 694/1074 691/1073
f 147/144 89/1049 149/1052 213/145
f 325/924 287/1714 37/857 327/925
f 102/488 166/401 216/404 168/447
f 1/27 13/1715 15/1213 14/1212
f 437/695 274/694 251/842 352/1338
f 650/919 652/922 526/1340 510/971
f 761/1716 763/336 725/339 723/626
f 537/1339 352/1338 353/37 556/1717
f 1237/619 1154/1272 1155/1718 1239/620
f 598/1509 600/1719 506/444 519/443
f 927/252 928/318 966/1420 934/1238
f 697/1113 699/549 777/1371 799/256
f 547/1720 549/84 670/87 668/1721
f 940/1722 637/1723 638/1633 941/1632
f 366/1309 370/802 371/659 367/160
f 126/1486 95/120 94/123 125/1029
f 454/1417 447/981 613/1544 611/1418
f 403/298 402/117 408/98 410/1557
f 426/828 76/1724 75/992 425/991
f 1266/975 1215/860 1223/1602 1225/1725
f 58/1088 145/606 236/608 210/988
f 743/1385 836/649 837/172 744/171
f 701/552 537/551 556/1504 703/1470
f 689/635 690/5 578/8 577/398
f 1032/432 1121/431 1090/832 1023/1042
f 1075/1206 1130/545 1131/546 1076/739
f 995/1019 960/1286 1054/262 1081/1020
f 815/406 840/1163 747/1276 735/407
f 1251/1133 1277/308 1205/72 1170/466
f 963/177 874/1431 881/763 1028/762
f 50/103 25/102 27/169 52/59
f 998/137 961/1387 1055/807 1084/898
f 39/1104 110/471 65/474 35/314
f 237/1726 290/1689 185/1458 117/1457
f 151/1331 90/1310 154/248 214/247
f 11/1727 28/326 30/325 13/1728
f 1151/1581 1069/749 1045/559 1124/558
f 414/923 415/926 634/1729 633/1730
f 1212/1598 1260/1702 1258/661 1282/1222
f 1229/1326 1031/1446 1004/1427 1227/1081
f 593/710 704/1731 706/773 582/711
f 536/639 350/638 437/695 555/1337
f 1091/1591 1146/1640 1187/569 1114/30
f 114/1732 143/1733 281/1734 279/1735
f 587/834 716/1621 718/22 588/21
f 1060/1736 1175/1737 1177/1738 1062/1739
f 119/439 60/189 89/1049 147/144
f 229/911 271/1070 434/629 347/628
f 545/729 546/1740 665/1671 663/730
f 1213/1313 1263/278 1265/543 1218/1083
f 981/747 793/33 794/36 982/748
f 616/1283 901/1129 908/1130 620/1741
f 1259/664 1290/663 1292/276 1261/275
f 1133/816 1200/274 1241/205 1158/1742
f 715/1054 717/1743 804/1542 803/1055
f 280/1260 282/1744 179/1745 142/1261
f 160/883 161/1131 97/121 95/120
f 250/625 351/624 315/1664 231/1746
f 1219/540 1218/1083 1224/1082 1226/541
f 163/1227 99/853 136/1376 199/840
f 532/1747 533/376 682/378 680/260
f 87/427 146/143 212/146 145/606
f 358/494 234/493 220/1275 320/1344
f 67/441 43/1704 183/1561 144/366
f 60/189 122/188 120/1050 89/1049
f 1179/1178 1088/1177 1038/563 1037/562
f 5/1748 22/1531 24/1530 7/1749
f 304/1274 221/576 258/579 321/632
f 190/4 191/3 126/1486 124/726
f 354/46 516/231 497/1355 316/47
f 906/282 913/1136 919/1686 912/283
f 759/332 829/267 830/1040 737/506
f 13/1728 30/325 32/968 15/1750
f 956/641 1050/817 1077/1503 991/642
f 1045/559 951/1681 952/1466 1046/560
f 232/106 316/1751 357/1752 256/955
f 852/286 820/498 853/1315 867/287
f 120/1050 151/1331 214/247 186/1051
f 217/528 169/446 105/449 171/268
f 1189/1484 1124/1753 1125/1271 1191/1270
f 861/565 863/564 764/1574 763/1059
f 474/185 569/184 570/677 443/1754
f 218/67 318/66 319/1755 219/472
f 185/1458 222/964 148/437 88/1459
f 415/926 416/791 635/794 634/1729
f 747/1756 736/1757 704/1600 702/1599
f 620/1741 908/1130 914/1230 622/1758
f 787/589 647/1250 648/1585 788/1137
f 1165/211 1248/612 1247/1613 1164/212
f 935/1759 633/1760 634/1473 936/1472
f 653/1421 870/1761 822/1410 655/460
f 173/269 107/1304 138/1399 201/1348
f 721/1577 722/1762 846/1763 819/1578
f 693/1087 695/1448 589/1092 580/1091
f 234/493 140/1181 111/1183 220/1275
f 1145/1289 1067/1153 1043/1154 1122/1148
f 1243/1140 1245/213 1162/935 1160/1141
f 260/109 235/367 359/1023 322/110
f 1213/1313 1211/1221 1261/275 1263/278
f 479/1764 481/1765 658/1766 656/1219
f 423/1767 328/1415 71/1416 72/798
f 851/196 820/498 852/286 866/285
f 1268/1768 1266/975 1225/1725 1228/838
f 1275/272 1197/1435 1132/1769 1199/273
f 9/1770 26/909 28/326 11/1727
f 4/25 6/28 23/101 21/571
f 872/1477 1032/432 1023/1042 855/1041
f 346/850 348/1771 247/391 246/390
f 1244/335 1246/210 1245/213 1243/1140
f 49/1772 51/908 26/909 24/1773
f 1158/1742 1134/1142 1051/584 1077/1503
f 154/248 155/699 240/125 239/124
f 887/1401 888/501 892/504 891/720
f 788/1774 648/1525 649/1524 869/1775
f 583/1053 708/772 710/219 584/218
f 1217/1776 1104/868 1105/509 1220/1593
f 1127/737 1192/874 1238/618 1156/1047
f 1042/1710 949/1668 980/553 1067/1153
f 175/1349 109/1562 64/1182 140/1181
f 753/395 754/1699 718/1777 716/396
f 1320/813 1299/719 1301/718 1322/1586
f 307/685 336/684 478/1778 480/1779
f 1231/830 1273/1255 1184/756 1144/831
f 1199/273 1132/1769 1159/224 1242/202
f 410/1557 414/923 633/1730 631/1558
f 1241/205 1201/204 1134/1142 1158/1742
f 674/190 757/1290 758/1151 676/191
f 817/209 841/208 749/361 748/674
f 1022/887 812/353 790/356 979/888
f 309/1252 341/1780 241/1711 224/848
f 839/781 1011/1330 956/641 813/640
f 1202/203 1244/335 1243/1140 1201/204
f 291/1296 470/1170 471/567 293/566
f 1048/1652 954/1066 989/469 1097/468
f 622/1758 914/1230 925/1263 629/1262
f 61/55 133/854 196/1069 131/910
f 1132/1670 1049/470 1078/939 1159/940
f 320/1344 220/1275 203/1010 303/1781
f 777/1371 800/1370 994/1018 958/967
f 105/449 104/448 106/128 107/1304
f 416/791 415/926 327/925 328/1415
f 224/848 241/1711 187/1166 152/187
f 556/1717 353/37 439/40 557/1015
f 228/851 246/390 194/393 161/1131
f 603/905 865/197 875/296 605/1782
f 914/1230 915/154 926/253 925/1263
f 903/381 905/281 911/284 910/152
f 726/1144 542/1692 504/434 728/433
f 477/1707 479/1764 656/1219 654/657
f 1031/1446 1229/1326 1283/839 1040/681
f 684/876 686/1783 575/1350 574/877
f 1131/546 1196/525 1276/271 1198/740
f 1173/1279 1120/1440 1207/1498 1287/1698
f 371/659 376/914 377/155 372/660
f 1092/31 1148/570 1123/479 1070/1034
f 1103/980 1001/979 964/1572 1088/1177
f 781/370 803/1055 1000/555 962/1071
f 289/516 262/1784 38/1785 86/513
f 1111/1575 1041/1200 1042/1710 1112/1786
f 770/1787 872/1477 855/1041 756/1232
f 910/152 911/284 917/317 916/153
f 1069/749 982/748 951/1681 1045/559
f 391/698 397/99 399/279 398/77
f 384/156 390/411 391/698 385/157
f 877/1317 868/1316 878/1357 890/502
f 605/1782 875/296 882/297 606/1211
f 1233/12 1150/11 1151/1788 1235/1383
f 1157/1048 1240/621 1194/522 1130/545
f 823/1220 656/1219 658/1766 825/1789
f 1182/542 1226/541 879/1394 870/1790
f 792/1791 871/1476 872/1477 770/1787
f 1096/1550 1157/1048 1130/545 1075/1206
f 1200/274 1199/273 1242/202 1241/205
f 589/1092 590/1450 535/1284 512/1093
f 1062/1792 1177/1793 1178/1794 1063/1795
f 622/1623 629/1796 404/1797 393/1624
f 1129/1798 1048/1652 1097/468 1197/1669
f 1030/1118 1003/1676 821/1679 823/1115
f 893/503 895/1356 900/548 898/547
f 202/959 302/958 291/1296 176/1295
f 762/999 805/1146 862/175 847/358
f 506/444 461/1293 507/928 520/445
f 150/438 121/186 60/189 119/439
f 578/8 579/7 494/1799 493/399
f 1204/1549 1252/1258 1251/1133 1203/1132
f 216/404 275/403 253/105 170/104
f 388/1390 394/653 395/410 389/409
f 693/1087 746/1086 732/1800 695/1448
f 271/1070 249/693 350/638 434/629
f 791/554 666/166 668/165 769/457
f 1031/1446 826/1445 824/1428 1004/1427
f 266/249 239/124 339/127 449/603
f 1128/142 1047/141 1048/1652 1129/1798
f 360/111 322/110 505/1801 475/1802
f 318/1803 500/1566 501/833 319/957
f 379/158 385/157 392/76 386/180
f 865/197 851/196 866/285 875/296
f 138/1399 137/130 108/843 109/1562
f 1160/1141 1162/935 1099/938 1079/585
f 1023/1042 1090/832 1091/1591 1005/1043
f 1086/808 1102/557 1206/1590 1171/809
f 314/1804 435/1805 272/1096 230/1095
f 1225/1806 1223/60 976/63 1003/1807
f 1122/1148 1043/1154 1044/1612 1113/1149
f 436/623 513/669 514/672 351/624
f 22/1531 5/1748 2/1808 20/1480
f 251/842 165/841 167/526 252/38
f 662/1436 664/1439 484/1809 483/1495
f 703/1470 705/1489 779/1285 778/1471
f 771/788 670/87 671/86 793/789
f 17/315 41/855 43/1704 67/441
f 721/1577 518/1709 502/1810 722/1762
f 257/492 175/1349 140/1181 234/493
f 1169/610 1137/1548 1204/1549 1250/611
f 73/463 72/798 80/797 78/464
f 522/1392 524/1583 647/1250 644/987
f 1302/1639 1271/836 1269/20 1300/19
f 1010/648 1096/1550 1075/1206 988/1109
f 319/957 501/833 469/835 302/958
f 937/1475 635/1474 637/1723 940/1722
f 236/608 263/607 427/983 337/989
f 683/875 739/1811 740/1812 684/876
f 830/1040 983/1039 1007/1388 831/1269
f 1206/1257 1254/1332 1285/306 1278/305
f 1138/690 1172/754 1033/702 1025/215
f 769/457 668/165 670/1813 771/458
f 971/869 784/985 785/588 972/510
f 349/1814 535/1555 513/1556 436/1815
f 751/1077 752/394 714/397 712/1816
f 883/879 884/1298 887/1401 886/880
f 1256/1817 1056/1818 1057/1354 1257/1353
f 942/723 943/1312 946/1311 947/1110
f 610/881 886/880 889/1447 612/1636
f 841/208 842/786 750/362 749/361
f 1008/1389 1094/932 1072/735 986/954
f 81/683 83/1224 448/1674 336/684
f 1245/213 1164/212 1115/936 1162/935
f 6/28 8/343 25/102 23/101
f 248/1307 349/1819 436/1820 273/906
f 843/1076 844/913 752/394 751/1077
f 885/1400 877/1317 890/502 888/501
f 303/1781 203/1010 177/1012 292/1273
f 1141/582 1065/889 1041/1200 1111/1575
f 362/495 365/1308 366/1309 363/496
f 913/1483 621/1482 623/451 919/450
f 800/1370 778/1471 995/1019 994/1018
f 957/587 993/586 815/406 814/405
f 979/888 790/356 767/1075 948/1199
f 529/1690 548/1175 458/1004 457/1538
f 265/1368 266/249 449/603 429/602
f 204/578 184/365 260/109 286/108
f 424/960 423/1821 72/1822 73/961
f 1236/865 1235/1383 1189/1484 1190/866
f 399/279 400/1467 625/1468 624/280
f 970/1823 1214/1824 1212/1825 969/1607
f 199/840 136/1376 101/1112 165/841
f 186/1051 214/247 266/249 265/1368
f 1312/1826 1291/1827 1293/320 1314/319
f 479/1828 288/600 261/601 481/1829
f 924/1830 931/1831 929/942 923/1832
f 1144/831 1184/756 1185/758 1146/1640
f 531/863 550/1464 675/534 673/35
f 1247/1613 1249/1592 1168/948 1166/947
f 1287/1106 1207/1833 1255/1622 1309/1107
f 1266/1306 1268/716 1299/719 1297/812
f 600/1719 601/1834 461/1293 506/444
f 845/217 858/216 754/1699 753/395
f 789/921 870/1761 653/1421 652/922
f 1035/703 1037/562 861/565 860/704
f 983/1039 1070/1034 1093/931 1007/1388
f 740/478 833/477 834/236 741/890
f 805/1146 848/1145 873/176 862/175
f 876/288 867/287 885/1400 884/1298
f 738/507 831/1269 832/476 739/475
f 63/846 139/845 110/471 39/1104
f 1043/1154 950/456 880/459 1044/1612
f 288/600 479/1828 477/1407 306/1406
f 489/1835 490/1099 345/1102 344/1836
f 990/1207 1076/739 1098/741 1011/1330
f 339/127 340/126 531/295 530/1837
f 895/1356 904/1359 907/1135 900/548
f 430/293 431/731 551/734 550/294
f 894/1282 896/379 902/382 901/1129
f 378/1314 383/181 618/417 617/1838
f 660/384 826/1396 827/1437 662/1436
f 952/1466 773/258 795/261 984/1017
f 1260/1839 1262/1712 1293/320 1291/1827
f 859/705 860/704 761/1060 760/1641
f 1027/359 1018/178 1087/1496 1120/1440
f 931/1571 631/1570 633/1760 935/1759
f 750/362 751/1077 712/1816 710/363
f 85/43 288/600 306/1406 82/58
f 289/691 307/685 480/1779 482/692
f 838/173 990/1207 1011/1330 839/781
f 111/1183 40/1103 36/313 66/1011
f 608/1650 610/742 365/745 362/1651
f 629/1796 632/1603 411/1604 404/1797
f 1180/1512 1089/977 1103/980 1210/1176
f 1240/621 1239/620 1193/523 1194/522
f 1228/1217 1225/1806 1003/1807 1030/1214
f 1050/817 1133/816 1158/1742 1077/1503
f 1150/1840 1068/746 1069/749 1151/1581
f 594/1841 597/1842 755/916 595/1843
f 1036/1844 1059/1845 1057/1846 1056/1847
f 870/1790 977/1848 1108/946 1182/542
f 112/442 67/441 114/1849 113/1850
f 1110/678 1040/681 1283/839 1039/1117
f 459/973 442/634 460/1156 504/1601
f 947/1851 1106/1852 973/422 643/827
f 67/441 144/366 143/1853 114/1849
f 1208/1854 1256/1855 1255/1622 1207/1833
f 941/1856 944/861 970/1563 940/1857
f 328/1415 423/1767 420/1164 419/792
f 279/1858 281/1859 294/1860 278/1861
f 641/1862 971/1863 945/1864 639/1865
f 284/1866 282/1867 294/1860 285/1868
f 1255/1622 1256/1855 1257/1869 1281/1384
f 722/998 567/1691 724/1292 762/999
f 211/1870 484/1205 457/1871 237/1872
f 873/176 848/1145 874/1431 963/177
f 1036/1844 1060/1736 1062/1739 1063/1873
f 871/1476 828/679 1110/678 1066/429
f 1209/1874 1210/1176 1281/1384 1257/1869
f 331/1565 207/1875 426/828 643/827
f 283/1876 285/1868 294/1860 281/1859
f 1036/1844 1063/1873 1061/1877 1059/1845
f 280/1878 278/1861 294/1860 282/1867
f 424/1879 329/1880 641/1862 639/1865
f 209/311 335/1881 456/1673 116/1672
f 1036/1844 1056/1847 1058/1882 1060/1736
f 560/147 597/150 594/1883 595/1884
f 38/42 262/645 211/644 261/601
f 112/442 113/1850 142/1885 141/577
f 53/1646 86/779 55/778
f 334/1409 465/1408 455/1521
f 825/1886 1022/887 1109/886
f 730/1887 806/1380 849/1888
f 867/287 877/1317 885/1400
f 864/1889 881/763 874/1431
f 1/27 5/697 7/1499
f 179/1890 181/1891 204/578
f 819/901 846/357 1034/360
f 37/857 69/856 327/925
f 974/511 975/1138 1107/512
f 335/1341 526/1340 456/1422
f 595/1843 755/916 596/915
f 641/1862 642/1892 784/1893
f 1140/1894 1177/1895 1175/1896
f 76/1724 426/828 115/1897
f 1316/322 1318/811 1324/1898
f 1/27 14/1212 12/1201
f 1319/1174 1324/803 1321/806
f 16/1899 211/1870 34/1900
f 287/1268 323/1901 324/1265
f 378/1314 617/1838 615/1543
f 364/159 446/162 453/14
f 1/27 10/344 8/343
f 507/928 508/927 520/445
f 182/1902 184/365 204/578
f 641/1862 784/1893 971/1863
f 1314/319 1316/322 1324/1898
f 789/921 977/952 870/1761
f 1176/1903 1180/1512 1210/1176
f 205/1904 329/1880 424/1879
f 143/1853 144/366 180/1905
f 792/1791 828/679 871/1476
f 1140/1510 1175/1906 1207/1833
f 45/1485 68/1191 47/1190
f 1110/1907 1304/1908 1183/1909
f 965/1910 967/1606 1029/1609
f 521/1911 642/1892 641/1862
f 259/1021 296/1912 443/1022
f 287/1714 325/924 323/1697
f 401/116 408/98 402/117
f 1140/1510 1180/1512 1178/1913
f 1313/893 1324/803 1315/1192
f 324/242 413/241 326/1432
f 947/1110 1181/539 1106/945
f 973/422 1106/1852 1020/423
f 475/1706 730/1887 731/1627
f 329/1880 521/1911 641/1862
f 46/859 48/100 69/856
f 825/1914 1109/1915 1110/1916
f 822/1429 879/1394 978/1393
f 947/1110 1219/540 1181/539
f 1109/1915 1272/1917 1110/1916
f 615/1026 617/1143 899/1027
f 209/1918 298/1342 335/1341
f 328/1415 419/792 416/791
f 33/1919 58/1920 211/1870
f 945/1864 971/1863 1104/1921
f 1228/838 1270/837 1268/1768
f 336/684 448/1674 478/1778
f 1220/1579 1222/665 1221/668
f 37/1267 326/1266 68/1675
f 1212/1598 1262/1597 1260/1702
f 788/1774 869/1775 975/1922
f 1110/678 1303/1923 1307/1254
f 181/1891 182/1902 204/578
f 180/1905 184/365 182/1902
f 822/1429 870/1790 879/1394
f 643/827 973/422 786/421
f 505/1444 543/1443 730/1887
f 141/577 142/1885 179/1890
f 934/1238 966/1420 968/1611
f 921/966 922/1924 929/942
f 1315/1192 1324/803 1317/1173
f 54/57 56/44 85/43
f 326/1432 418/115 422/114
f 333/1925 455/1523 525/1522
f 1320/813 1322/1586 1324/1898
f 77/465 78/464 79/1494
f 207/1875 331/1565 297/1564
f 863/564 1038/563 964/1572
f 523/1122 643/827 645/1119
f 115/1897 426/828 207/1875
f 937/1610 940/1857 970/1563
f 58/1920 210/1926 211/1870
f 1175/1906 1208/1854 1207/1833
f 1211/1221 1259/664 1261/275
f 977/1848 1021/1319 1108/946
f 1176/1903 1210/1176 1209/1874
f 812/353 1022/887 825/1886
f 924/1830 930/1927 931/1831
f 34/1900 211/1870 117/1928
f 1176/1903 1178/1913 1180/1512
f 1317/1173 1324/803 1319/1174
f 43/1704 178/1703 183/1561
f 730/1887 849/1888 864/1628
f 939/1033 968/1611 943/1312
f 457/1871 484/1205 529/1204
f 1110/678 1307/1254 1304/953
f 208/1487 333/1653 332/1488
f 730/1887 765/1381 806/1380
f 450/783 475/1802 460/1156
f 869/667 1107/666 975/1929
f 941/1856 945/766 944/861
f 643/827 786/421 645/1119
f 141/577 179/1890 204/578
f 1229/1326 1267/17 1269/20
f 968/1611 1282/1222 1211/1221
f 1/27 8/343 6/28
f 929/942 931/1831 935/1364
f 292/1708 502/1810 518/1709
f 1174/755 1288/1347 1179/1178
f 208/1487 455/1521 333/1653
f 1110/1916 1272/1917 1303/1930
f 408/98 414/923 410/1557
f 922/1924 923/1832 929/942
f 825/1116 1110/678 1039/1117
f 783/1198 809/497 808/195
f 965/1419 1029/1665 966/1420
f 543/1443 570/1688 730/1887
f 296/1551 474/185 443/1754
f 969/1607 1212/1825 1282/1608
f 1140/1510 1178/1913 1177/1931
f 730/1887 864/1628 731/1627
f 16/1899 33/1919 211/1870
f 755/916 766/1700 782/917
f 519/443 544/148 560/147
f 1318/811 1320/813 1324/1898
f 560/147 595/1884 596/1508
f 117/1928 211/1870 237/1872
f 1/27 11/1932 13/1715
f 964/1572 1038/563 1088/1177
f 210/1926 481/1933 211/1870
f 420/1164 423/1767 424/1513
f 360/111 475/1802 450/783
f 210/988 299/990 481/1934
f 400/1467 408/98 401/116
f 1/27 7/1499 9/1502
f 1066/1935 1110/1907 1183/1909
f 854/1678 976/1677 869/667
f 211/644 481/1829 261/601
f 144/366 184/365 180/1905
f 299/990 511/1701 481/1934
f 331/1565 643/827 523/1122
f 448/1674 456/1673 478/1778
f 475/1706 505/1444 730/1887
f 403/298 410/1557 409/299
f 864/1889 1002/764 881/763
f 1/27 12/1201 10/344
f 1/27 9/1502 11/1932
